experiment_id,model,state_dim,action_dim,solver,repeat,seed,discount,epsilon,runtime,residual,error_bound,status,error
e72fcaca-ffc0-4ddc-9839-2aa1ec512b86,20_2_access_control,20,2,mdptoolbox_vi,1,0,0.99,0.001,0.0036611000541597605,3.4025475770249614e-08,3.4025475770249584e-06,success,
e72fcaca-ffc0-4ddc-9839-2aa1ec512b86,20_2_access_control,20,2,mdptoolbox_vi,2,1,0.99,0.001,0.0036005000583827496,3.4025475770249614e-08,3.4025475770249584e-06,success,
e72fcaca-ffc0-4ddc-9839-2aa1ec512b86,20_2_access_control,20,2,mdptoolbox_vi,3,2,0.99,0.001,0.0037406999617815018,3.4025475770249614e-08,3.4025475770249584e-06,success,
e72fcaca-ffc0-4ddc-9839-2aa1ec512b86,20_2_access_control,20,2,mdptoolbox_vigs,1,0,0.99,0.001,0.02916410006582737,1.4584872758405254e-06,0.0001458487275840524,success,
e72fcaca-ffc0-4ddc-9839-2aa1ec512b86,20_2_access_control,20,2,mdptoolbox_vigs,2,1,0.99,0.001,0.02862589992582798,1.4584872758405254e-06,0.0001458487275840524,success,
e72fcaca-ffc0-4ddc-9839-2aa1ec512b86,20_2_access_control,20,2,mdptoolbox_vigs,3,2,0.99,0.001,0.029002700001001358,1.4584872758405254e-06,0.0001458487275840524,success,
e72fcaca-ffc0-4ddc-9839-2aa1ec512b86,20_2_access_control,20,2,mdptoolbox_pi,1,0,0.99,0.001,0.0041704000905156136,5.684341886080802e-14,5.684341886080797e-12,success,
e72fcaca-ffc0-4ddc-9839-2aa1ec512b86,20_2_access_control,20,2,mdptoolbox_pi,2,1,0.99,0.001,0.004182599950581789,5.684341886080802e-14,5.684341886080797e-12,success,
e72fcaca-ffc0-4ddc-9839-2aa1ec512b86,20_2_access_control,20,2,mdptoolbox_pi,3,2,0.99,0.001,0.003804899984970689,5.684341886080802e-14,5.684341886080797e-12,success,
e72fcaca-ffc0-4ddc-9839-2aa1ec512b86,20_2_access_control,20,2,mdptoolbox_mpi,1,0,0.99,0.001,0.002487099962309003,1.3028865168962511e-06,0.000130288651689625,success,
e72fcaca-ffc0-4ddc-9839-2aa1ec512b86,20_2_access_control,20,2,mdptoolbox_mpi,2,1,0.99,0.001,0.002656300086528063,1.3028865168962511e-06,0.000130288651689625,success,
e72fcaca-ffc0-4ddc-9839-2aa1ec512b86,20_2_access_control,20,2,mdptoolbox_mpi,3,2,0.99,0.001,0.0024170000106096268,1.3028865168962511e-06,0.000130288651689625,success,
e72fcaca-ffc0-4ddc-9839-2aa1ec512b86,20_2_access_control,20,2,marmote_vi,1,0,0.99,0.001,0.0051148999482393265,2.842170943040401e-14,2.8421709430403983e-12,success,
e72fcaca-ffc0-4ddc-9839-2aa1ec512b86,20_2_access_control,20,2,marmote_vi,2,1,0.99,0.001,0.004771699896082282,2.842170943040401e-14,2.8421709430403983e-12,success,
e72fcaca-ffc0-4ddc-9839-2aa1ec512b86,20_2_access_control,20,2,marmote_vi,3,2,0.99,0.001,0.005057499976828694,2.842170943040401e-14,2.8421709430403983e-12,success,
e72fcaca-ffc0-4ddc-9839-2aa1ec512b86,20_2_access_control,20,2,marmote_vigs,1,0,0.99,0.001,0.004695500014349818,2.43021247570141e-08,2.4302124757014077e-06,success,
e72fcaca-ffc0-4ddc-9839-2aa1ec512b86,20_2_access_control,20,2,marmote_vigs,2,1,0.99,0.001,0.006539700087159872,2.43021247570141e-08,2.4302124757014077e-06,success,
e72fcaca-ffc0-4ddc-9839-2aa1ec512b86,20_2_access_control,20,2,marmote_vigs,3,2,0.99,0.001,0.004927599802613258,2.43021247570141e-08,2.4302124757014077e-06,success,
e72fcaca-ffc0-4ddc-9839-2aa1ec512b86,20_2_access_control,20,2,marmote_mpi,1,0,0.99,0.001,0.004400199977681041,4.8984110208039056e-06,0.0004898411020803901,success,
e72fcaca-ffc0-4ddc-9839-2aa1ec512b86,20_2_access_control,20,2,marmote_mpi,2,1,0.99,0.001,0.0043530999682843685,4.8984110208039056e-06,0.0004898411020803901,success,
e72fcaca-ffc0-4ddc-9839-2aa1ec512b86,20_2_access_control,20,2,marmote_mpi,3,2,0.99,0.001,0.00432629999704659,4.8984110208039056e-06,0.0004898411020803901,success,
e72fcaca-ffc0-4ddc-9839-2aa1ec512b86,20_2_access_control,20,2,marmote_mpigs,1,0,0.99,0.001,0.004765600198879838,3.275302276506409e-06,0.0003275302276506406,success,
e72fcaca-ffc0-4ddc-9839-2aa1ec512b86,20_2_access_control,20,2,marmote_mpigs,2,1,0.99,0.001,0.0045264000073075294,3.275302276506409e-06,0.0003275302276506406,success,
e72fcaca-ffc0-4ddc-9839-2aa1ec512b86,20_2_access_control,20,2,marmote_mpigs,3,2,0.99,0.001,0.0044293999671936035,3.275302276506409e-06,0.0003275302276506406,success,
e72fcaca-ffc0-4ddc-9839-2aa1ec512b86,20_2_access_control,20,2,mdpsolver_vi,1,0,0.99,0.001,0.004067699890583754,2.4955369326562504e-08,2.4955369326562483e-06,success,
e72fcaca-ffc0-4ddc-9839-2aa1ec512b86,20_2_access_control,20,2,mdpsolver_vi,2,1,0.99,0.001,0.004485500045120716,2.4955369326562504e-08,2.4955369326562483e-06,success,
e72fcaca-ffc0-4ddc-9839-2aa1ec512b86,20_2_access_control,20,2,mdpsolver_vi,3,2,0.99,0.001,0.004535499960184097,2.4955369326562504e-08,2.4955369326562483e-06,success,
e72fcaca-ffc0-4ddc-9839-2aa1ec512b86,20_2_access_control,20,2,mdpsolver_vigs,1,0,0.99,0.001,0.005667699966579676,2.4000826215342386e-08,2.4000826215342365e-06,success,
e72fcaca-ffc0-4ddc-9839-2aa1ec512b86,20_2_access_control,20,2,mdpsolver_vigs,2,1,0.99,0.001,0.005906600039452314,2.4000826215342386e-08,2.4000826215342365e-06,success,
e72fcaca-ffc0-4ddc-9839-2aa1ec512b86,20_2_access_control,20,2,mdpsolver_vigs,3,2,0.99,0.001,0.007396599976345897,2.4000826215342386e-08,2.4000826215342365e-06,success,
e72fcaca-ffc0-4ddc-9839-2aa1ec512b86,20_2_access_control,20,2,mdpsolver_visor,1,0,0.99,0.001,0.005624900106340647,nan,nan,error,RuntimeError: VI precision not reached: error bound 537.098 > 0.001
e72fcaca-ffc0-4ddc-9839-2aa1ec512b86,20_2_access_control,20,2,mdpsolver_visor,2,1,0.99,0.001,0.005992699880152941,nan,nan,error,RuntimeError: VI precision not reached: error bound 537.098 > 0.001
e72fcaca-ffc0-4ddc-9839-2aa1ec512b86,20_2_access_control,20,2,mdpsolver_visor,3,2,0.99,0.001,0.005903100129216909,nan,nan,error,RuntimeError: VI precision not reached: error bound 537.098 > 0.001
e72fcaca-ffc0-4ddc-9839-2aa1ec512b86,20_2_access_control,20,2,mdpsolver_pi,1,0,0.99,0.001,0.00425049988552928,2.338680843649854e-06,0.0002338680843649852,success,
e72fcaca-ffc0-4ddc-9839-2aa1ec512b86,20_2_access_control,20,2,mdpsolver_pi,2,1,0.99,0.001,0.0041692000813782215,2.338680843649854e-06,0.0002338680843649852,success,
e72fcaca-ffc0-4ddc-9839-2aa1ec512b86,20_2_access_control,20,2,mdpsolver_pi,3,2,0.99,0.001,0.004423799924552441,2.338680843649854e-06,0.0002338680843649852,success,
e72fcaca-ffc0-4ddc-9839-2aa1ec512b86,20_2_access_control,20,2,mdpsolver_mpi,1,0,0.99,0.001,0.004045499954372644,4.969659244125069e-06,0.0004969659244125064,success,
e72fcaca-ffc0-4ddc-9839-2aa1ec512b86,20_2_access_control,20,2,mdpsolver_mpi,2,1,0.99,0.001,0.0041808998212218285,4.969659244125069e-06,0.0004969659244125064,success,
e72fcaca-ffc0-4ddc-9839-2aa1ec512b86,20_2_access_control,20,2,mdpsolver_mpi,3,2,0.99,0.001,0.00433959998190403,4.969659244125069e-06,0.0004969659244125064,success,
e72fcaca-ffc0-4ddc-9839-2aa1ec512b86,20_2_access_control,20,2,mdpsolver_mpigs,1,0,0.99,0.001,0.004663300001993775,3.92704961882373e-06,0.0003927049618823727,success,
e72fcaca-ffc0-4ddc-9839-2aa1ec512b86,20_2_access_control,20,2,mdpsolver_mpigs,2,1,0.99,0.001,0.004691399866715074,3.92704961882373e-06,0.0003927049618823727,success,
e72fcaca-ffc0-4ddc-9839-2aa1ec512b86,20_2_access_control,20,2,mdpsolver_mpigs,3,2,0.99,0.001,0.004626099951565266,3.92704961882373e-06,0.0003927049618823727,success,
e72fcaca-ffc0-4ddc-9839-2aa1ec512b86,20_2_access_control,20,2,mdpsolver_mpigs_init,1,0,0.99,0.001,0.004579199943691492,3.833058599411743e-06,0.00038330585994117395,success,
e72fcaca-ffc0-4ddc-9839-2aa1ec512b86,20_2_access_control,20,2,mdpsolver_mpigs_init,2,1,0.99,0.001,0.004619600018486381,3.833058599411743e-06,0.00038330585994117395,success,
e72fcaca-ffc0-4ddc-9839-2aa1ec512b86,20_2_access_control,20,2,mdpsolver_mpigs_init,3,2,0.99,0.001,0.00489649991504848,3.833058599411743e-06,0.00038330585994117395,success,
e72fcaca-ffc0-4ddc-9839-2aa1ec512b86,20_2_access_control,20,2,mdpsolver_mpisor,1,0,0.99,0.001,0.004686899948865175,3.92704961882373e-06,0.0003927049618823727,success,
e72fcaca-ffc0-4ddc-9839-2aa1ec512b86,20_2_access_control,20,2,mdpsolver_mpisor,2,1,0.99,0.001,0.004589899908751249,3.92704961882373e-06,0.0003927049618823727,success,
e72fcaca-ffc0-4ddc-9839-2aa1ec512b86,20_2_access_control,20,2,mdpsolver_mpisor,3,2,0.99,0.001,0.004562299931421876,3.92704961882373e-06,0.0003927049618823727,success,
e72fcaca-ffc0-4ddc-9839-2aa1ec512b86,20_2_access_control,20,2,mdpsolver_mpisor_init,1,0,0.99,0.001,0.005472199991345406,3.833058599411743e-06,0.00038330585994117395,success,
e72fcaca-ffc0-4ddc-9839-2aa1ec512b86,20_2_access_control,20,2,mdpsolver_mpisor_init,2,1,0.99,0.001,0.004704499850049615,3.833058599411743e-06,0.00038330585994117395,success,
e72fcaca-ffc0-4ddc-9839-2aa1ec512b86,20_2_access_control,20,2,mdpsolver_mpisor_init,3,2,0.99,0.001,0.004644199972972274,3.833058599411743e-06,0.00038330585994117395,success,
e72fcaca-ffc0-4ddc-9839-2aa1ec512b86,257_3_acrobot,257,3,mdptoolbox_vi,1,0,0.99,0.001,0.07089129998348653,4.986802082385111e-08,4.986802082385107e-06,success,
e72fcaca-ffc0-4ddc-9839-2aa1ec512b86,257_3_acrobot,257,3,mdptoolbox_vi,2,1,0.99,0.001,0.07350329984910786,4.986802082385111e-08,4.986802082385107e-06,success,
e72fcaca-ffc0-4ddc-9839-2aa1ec512b86,257_3_acrobot,257,3,mdptoolbox_vi,3,2,0.99,0.001,0.07097400003112853,4.986802082385111e-08,4.986802082385107e-06,success,
e72fcaca-ffc0-4ddc-9839-2aa1ec512b86,257_3_acrobot,257,3,mdptoolbox_vigs,1,0,0.99,0.001,0.9788927000481635,4.936934772103996e-08,4.9369347721039915e-06,success,
e72fcaca-ffc0-4ddc-9839-2aa1ec512b86,257_3_acrobot,257,3,mdptoolbox_vigs,2,1,0.99,0.001,0.9840277000330389,4.936934772103996e-08,4.9369347721039915e-06,success,
e72fcaca-ffc0-4ddc-9839-2aa1ec512b86,257_3_acrobot,257,3,mdptoolbox_vigs,3,2,0.99,0.001,1.0131025000009686,4.936934772103996e-08,4.9369347721039915e-06,success,
e72fcaca-ffc0-4ddc-9839-2aa1ec512b86,257_3_acrobot,257,3,mdptoolbox_pi,1,0,0.99,0.001,0.011152900056913495,1.4210854715202004e-14,1.4210854715201992e-12,success,
e72fcaca-ffc0-4ddc-9839-2aa1ec512b86,257_3_acrobot,257,3,mdptoolbox_pi,2,1,0.99,0.001,0.012224700069054961,1.4210854715202004e-14,1.4210854715201992e-12,success,
e72fcaca-ffc0-4ddc-9839-2aa1ec512b86,257_3_acrobot,257,3,mdptoolbox_pi,3,2,0.99,0.001,0.011007700115442276,1.4210854715202004e-14,1.4210854715201992e-12,success,
e72fcaca-ffc0-4ddc-9839-2aa1ec512b86,257_3_acrobot,257,3,mdptoolbox_mpi,1,0,0.99,0.001,0.10908009996637702,4.926496830925942e-06,0.0004926496830925937,success,
e72fcaca-ffc0-4ddc-9839-2aa1ec512b86,257_3_acrobot,257,3,mdptoolbox_mpi,2,1,0.99,0.001,0.10489309998229146,4.926496830925942e-06,0.0004926496830925937,success,
e72fcaca-ffc0-4ddc-9839-2aa1ec512b86,257_3_acrobot,257,3,mdptoolbox_mpi,3,2,0.99,0.001,0.11717860004864633,4.926496830925942e-06,0.0004926496830925937,success,
e72fcaca-ffc0-4ddc-9839-2aa1ec512b86,257_3_acrobot,257,3,marmote_vi,1,0,0.99,0.001,0.013662499841302633,2.492588180302846e-08,2.492588180302844e-06,success,
e72fcaca-ffc0-4ddc-9839-2aa1ec512b86,257_3_acrobot,257,3,marmote_vi,2,1,0.99,0.001,0.012082200031727552,2.492588180302846e-08,2.492588180302844e-06,success,
e72fcaca-ffc0-4ddc-9839-2aa1ec512b86,257_3_acrobot,257,3,marmote_vi,3,2,0.99,0.001,0.012165999971330166,2.492588180302846e-08,2.492588180302844e-06,success,
e72fcaca-ffc0-4ddc-9839-2aa1ec512b86,257_3_acrobot,257,3,marmote_vigs,1,0,0.99,0.001,0.0125108000356704,2.492588180302846e-08,2.492588180302844e-06,success,
e72fcaca-ffc0-4ddc-9839-2aa1ec512b86,257_3_acrobot,257,3,marmote_vigs,2,1,0.99,0.001,0.01197699992917478,2.492588180302846e-08,2.492588180302844e-06,success,
e72fcaca-ffc0-4ddc-9839-2aa1ec512b86,257_3_acrobot,257,3,marmote_vigs,3,2,0.99,0.001,0.01253170007839799,2.492588180302846e-08,2.492588180302844e-06,success,
e72fcaca-ffc0-4ddc-9839-2aa1ec512b86,257_3_acrobot,257,3,marmote_mpi,1,0,0.99,0.001,0.007744000060483813,4.924891087831895e-06,0.0004924891087831891,success,
e72fcaca-ffc0-4ddc-9839-2aa1ec512b86,257_3_acrobot,257,3,marmote_mpi,2,1,0.99,0.001,0.007751500001177192,4.924891087831895e-06,0.0004924891087831891,success,
e72fcaca-ffc0-4ddc-9839-2aa1ec512b86,257_3_acrobot,257,3,marmote_mpi,3,2,0.99,0.001,0.007682699942961335,4.924891087831895e-06,0.0004924891087831891,success,
e72fcaca-ffc0-4ddc-9839-2aa1ec512b86,257_3_acrobot,257,3,marmote_mpigs,1,0,0.99,0.001,0.007684400072321296,4.826885755093713e-06,0.00048268857550937084,success,
e72fcaca-ffc0-4ddc-9839-2aa1ec512b86,257_3_acrobot,257,3,marmote_mpigs,2,1,0.99,0.001,0.007543100044131279,4.826885755093713e-06,0.00048268857550937084,success,
e72fcaca-ffc0-4ddc-9839-2aa1ec512b86,257_3_acrobot,257,3,marmote_mpigs,3,2,0.99,0.001,0.0075581001583486795,4.826885755093713e-06,0.00048268857550937084,success,
e72fcaca-ffc0-4ddc-9839-2aa1ec512b86,257_3_acrobot,257,3,mdpsolver_vi,1,0,0.99,0.001,0.013769700191915035,4.936934772103996e-08,4.9369347721039915e-06,success,
e72fcaca-ffc0-4ddc-9839-2aa1ec512b86,257_3_acrobot,257,3,mdpsolver_vi,2,1,0.99,0.001,0.012691300129517913,4.936934772103996e-08,4.9369347721039915e-06,success,
e72fcaca-ffc0-4ddc-9839-2aa1ec512b86,257_3_acrobot,257,3,mdpsolver_vi,3,2,0.99,0.001,0.013506100047379732,4.936934772103996e-08,4.9369347721039915e-06,success,
e72fcaca-ffc0-4ddc-9839-2aa1ec512b86,257_3_acrobot,257,3,mdpsolver_vigs,1,0,0.99,0.001,0.012936200015246868,2.4676625187680656e-08,2.4676625187680635e-06,success,
e72fcaca-ffc0-4ddc-9839-2aa1ec512b86,257_3_acrobot,257,3,mdpsolver_vigs,2,1,0.99,0.001,0.013209499884396791,2.4676625187680656e-08,2.4676625187680635e-06,success,
e72fcaca-ffc0-4ddc-9839-2aa1ec512b86,257_3_acrobot,257,3,mdpsolver_vigs,3,2,0.99,0.001,0.01297300006262958,2.4676625187680656e-08,2.4676625187680635e-06,success,
e72fcaca-ffc0-4ddc-9839-2aa1ec512b86,257_3_acrobot,257,3,mdpsolver_visor,1,0,0.99,0.001,0.006027100142091513,0.0,0.0,success,
e72fcaca-ffc0-4ddc-9839-2aa1ec512b86,257_3_acrobot,257,3,mdpsolver_visor,2,1,0.99,0.001,0.005741799948737025,0.0,0.0,success,
e72fcaca-ffc0-4ddc-9839-2aa1ec512b86,257_3_acrobot,257,3,mdpsolver_visor,3,2,0.99,0.001,0.005882199853658676,0.0,0.0,success,
e72fcaca-ffc0-4ddc-9839-2aa1ec512b86,257_3_acrobot,257,3,mdpsolver_pi,1,0,0.99,0.001,0.008176800096407533,4.685049467489932e-06,0.0004685049467489928,success,
e72fcaca-ffc0-4ddc-9839-2aa1ec512b86,257_3_acrobot,257,3,mdpsolver_pi,2,1,0.99,0.001,0.00808810000307858,4.685049467489932e-06,0.0004685049467489928,success,
e72fcaca-ffc0-4ddc-9839-2aa1ec512b86,257_3_acrobot,257,3,mdpsolver_pi,3,2,0.99,0.001,0.007545699831098318,4.685049467489932e-06,0.0004685049467489928,success,
e72fcaca-ffc0-4ddc-9839-2aa1ec512b86,257_3_acrobot,257,3,mdpsolver_mpi,1,0,0.99,0.001,0.00830859993584454,9.852993661851883e-06,0.0009852993661851875,success,
e72fcaca-ffc0-4ddc-9839-2aa1ec512b86,257_3_acrobot,257,3,mdpsolver_mpi,2,1,0.99,0.001,0.007964400108903646,9.852993661851883e-06,0.0009852993661851875,success,
e72fcaca-ffc0-4ddc-9839-2aa1ec512b86,257_3_acrobot,257,3,mdpsolver_mpi,3,2,0.99,0.001,0.007899300195276737,9.852993661851883e-06,0.0009852993661851875,success,
e72fcaca-ffc0-4ddc-9839-2aa1ec512b86,257_3_acrobot,257,3,mdpsolver_mpigs,1,0,0.99,0.001,0.005904400022700429,0.0,0.0,success,
e72fcaca-ffc0-4ddc-9839-2aa1ec512b86,257_3_acrobot,257,3,mdpsolver_mpigs,2,1,0.99,0.001,0.005758499959483743,0.0,0.0,success,
e72fcaca-ffc0-4ddc-9839-2aa1ec512b86,257_3_acrobot,257,3,mdpsolver_mpigs,3,2,0.99,0.001,0.005694400053471327,0.0,0.0,success,
e72fcaca-ffc0-4ddc-9839-2aa1ec512b86,257_3_acrobot,257,3,mdpsolver_mpigs_init,1,0,0.99,0.001,0.0071217999793589115,4.801185923497542e-06,0.00048011859234975375,success,
e72fcaca-ffc0-4ddc-9839-2aa1ec512b86,257_3_acrobot,257,3,mdpsolver_mpigs_init,2,1,0.99,0.001,0.00699330004863441,4.801185923497542e-06,0.00048011859234975375,success,
e72fcaca-ffc0-4ddc-9839-2aa1ec512b86,257_3_acrobot,257,3,mdpsolver_mpigs_init,3,2,0.99,0.001,0.007363100070506334,4.801185923497542e-06,0.00048011859234975375,success,
e72fcaca-ffc0-4ddc-9839-2aa1ec512b86,257_3_acrobot,257,3,mdpsolver_mpisor,1,0,0.99,0.001,0.005810900125652552,0.0,0.0,success,
e72fcaca-ffc0-4ddc-9839-2aa1ec512b86,257_3_acrobot,257,3,mdpsolver_mpisor,2,1,0.99,0.001,0.005647700047120452,0.0,0.0,success,
e72fcaca-ffc0-4ddc-9839-2aa1ec512b86,257_3_acrobot,257,3,mdpsolver_mpisor,3,2,0.99,0.001,0.005664800060912967,0.0,0.0,success,
e72fcaca-ffc0-4ddc-9839-2aa1ec512b86,257_3_acrobot,257,3,mdpsolver_mpisor_init,1,0,0.99,0.001,0.007130399812012911,4.801185923497542e-06,0.00048011859234975375,success,
e72fcaca-ffc0-4ddc-9839-2aa1ec512b86,257_3_acrobot,257,3,mdpsolver_mpisor_init,2,1,0.99,0.001,0.007023500045761466,4.801185923497542e-06,0.00048011859234975375,success,
e72fcaca-ffc0-4ddc-9839-2aa1ec512b86,257_3_acrobot,257,3,mdpsolver_mpisor_init,3,2,0.99,0.001,0.007033000001683831,4.801185923497542e-06,0.00048011859234975375,success,
e72fcaca-ffc0-4ddc-9839-2aa1ec512b86,108_2_admission_control,108,2,mdptoolbox_vi,1,0,0.99,0.001,0.012679599924013019,4.2968750335603545e-08,4.29687503356035e-06,success,
e72fcaca-ffc0-4ddc-9839-2aa1ec512b86,108_2_admission_control,108,2,mdptoolbox_vi,2,1,0.99,0.001,0.012908999808132648,4.2968750335603545e-08,4.29687503356035e-06,success,
e72fcaca-ffc0-4ddc-9839-2aa1ec512b86,108_2_admission_control,108,2,mdptoolbox_vi,3,2,0.99,0.001,0.012980100000277162,4.2968750335603545e-08,4.29687503356035e-06,success,
e72fcaca-ffc0-4ddc-9839-2aa1ec512b86,108_2_admission_control,108,2,mdptoolbox_vigs,1,0,0.99,0.001,0.16101169981993735,8.15873363535502e-07,8.158733635355013e-05,success,
e72fcaca-ffc0-4ddc-9839-2aa1ec512b86,108_2_admission_control,108,2,mdptoolbox_vigs,2,1,0.99,0.001,0.16037119994871318,8.15873363535502e-07,8.158733635355013e-05,success,
e72fcaca-ffc0-4ddc-9839-2aa1ec512b86,108_2_admission_control,108,2,mdptoolbox_vigs,3,2,0.99,0.001,0.16378040006384254,8.15873363535502e-07,8.158733635355013e-05,success,
e72fcaca-ffc0-4ddc-9839-2aa1ec512b86,108_2_admission_control,108,2,mdptoolbox_pi,1,0,0.99,0.001,0.0038471000734716654,2.842170943040401e-14,2.8421709430403983e-12,success,
e72fcaca-ffc0-4ddc-9839-2aa1ec512b86,108_2_admission_control,108,2,mdptoolbox_pi,2,1,0.99,0.001,0.0035382001660764217,2.842170943040401e-14,2.8421709430403983e-12,success,
e72fcaca-ffc0-4ddc-9839-2aa1ec512b86,108_2_admission_control,108,2,mdptoolbox_pi,3,2,0.99,0.001,0.003555899951606989,2.842170943040401e-14,2.8421709430403983e-12,success,
e72fcaca-ffc0-4ddc-9839-2aa1ec512b86,108_2_admission_control,108,2,mdptoolbox_mpi,1,0,0.99,0.001,0.005633699940517545,3.7998939461658665e-06,0.0003799893946165863,success,
e72fcaca-ffc0-4ddc-9839-2aa1ec512b86,108_2_admission_control,108,2,mdptoolbox_mpi,2,1,0.99,0.001,0.005505700130015612,3.7998939461658665e-06,0.0003799893946165863,success,
e72fcaca-ffc0-4ddc-9839-2aa1ec512b86,108_2_admission_control,108,2,mdptoolbox_mpi,3,2,0.99,0.001,0.005603199824690819,3.7998939461658665e-06,0.0003799893946165863,success,
e72fcaca-ffc0-4ddc-9839-2aa1ec512b86,108_2_admission_control,108,2,marmote_vi,1,0,0.99,0.001,0.01599049987271428,4.263256414560601e-14,4.263256414560597e-12,success,
e72fcaca-ffc0-4ddc-9839-2aa1ec512b86,108_2_admission_control,108,2,marmote_vi,2,1,0.99,0.001,0.01636729994788766,4.263256414560601e-14,4.263256414560597e-12,success,
e72fcaca-ffc0-4ddc-9839-2aa1ec512b86,108_2_admission_control,108,2,marmote_vi,3,2,0.99,0.001,0.016307999845594168,4.263256414560601e-14,4.263256414560597e-12,success,
e72fcaca-ffc0-4ddc-9839-2aa1ec512b86,108_2_admission_control,108,2,marmote_vigs,1,0,0.99,0.001,0.015283100074157119,2.3561298689855903e-08,2.356129868985588e-06,success,
e72fcaca-ffc0-4ddc-9839-2aa1ec512b86,108_2_admission_control,108,2,marmote_vigs,2,1,0.99,0.001,0.015317999990656972,2.3561298689855903e-08,2.356129868985588e-06,success,
e72fcaca-ffc0-4ddc-9839-2aa1ec512b86,108_2_admission_control,108,2,marmote_vigs,3,2,0.99,0.001,0.016098199877887964,2.3561298689855903e-08,2.356129868985588e-06,success,
e72fcaca-ffc0-4ddc-9839-2aa1ec512b86,108_2_admission_control,108,2,marmote_mpi,1,0,0.99,0.001,0.01457879994995892,4.936798774224371e-06,0.0004936798774224367,success,
e72fcaca-ffc0-4ddc-9839-2aa1ec512b86,108_2_admission_control,108,2,marmote_mpi,2,1,0.99,0.001,0.015817200066521764,4.936798774224371e-06,0.0004936798774224367,success,
e72fcaca-ffc0-4ddc-9839-2aa1ec512b86,108_2_admission_control,108,2,marmote_mpi,3,2,0.99,0.001,0.014567600097507238,4.936798774224371e-06,0.0004936798774224367,success,
e72fcaca-ffc0-4ddc-9839-2aa1ec512b86,108_2_admission_control,108,2,marmote_mpigs,1,0,0.99,0.001,0.014553500106558204,4.109834478072116e-06,0.00041098344780721125,success,
e72fcaca-ffc0-4ddc-9839-2aa1ec512b86,108_2_admission_control,108,2,marmote_mpigs,2,1,0.99,0.001,0.014984099892899394,4.109834478072116e-06,0.00041098344780721125,success,
e72fcaca-ffc0-4ddc-9839-2aa1ec512b86,108_2_admission_control,108,2,marmote_mpigs,3,2,0.99,0.001,0.014729300048202276,4.109834478072116e-06,0.00041098344780721125,success,
e72fcaca-ffc0-4ddc-9839-2aa1ec512b86,108_2_admission_control,108,2,mdpsolver_vi,1,0,0.99,0.001,0.014165899949148297,3.800168713041785e-08,3.8001687130417816e-06,success,
e72fcaca-ffc0-4ddc-9839-2aa1ec512b86,108_2_admission_control,108,2,mdpsolver_vi,2,1,0.99,0.001,0.014030200196430087,3.800168713041785e-08,3.8001687130417816e-06,success,
e72fcaca-ffc0-4ddc-9839-2aa1ec512b86,108_2_admission_control,108,2,mdpsolver_vi,3,2,0.99,0.001,0.013435399858281016,3.800168713041785e-08,3.8001687130417816e-06,success,
e72fcaca-ffc0-4ddc-9839-2aa1ec512b86,108_2_admission_control,108,2,mdpsolver_vigs,1,0,0.99,0.001,0.019657899858430028,2.3273514671018347e-08,2.3273514671018326e-06,success,
e72fcaca-ffc0-4ddc-9839-2aa1ec512b86,108_2_admission_control,108,2,mdpsolver_vigs,2,1,0.99,0.001,0.019736699992790818,2.3273514671018347e-08,2.3273514671018326e-06,success,
e72fcaca-ffc0-4ddc-9839-2aa1ec512b86,108_2_admission_control,108,2,mdpsolver_vigs,3,2,0.99,0.001,0.019849699921905994,2.3273514671018347e-08,2.3273514671018326e-06,success,
e72fcaca-ffc0-4ddc-9839-2aa1ec512b86,108_2_admission_control,108,2,mdpsolver_visor,1,0,0.99,0.001,0.017169400118291378,nan,nan,error,RuntimeError: VI precision not reached: error bound 75.1678 > 0.001
e72fcaca-ffc0-4ddc-9839-2aa1ec512b86,108_2_admission_control,108,2,mdpsolver_visor,2,1,0.99,0.001,0.017727100057527423,nan,nan,error,RuntimeError: VI precision not reached: error bound 75.1678 > 0.001
e72fcaca-ffc0-4ddc-9839-2aa1ec512b86,108_2_admission_control,108,2,mdpsolver_visor,3,2,0.99,0.001,0.017277600010856986,nan,nan,error,RuntimeError: VI precision not reached: error bound 75.1678 > 0.001
e72fcaca-ffc0-4ddc-9839-2aa1ec512b86,108_2_admission_control,108,2,mdpsolver_pi,1,0,0.99,0.001,0.01370370015501976,3.7086336845959522e-06,0.0003708633684595949,success,
e72fcaca-ffc0-4ddc-9839-2aa1ec512b86,108_2_admission_control,108,2,mdpsolver_pi,2,1,0.99,0.001,0.01367919985204935,3.7086336845959522e-06,0.0003708633684595949,success,
e72fcaca-ffc0-4ddc-9839-2aa1ec512b86,108_2_admission_control,108,2,mdpsolver_pi,3,2,0.99,0.001,0.013512299861758947,3.7086336845959522e-06,0.0003708633684595949,success,
e72fcaca-ffc0-4ddc-9839-2aa1ec512b86,108_2_admission_control,108,2,mdpsolver_mpi,1,0,0.99,0.001,0.013706699945032597,7.863709456046308e-06,0.0007863709456046302,success,
e72fcaca-ffc0-4ddc-9839-2aa1ec512b86,108_2_admission_control,108,2,mdpsolver_mpi,2,1,0.99,0.001,0.012898100074380636,7.863709456046308e-06,0.0007863709456046302,success,
e72fcaca-ffc0-4ddc-9839-2aa1ec512b86,108_2_admission_control,108,2,mdpsolver_mpi,3,2,0.99,0.001,0.013296299846842885,7.863709456046308e-06,0.0007863709456046302,success,
e72fcaca-ffc0-4ddc-9839-2aa1ec512b86,108_2_admission_control,108,2,mdpsolver_mpigs,1,0,0.99,0.001,0.01542349997907877,1.586101816997143e-06,0.00015861018169971417,success,
e72fcaca-ffc0-4ddc-9839-2aa1ec512b86,108_2_admission_control,108,2,mdpsolver_mpigs,2,1,0.99,0.001,0.015009199967607856,1.586101816997143e-06,0.00015861018169971417,success,
e72fcaca-ffc0-4ddc-9839-2aa1ec512b86,108_2_admission_control,108,2,mdpsolver_mpigs,3,2,0.99,0.001,0.014806399820372462,1.586101816997143e-06,0.00015861018169971417,success,
e72fcaca-ffc0-4ddc-9839-2aa1ec512b86,108_2_admission_control,108,2,mdpsolver_mpigs_init,1,0,0.99,0.001,0.015354499919340014,1.5611325210329596e-06,0.00015611325210329583,success,
e72fcaca-ffc0-4ddc-9839-2aa1ec512b86,108_2_admission_control,108,2,mdpsolver_mpigs_init,2,1,0.99,0.001,0.01483809994533658,1.5611325210329596e-06,0.00015611325210329583,success,
e72fcaca-ffc0-4ddc-9839-2aa1ec512b86,108_2_admission_control,108,2,mdpsolver_mpigs_init,3,2,0.99,0.001,0.014808699954301119,1.5611325210329596e-06,0.00015611325210329583,success,
e72fcaca-ffc0-4ddc-9839-2aa1ec512b86,108_2_admission_control,108,2,mdpsolver_mpisor,1,0,0.99,0.001,0.014742299914360046,1.586101816997143e-06,0.00015861018169971417,success,
e72fcaca-ffc0-4ddc-9839-2aa1ec512b86,108_2_admission_control,108,2,mdpsolver_mpisor,2,1,0.99,0.001,0.01467679999768734,1.586101816997143e-06,0.00015861018169971417,success,
e72fcaca-ffc0-4ddc-9839-2aa1ec512b86,108_2_admission_control,108,2,mdpsolver_mpisor,3,2,0.99,0.001,0.014743400039151311,1.586101816997143e-06,0.00015861018169971417,success,
e72fcaca-ffc0-4ddc-9839-2aa1ec512b86,108_2_admission_control,108,2,mdpsolver_mpisor_init,1,0,0.99,0.001,0.015005199937149882,1.5611325210329596e-06,0.00015611325210329583,success,
e72fcaca-ffc0-4ddc-9839-2aa1ec512b86,108_2_admission_control,108,2,mdpsolver_mpisor_init,2,1,0.99,0.001,0.014931100187823176,1.5611325210329596e-06,0.00015611325210329583,success,
e72fcaca-ffc0-4ddc-9839-2aa1ec512b86,108_2_admission_control,108,2,mdpsolver_mpisor_init,3,2,0.99,0.001,0.015067999949678779,1.5611325210329596e-06,0.00015611325210329583,success,
e72fcaca-ffc0-4ddc-9839-2aa1ec512b86,10_10_ambulance,10,10,mdptoolbox_vi,1,0,0.99,0.001,4.549999721348286e-05,nan,nan,error,AssertionError: MDPToolbox VI requires nonconstant maximum immediate rewards across states
e72fcaca-ffc0-4ddc-9839-2aa1ec512b86,10_10_ambulance,10,10,mdptoolbox_vi,2,1,0.99,0.001,4.200008697807789e-05,nan,nan,error,AssertionError: MDPToolbox VI requires nonconstant maximum immediate rewards across states
e72fcaca-ffc0-4ddc-9839-2aa1ec512b86,10_10_ambulance,10,10,mdptoolbox_vi,3,2,0.99,0.001,4.229997284710407e-05,nan,nan,error,AssertionError: MDPToolbox VI requires nonconstant maximum immediate rewards across states
e72fcaca-ffc0-4ddc-9839-2aa1ec512b86,10_10_ambulance,10,10,mdptoolbox_vigs,1,0,0.99,0.001,0.00038790004327893257,nan,nan,error,ValueError: math domain error
e72fcaca-ffc0-4ddc-9839-2aa1ec512b86,10_10_ambulance,10,10,mdptoolbox_vigs,2,1,0.99,0.001,0.00039970013312995434,nan,nan,error,ValueError: math domain error
e72fcaca-ffc0-4ddc-9839-2aa1ec512b86,10_10_ambulance,10,10,mdptoolbox_vigs,3,2,0.99,0.001,0.0003822001162916422,nan,nan,error,ValueError: math domain error
e72fcaca-ffc0-4ddc-9839-2aa1ec512b86,10_10_ambulance,10,10,mdptoolbox_pi,1,0,0.99,0.001,0.003950900165364146,2.842170943040401e-14,2.8421709430403983e-12,success,
e72fcaca-ffc0-4ddc-9839-2aa1ec512b86,10_10_ambulance,10,10,mdptoolbox_pi,2,1,0.99,0.001,0.0038177999667823315,2.842170943040401e-14,2.8421709430403983e-12,success,
e72fcaca-ffc0-4ddc-9839-2aa1ec512b86,10_10_ambulance,10,10,mdptoolbox_pi,3,2,0.99,0.001,0.00401410018093884,2.842170943040401e-14,2.8421709430403983e-12,success,
e72fcaca-ffc0-4ddc-9839-2aa1ec512b86,10_10_ambulance,10,10,mdptoolbox_mpi,1,0,0.99,0.001,0.00206659990362823,1.4210854715202004e-14,1.4210854715201992e-12,success,
e72fcaca-ffc0-4ddc-9839-2aa1ec512b86,10_10_ambulance,10,10,mdptoolbox_mpi,2,1,0.99,0.001,0.00205629994161427,1.4210854715202004e-14,1.4210854715201992e-12,success,
e72fcaca-ffc0-4ddc-9839-2aa1ec512b86,10_10_ambulance,10,10,mdptoolbox_mpi,3,2,0.99,0.001,0.0020215001422911882,1.4210854715202004e-14,1.4210854715201992e-12,success,
e72fcaca-ffc0-4ddc-9839-2aa1ec512b86,10_10_ambulance,10,10,marmote_vi,1,0,0.99,0.001,0.007321300217881799,0.0,0.0,success,
e72fcaca-ffc0-4ddc-9839-2aa1ec512b86,10_10_ambulance,10,10,marmote_vi,2,1,0.99,0.001,0.007660600123926997,0.0,0.0,success,
e72fcaca-ffc0-4ddc-9839-2aa1ec512b86,10_10_ambulance,10,10,marmote_vi,3,2,0.99,0.001,0.007290000095963478,0.0,0.0,success,
e72fcaca-ffc0-4ddc-9839-2aa1ec512b86,10_10_ambulance,10,10,marmote_vigs,1,0,0.99,0.001,0.007376000052317977,2.4541606080674683e-08,2.454160608067466e-06,success,
e72fcaca-ffc0-4ddc-9839-2aa1ec512b86,10_10_ambulance,10,10,marmote_vigs,2,1,0.99,0.001,0.0069571000058203936,2.4541606080674683e-08,2.454160608067466e-06,success,
e72fcaca-ffc0-4ddc-9839-2aa1ec512b86,10_10_ambulance,10,10,marmote_vigs,3,2,0.99,0.001,0.007189600029960275,2.4541606080674683e-08,2.454160608067466e-06,success,
e72fcaca-ffc0-4ddc-9839-2aa1ec512b86,10_10_ambulance,10,10,marmote_mpi,1,0,0.99,0.001,0.007096600020304322,4.9248911011545715e-06,0.0004924891101154567,success,
e72fcaca-ffc0-4ddc-9839-2aa1ec512b86,10_10_ambulance,10,10,marmote_mpi,2,1,0.99,0.001,0.006679600104689598,4.9248911011545715e-06,0.0004924891101154567,success,
e72fcaca-ffc0-4ddc-9839-2aa1ec512b86,10_10_ambulance,10,10,marmote_mpi,3,2,0.99,0.001,0.006924599874764681,4.9248911011545715e-06,0.0004924891101154567,success,
e72fcaca-ffc0-4ddc-9839-2aa1ec512b86,10_10_ambulance,10,10,marmote_mpigs,1,0,0.99,0.001,0.006637499900534749,2.9929177003396035e-06,0.0002992917700339601,success,
e72fcaca-ffc0-4ddc-9839-2aa1ec512b86,10_10_ambulance,10,10,marmote_mpigs,2,1,0.99,0.001,0.0062997001223266125,2.9929177003396035e-06,0.0002992917700339601,success,
e72fcaca-ffc0-4ddc-9839-2aa1ec512b86,10_10_ambulance,10,10,marmote_mpigs,3,2,0.99,0.001,0.006961900042369962,2.9929177003396035e-06,0.0002992917700339601,success,
e72fcaca-ffc0-4ddc-9839-2aa1ec512b86,10_10_ambulance,10,10,mdpsolver_vi,1,0,0.99,0.001,0.006191899999976158,0.0,0.0,success,
e72fcaca-ffc0-4ddc-9839-2aa1ec512b86,10_10_ambulance,10,10,mdpsolver_vi,2,1,0.99,0.001,0.006204599980264902,0.0,0.0,success,
e72fcaca-ffc0-4ddc-9839-2aa1ec512b86,10_10_ambulance,10,10,mdpsolver_vi,3,2,0.99,0.001,0.006106599932536483,0.0,0.0,success,
e72fcaca-ffc0-4ddc-9839-2aa1ec512b86,10_10_ambulance,10,10,mdpsolver_vigs,1,0,0.99,0.001,0.006494099972769618,1.4210854715202004e-14,1.4210854715201992e-12,success,
e72fcaca-ffc0-4ddc-9839-2aa1ec512b86,10_10_ambulance,10,10,mdpsolver_vigs,2,1,0.99,0.001,0.006241600029170513,1.4210854715202004e-14,1.4210854715201992e-12,success,
e72fcaca-ffc0-4ddc-9839-2aa1ec512b86,10_10_ambulance,10,10,mdpsolver_vigs,3,2,0.99,0.001,0.0061113000847399235,1.4210854715202004e-14,1.4210854715201992e-12,success,
e72fcaca-ffc0-4ddc-9839-2aa1ec512b86,10_10_ambulance,10,10,mdpsolver_visor,1,0,0.99,0.001,0.006105399923399091,5.684341886080802e-14,5.684341886080797e-12,success,
e72fcaca-ffc0-4ddc-9839-2aa1ec512b86,10_10_ambulance,10,10,mdpsolver_visor,2,1,0.99,0.001,0.006282199872657657,5.684341886080802e-14,5.684341886080797e-12,success,
e72fcaca-ffc0-4ddc-9839-2aa1ec512b86,10_10_ambulance,10,10,mdpsolver_visor,3,2,0.99,0.001,0.0061818999238312244,5.684341886080802e-14,5.684341886080797e-12,success,
e72fcaca-ffc0-4ddc-9839-2aa1ec512b86,10_10_ambulance,10,10,mdpsolver_pi,1,0,0.99,0.001,0.005842600017786026,0.0,0.0,success,
e72fcaca-ffc0-4ddc-9839-2aa1ec512b86,10_10_ambulance,10,10,mdpsolver_pi,2,1,0.99,0.001,0.00587490014731884,0.0,0.0,success,
e72fcaca-ffc0-4ddc-9839-2aa1ec512b86,10_10_ambulance,10,10,mdpsolver_pi,3,2,0.99,0.001,0.005842200014740229,0.0,0.0,success,
e72fcaca-ffc0-4ddc-9839-2aa1ec512b86,10_10_ambulance,10,10,mdpsolver_mpi,1,0,0.99,0.001,0.005672600120306015,0.0,0.0,success,
e72fcaca-ffc0-4ddc-9839-2aa1ec512b86,10_10_ambulance,10,10,mdpsolver_mpi,2,1,0.99,0.001,0.005739999935030937,0.0,0.0,success,
e72fcaca-ffc0-4ddc-9839-2aa1ec512b86,10_10_ambulance,10,10,mdpsolver_mpi,3,2,0.99,0.001,0.0059293999802321196,0.0,0.0,success,
e72fcaca-ffc0-4ddc-9839-2aa1ec512b86,10_10_ambulance,10,10,mdpsolver_mpigs,1,0,0.99,0.001,0.005929100094363093,8.526512829121202e-14,8.526512829121194e-12,success,
e72fcaca-ffc0-4ddc-9839-2aa1ec512b86,10_10_ambulance,10,10,mdpsolver_mpigs,2,1,0.99,0.001,0.00584960007108748,8.526512829121202e-14,8.526512829121194e-12,success,
e72fcaca-ffc0-4ddc-9839-2aa1ec512b86,10_10_ambulance,10,10,mdpsolver_mpigs,3,2,0.99,0.001,0.005895000183954835,8.526512829121202e-14,8.526512829121194e-12,success,
e72fcaca-ffc0-4ddc-9839-2aa1ec512b86,10_10_ambulance,10,10,mdpsolver_mpigs_init,1,0,0.99,0.001,0.006449900101870298,4.780936109227696e-06,0.00047809361092276915,success,
e72fcaca-ffc0-4ddc-9839-2aa1ec512b86,10_10_ambulance,10,10,mdpsolver_mpigs_init,2,1,0.99,0.001,0.006005499977618456,4.780936109227696e-06,0.00047809361092276915,success,
e72fcaca-ffc0-4ddc-9839-2aa1ec512b86,10_10_ambulance,10,10,mdpsolver_mpigs_init,3,2,0.99,0.001,0.006073300028219819,4.780936109227696e-06,0.00047809361092276915,success,
e72fcaca-ffc0-4ddc-9839-2aa1ec512b86,10_10_ambulance,10,10,mdpsolver_mpisor,1,0,0.99,0.001,0.005889899795874953,8.526512829121202e-14,8.526512829121194e-12,success,
e72fcaca-ffc0-4ddc-9839-2aa1ec512b86,10_10_ambulance,10,10,mdpsolver_mpisor,2,1,0.99,0.001,0.005751399789005518,8.526512829121202e-14,8.526512829121194e-12,success,
e72fcaca-ffc0-4ddc-9839-2aa1ec512b86,10_10_ambulance,10,10,mdpsolver_mpisor,3,2,0.99,0.001,0.005917300004512072,8.526512829121202e-14,8.526512829121194e-12,success,
e72fcaca-ffc0-4ddc-9839-2aa1ec512b86,10_10_ambulance,10,10,mdpsolver_mpisor_init,1,0,0.99,0.001,0.005960499867796898,4.780936109227696e-06,0.00047809361092276915,success,
e72fcaca-ffc0-4ddc-9839-2aa1ec512b86,10_10_ambulance,10,10,mdpsolver_mpisor_init,2,1,0.99,0.001,0.006102300016209483,4.780936109227696e-06,0.00047809361092276915,success,
e72fcaca-ffc0-4ddc-9839-2aa1ec512b86,10_10_ambulance,10,10,mdpsolver_mpisor_init,3,2,0.99,0.001,0.00613359990529716,4.780936109227696e-06,0.00047809361092276915,success,
e72fcaca-ffc0-4ddc-9839-2aa1ec512b86,50_10_ambulance_relocation,50,10,mdptoolbox_vi,1,0,0.99,0.001,0.026219400111585855,7.105427357601002e-15,7.105427357600996e-13,success,
e72fcaca-ffc0-4ddc-9839-2aa1ec512b86,50_10_ambulance_relocation,50,10,mdptoolbox_vi,2,1,0.99,0.001,0.027725900057703257,7.105427357601002e-15,7.105427357600996e-13,success,
e72fcaca-ffc0-4ddc-9839-2aa1ec512b86,50_10_ambulance_relocation,50,10,mdptoolbox_vi,3,2,0.99,0.001,0.025096199940890074,7.105427357601002e-15,7.105427357600996e-13,success,
e72fcaca-ffc0-4ddc-9839-2aa1ec512b86,50_10_ambulance_relocation,50,10,mdptoolbox_vigs,1,0,0.99,0.001,0.2114869998767972,2.498785296012329e-06,0.0002498785296012327,success,
e72fcaca-ffc0-4ddc-9839-2aa1ec512b86,50_10_ambulance_relocation,50,10,mdptoolbox_vigs,2,1,0.99,0.001,0.21217640000395477,2.498785296012329e-06,0.0002498785296012327,success,
e72fcaca-ffc0-4ddc-9839-2aa1ec512b86,50_10_ambulance_relocation,50,10,mdptoolbox_vigs,3,2,0.99,0.001,0.20853900001384318,2.498785296012329e-06,0.0002498785296012327,success,
e72fcaca-ffc0-4ddc-9839-2aa1ec512b86,50_10_ambulance_relocation,50,10,mdptoolbox_pi,1,0,0.99,0.001,0.004199799848720431,1.7763568394002505e-14,1.7763568394002488e-12,success,
e72fcaca-ffc0-4ddc-9839-2aa1ec512b86,50_10_ambulance_relocation,50,10,mdptoolbox_pi,2,1,0.99,0.001,0.004154500085860491,1.7763568394002505e-14,1.7763568394002488e-12,success,
e72fcaca-ffc0-4ddc-9839-2aa1ec512b86,50_10_ambulance_relocation,50,10,mdptoolbox_pi,3,2,0.99,0.001,0.004516300046816468,1.7763568394002505e-14,1.7763568394002488e-12,success,
e72fcaca-ffc0-4ddc-9839-2aa1ec512b86,50_10_ambulance_relocation,50,10,mdptoolbox_mpi,1,0,0.99,0.001,0.0030944000463932753,3.552713678800501e-14,3.5527136788004977e-12,success,
e72fcaca-ffc0-4ddc-9839-2aa1ec512b86,50_10_ambulance_relocation,50,10,mdptoolbox_mpi,2,1,0.99,0.001,0.003095300169661641,3.552713678800501e-14,3.5527136788004977e-12,success,
e72fcaca-ffc0-4ddc-9839-2aa1ec512b86,50_10_ambulance_relocation,50,10,mdptoolbox_mpi,3,2,0.99,0.001,0.0031556999310851097,3.552713678800501e-14,3.5527136788004977e-12,success,
e72fcaca-ffc0-4ddc-9839-2aa1ec512b86,50_10_ambulance_relocation,50,10,marmote_vi,1,0,0.99,0.001,0.19743659999221563,3.552713678800501e-15,3.552713678800498e-13,success,
e72fcaca-ffc0-4ddc-9839-2aa1ec512b86,50_10_ambulance_relocation,50,10,marmote_vi,2,1,0.99,0.001,0.19943349994719028,3.552713678800501e-15,3.552713678800498e-13,success,
e72fcaca-ffc0-4ddc-9839-2aa1ec512b86,50_10_ambulance_relocation,50,10,marmote_vi,3,2,0.99,0.001,0.19807719998061657,3.552713678800501e-15,3.552713678800498e-13,success,
e72fcaca-ffc0-4ddc-9839-2aa1ec512b86,50_10_ambulance_relocation,50,10,marmote_vigs,1,0,0.99,0.001,0.1926378000061959,2.4353401073540226e-08,2.4353401073540205e-06,success,
e72fcaca-ffc0-4ddc-9839-2aa1ec512b86,50_10_ambulance_relocation,50,10,marmote_vigs,2,1,0.99,0.001,0.20380949997343123,2.4353401073540226e-08,2.4353401073540205e-06,success,
e72fcaca-ffc0-4ddc-9839-2aa1ec512b86,50_10_ambulance_relocation,50,10,marmote_vigs,3,2,0.99,0.001,0.19650240009650588,2.4353401073540226e-08,2.4353401073540205e-06,success,
e72fcaca-ffc0-4ddc-9839-2aa1ec512b86,50_10_ambulance_relocation,50,10,marmote_mpi,1,0,0.99,0.001,0.1881448000203818,4.922834037301982e-06,0.0004922834037301978,success,
e72fcaca-ffc0-4ddc-9839-2aa1ec512b86,50_10_ambulance_relocation,50,10,marmote_mpi,2,1,0.99,0.001,0.189694199943915,4.922834037301982e-06,0.0004922834037301978,success,
e72fcaca-ffc0-4ddc-9839-2aa1ec512b86,50_10_ambulance_relocation,50,10,marmote_mpi,3,2,0.99,0.001,0.19574519991874695,4.922834037301982e-06,0.0004922834037301978,success,
e72fcaca-ffc0-4ddc-9839-2aa1ec512b86,50_10_ambulance_relocation,50,10,marmote_mpigs,1,0,0.99,0.001,0.18194989999756217,2.4762421908519627e-06,0.00024762421908519606,success,
e72fcaca-ffc0-4ddc-9839-2aa1ec512b86,50_10_ambulance_relocation,50,10,marmote_mpigs,2,1,0.99,0.001,0.1897827999200672,2.4762421908519627e-06,0.00024762421908519606,success,
e72fcaca-ffc0-4ddc-9839-2aa1ec512b86,50_10_ambulance_relocation,50,10,marmote_mpigs,3,2,0.99,0.001,0.18429799983277917,2.4762421908519627e-06,0.00024762421908519606,success,
e72fcaca-ffc0-4ddc-9839-2aa1ec512b86,50_10_ambulance_relocation,50,10,mdpsolver_vi,1,0,0.99,0.001,0.16695199999958277,1.4210854715202004e-14,1.4210854715201992e-12,success,
e72fcaca-ffc0-4ddc-9839-2aa1ec512b86,50_10_ambulance_relocation,50,10,mdpsolver_vi,2,1,0.99,0.001,0.16903720004484057,1.4210854715202004e-14,1.4210854715201992e-12,success,
e72fcaca-ffc0-4ddc-9839-2aa1ec512b86,50_10_ambulance_relocation,50,10,mdpsolver_vi,3,2,0.99,0.001,0.17533849994651973,1.4210854715202004e-14,1.4210854715201992e-12,success,
e72fcaca-ffc0-4ddc-9839-2aa1ec512b86,50_10_ambulance_relocation,50,10,mdpsolver_vigs,1,0,0.99,0.001,0.23423870000988245,2.3816060235049008e-08,2.3816060235048987e-06,success,
e72fcaca-ffc0-4ddc-9839-2aa1ec512b86,50_10_ambulance_relocation,50,10,mdpsolver_vigs,2,1,0.99,0.001,0.2277256001252681,2.3816060235049008e-08,2.3816060235048987e-06,success,
e72fcaca-ffc0-4ddc-9839-2aa1ec512b86,50_10_ambulance_relocation,50,10,mdpsolver_vigs,3,2,0.99,0.001,0.22681239992380142,2.3816060235049008e-08,2.3816060235048987e-06,success,
e72fcaca-ffc0-4ddc-9839-2aa1ec512b86,50_10_ambulance_relocation,50,10,mdpsolver_visor,1,0,0.99,0.001,0.23643249995075166,2.411410093827726e-08,2.411410093827724e-06,success,
e72fcaca-ffc0-4ddc-9839-2aa1ec512b86,50_10_ambulance_relocation,50,10,mdpsolver_visor,2,1,0.99,0.001,0.23937510000541806,2.411410093827726e-08,2.411410093827724e-06,success,
e72fcaca-ffc0-4ddc-9839-2aa1ec512b86,50_10_ambulance_relocation,50,10,mdpsolver_visor,3,2,0.99,0.001,0.23777149990200996,2.411410093827726e-08,2.411410093827724e-06,success,
e72fcaca-ffc0-4ddc-9839-2aa1ec512b86,50_10_ambulance_relocation,50,10,mdpsolver_pi,1,0,0.99,0.001,0.1728279001545161,7.105427357601002e-15,7.105427357600996e-13,success,
e72fcaca-ffc0-4ddc-9839-2aa1ec512b86,50_10_ambulance_relocation,50,10,mdpsolver_pi,2,1,0.99,0.001,0.20318389986641705,7.105427357601002e-15,7.105427357600996e-13,success,
e72fcaca-ffc0-4ddc-9839-2aa1ec512b86,50_10_ambulance_relocation,50,10,mdpsolver_pi,3,2,0.99,0.001,0.16935839992947876,7.105427357601002e-15,7.105427357600996e-13,success,
e72fcaca-ffc0-4ddc-9839-2aa1ec512b86,50_10_ambulance_relocation,50,10,mdpsolver_mpi,1,0,0.99,0.001,0.1660621000919491,1.0658141036401503e-14,1.0658141036401493e-12,success,
e72fcaca-ffc0-4ddc-9839-2aa1ec512b86,50_10_ambulance_relocation,50,10,mdpsolver_mpi,2,1,0.99,0.001,0.16526410006918013,1.0658141036401503e-14,1.0658141036401493e-12,success,
e72fcaca-ffc0-4ddc-9839-2aa1ec512b86,50_10_ambulance_relocation,50,10,mdpsolver_mpi,3,2,0.99,0.001,0.16831650002859533,1.0658141036401503e-14,1.0658141036401493e-12,success,
e72fcaca-ffc0-4ddc-9839-2aa1ec512b86,50_10_ambulance_relocation,50,10,mdpsolver_mpigs,1,0,0.99,0.001,0.17422859999351203,4.7944094241358926e-06,0.0004794409424135888,success,
e72fcaca-ffc0-4ddc-9839-2aa1ec512b86,50_10_ambulance_relocation,50,10,mdpsolver_mpigs,2,1,0.99,0.001,0.17516799992881715,4.7944094241358926e-06,0.0004794409424135888,success,
e72fcaca-ffc0-4ddc-9839-2aa1ec512b86,50_10_ambulance_relocation,50,10,mdpsolver_mpigs,3,2,0.99,0.001,0.17594229988753796,4.7944094241358926e-06,0.0004794409424135888,success,
e72fcaca-ffc0-4ddc-9839-2aa1ec512b86,50_10_ambulance_relocation,50,10,mdpsolver_mpigs_init,1,0,0.99,0.001,0.18305290001444519,4.844345721011223e-06,0.00048443457210112185,success,
e72fcaca-ffc0-4ddc-9839-2aa1ec512b86,50_10_ambulance_relocation,50,10,mdpsolver_mpigs_init,2,1,0.99,0.001,0.17652340000495315,4.844345721011223e-06,0.00048443457210112185,success,
e72fcaca-ffc0-4ddc-9839-2aa1ec512b86,50_10_ambulance_relocation,50,10,mdpsolver_mpigs_init,3,2,0.99,0.001,0.17158200009725988,4.844345721011223e-06,0.00048443457210112185,success,
e72fcaca-ffc0-4ddc-9839-2aa1ec512b86,50_10_ambulance_relocation,50,10,mdpsolver_mpisor,1,0,0.99,0.001,0.17533500003628433,4.7944094241358926e-06,0.0004794409424135888,success,
e72fcaca-ffc0-4ddc-9839-2aa1ec512b86,50_10_ambulance_relocation,50,10,mdpsolver_mpisor,2,1,0.99,0.001,0.17529569985345006,4.7944094241358926e-06,0.0004794409424135888,success,
e72fcaca-ffc0-4ddc-9839-2aa1ec512b86,50_10_ambulance_relocation,50,10,mdpsolver_mpisor,3,2,0.99,0.001,0.17297529987990856,4.7944094241358926e-06,0.0004794409424135888,success,
e72fcaca-ffc0-4ddc-9839-2aa1ec512b86,50_10_ambulance_relocation,50,10,mdpsolver_mpisor_init,1,0,0.99,0.001,0.1724868998862803,4.844345721011223e-06,0.00048443457210112185,success,
e72fcaca-ffc0-4ddc-9839-2aa1ec512b86,50_10_ambulance_relocation,50,10,mdpsolver_mpisor_init,2,1,0.99,0.001,0.17313629994168878,4.844345721011223e-06,0.00048443457210112185,success,
e72fcaca-ffc0-4ddc-9839-2aa1ec512b86,50_10_ambulance_relocation,50,10,mdpsolver_mpisor_init,3,2,0.99,0.001,0.17463719984516501,4.844345721011223e-06,0.00048443457210112185,success,
e72fcaca-ffc0-4ddc-9839-2aa1ec512b86,146_9_barto_3_0.1,146,9,mdptoolbox_vi,1,0,0.99,0.001,0.058420600136741996,6.594565338247094e-09,6.594565338247087e-07,success,
e72fcaca-ffc0-4ddc-9839-2aa1ec512b86,146_9_barto_3_0.1,146,9,mdptoolbox_vi,2,1,0.99,0.001,0.06747690006159246,6.594565338247094e-09,6.594565338247087e-07,success,
e72fcaca-ffc0-4ddc-9839-2aa1ec512b86,146_9_barto_3_0.1,146,9,mdptoolbox_vi,3,2,0.99,0.001,0.0602653999812901,6.594565338247094e-09,6.594565338247087e-07,success,
e72fcaca-ffc0-4ddc-9839-2aa1ec512b86,146_9_barto_3_0.1,146,9,mdptoolbox_vigs,1,0,0.99,0.001,0.014726399909704924,1.353924083957736e-09,1.3539240839577347e-07,success,
e72fcaca-ffc0-4ddc-9839-2aa1ec512b86,146_9_barto_3_0.1,146,9,mdptoolbox_vigs,2,1,0.99,0.001,0.015045200008898973,1.353924083957736e-09,1.3539240839577347e-07,success,
e72fcaca-ffc0-4ddc-9839-2aa1ec512b86,146_9_barto_3_0.1,146,9,mdptoolbox_vigs,3,2,0.99,0.001,0.01532120001502335,1.353924083957736e-09,1.3539240839577347e-07,success,
e72fcaca-ffc0-4ddc-9839-2aa1ec512b86,146_9_barto_3_0.1,146,9,mdptoolbox_pi,1,0,0.99,0.001,nan,nan,nan,timeout,Trial exceeded timeout of 5 s
e72fcaca-ffc0-4ddc-9839-2aa1ec512b86,146_9_barto_3_0.1,146,9,mdptoolbox_pi,2,1,0.99,0.001,nan,nan,nan,timeout,Trial exceeded timeout of 5 s
e72fcaca-ffc0-4ddc-9839-2aa1ec512b86,146_9_barto_3_0.1,146,9,mdptoolbox_pi,3,2,0.99,0.001,nan,nan,nan,timeout,Trial exceeded timeout of 5 s
e72fcaca-ffc0-4ddc-9839-2aa1ec512b86,146_9_barto_3_0.1,146,9,mdptoolbox_mpi,1,0,0.99,0.001,0.007238099817186594,2.0287194146817455e-10,2.028719414681744e-08,success,
e72fcaca-ffc0-4ddc-9839-2aa1ec512b86,146_9_barto_3_0.1,146,9,mdptoolbox_mpi,2,1,0.99,0.001,0.00796339986845851,2.0287194146817455e-10,2.028719414681744e-08,success,
e72fcaca-ffc0-4ddc-9839-2aa1ec512b86,146_9_barto_3_0.1,146,9,mdptoolbox_mpi,3,2,0.99,0.001,0.008115400094538927,2.0287194146817455e-10,2.028719414681744e-08,success,
e72fcaca-ffc0-4ddc-9839-2aa1ec512b86,146_9_barto_3_0.1,146,9,marmote_vi,1,0,0.99,0.001,0.011581899831071496,6.594565338247094e-09,6.594565338247087e-07,success,
e72fcaca-ffc0-4ddc-9839-2aa1ec512b86,146_9_barto_3_0.1,146,9,marmote_vi,2,1,0.99,0.001,0.012411100091412663,6.594565338247094e-09,6.594565338247087e-07,success,
e72fcaca-ffc0-4ddc-9839-2aa1ec512b86,146_9_barto_3_0.1,146,9,marmote_vi,3,2,0.99,0.001,0.012016300112009048,6.594565338247094e-09,6.594565338247087e-07,success,
e72fcaca-ffc0-4ddc-9839-2aa1ec512b86,146_9_barto_3_0.1,146,9,marmote_vigs,1,0,0.99,0.001,0.011965200072154403,1.353924083957736e-09,1.3539240839577347e-07,success,
e72fcaca-ffc0-4ddc-9839-2aa1ec512b86,146_9_barto_3_0.1,146,9,marmote_vigs,2,1,0.99,0.001,0.011755499988794327,1.353924083957736e-09,1.3539240839577347e-07,success,
e72fcaca-ffc0-4ddc-9839-2aa1ec512b86,146_9_barto_3_0.1,146,9,marmote_vigs,3,2,0.99,0.001,0.012352099874988198,1.353924083957736e-09,1.3539240839577347e-07,success,
e72fcaca-ffc0-4ddc-9839-2aa1ec512b86,146_9_barto_3_0.1,146,9,marmote_mpi,1,0,0.99,0.001,0.01254210015758872,4.924891087387806e-06,0.0004924891087387802,success,
e72fcaca-ffc0-4ddc-9839-2aa1ec512b86,146_9_barto_3_0.1,146,9,marmote_mpi,2,1,0.99,0.001,0.012713500065729022,4.924891087387806e-06,0.0004924891087387802,success,
e72fcaca-ffc0-4ddc-9839-2aa1ec512b86,146_9_barto_3_0.1,146,9,marmote_mpi,3,2,0.99,0.001,0.013114700093865395,4.924891087387806e-06,0.0004924891087387802,success,
e72fcaca-ffc0-4ddc-9839-2aa1ec512b86,146_9_barto_3_0.1,146,9,marmote_mpigs,1,0,0.99,0.001,0.012645300012081861,4.875642176333319e-06,0.0004875642176333315,success,
e72fcaca-ffc0-4ddc-9839-2aa1ec512b86,146_9_barto_3_0.1,146,9,marmote_mpigs,2,1,0.99,0.001,0.01358360005542636,4.875642176333319e-06,0.0004875642176333315,success,
e72fcaca-ffc0-4ddc-9839-2aa1ec512b86,146_9_barto_3_0.1,146,9,marmote_mpigs,3,2,0.99,0.001,0.01245559984818101,4.875642176333319e-06,0.0004875642176333315,success,
e72fcaca-ffc0-4ddc-9839-2aa1ec512b86,146_9_barto_3_0.1,146,9,mdpsolver_vi,1,0,0.99,0.001,0.010873599909245968,2.3172532603865552e-09,2.317253260386553e-07,success,
e72fcaca-ffc0-4ddc-9839-2aa1ec512b86,146_9_barto_3_0.1,146,9,mdpsolver_vi,2,1,0.99,0.001,0.01056819991208613,2.3172532603865552e-09,2.317253260386553e-07,success,
e72fcaca-ffc0-4ddc-9839-2aa1ec512b86,146_9_barto_3_0.1,146,9,mdpsolver_vi,3,2,0.99,0.001,0.010710500180721283,2.3172532603865552e-09,2.317253260386553e-07,success,
e72fcaca-ffc0-4ddc-9839-2aa1ec512b86,146_9_barto_3_0.1,146,9,mdpsolver_vigs,1,0,0.99,0.001,0.022245900006964803,2.467662496563605e-08,2.467662496563603e-06,success,
e72fcaca-ffc0-4ddc-9839-2aa1ec512b86,146_9_barto_3_0.1,146,9,mdpsolver_vigs,2,1,0.99,0.001,0.02242709998972714,2.467662496563605e-08,2.467662496563603e-06,success,
e72fcaca-ffc0-4ddc-9839-2aa1ec512b86,146_9_barto_3_0.1,146,9,mdpsolver_vigs,3,2,0.99,0.001,0.023026300128549337,2.467662496563605e-08,2.467662496563603e-06,success,
e72fcaca-ffc0-4ddc-9839-2aa1ec512b86,146_9_barto_3_0.1,146,9,mdpsolver_visor,1,0,0.99,0.001,0.010455500101670623,3.384759139635207e-11,3.3847591396352044e-09,success,
e72fcaca-ffc0-4ddc-9839-2aa1ec512b86,146_9_barto_3_0.1,146,9,mdpsolver_visor,2,1,0.99,0.001,0.01067039999179542,3.384759139635207e-11,3.3847591396352044e-09,success,
e72fcaca-ffc0-4ddc-9839-2aa1ec512b86,146_9_barto_3_0.1,146,9,mdpsolver_visor,3,2,0.99,0.001,0.010727300075814128,3.384759139635207e-11,3.3847591396352044e-09,success,
e72fcaca-ffc0-4ddc-9839-2aa1ec512b86,146_9_barto_3_0.1,146,9,mdpsolver_pi,1,0,0.99,0.001,0.01141729997470975,1.82120638569927e-08,1.8212063856992683e-06,success,
e72fcaca-ffc0-4ddc-9839-2aa1ec512b86,146_9_barto_3_0.1,146,9,mdpsolver_pi,2,1,0.99,0.001,0.011971400119364262,1.82120638569927e-08,1.8212063856992683e-06,success,
e72fcaca-ffc0-4ddc-9839-2aa1ec512b86,146_9_barto_3_0.1,146,9,mdpsolver_pi,3,2,0.99,0.001,0.011732300044968724,1.82120638569927e-08,1.8212063856992683e-06,success,
e72fcaca-ffc0-4ddc-9839-2aa1ec512b86,146_9_barto_3_0.1,146,9,mdpsolver_mpi,1,0,0.99,0.001,0.010427499888464808,6.194993709129903e-07,6.194993709129898e-05,success,
e72fcaca-ffc0-4ddc-9839-2aa1ec512b86,146_9_barto_3_0.1,146,9,mdpsolver_mpi,2,1,0.99,0.001,0.010341699933633208,6.194993709129903e-07,6.194993709129898e-05,success,
e72fcaca-ffc0-4ddc-9839-2aa1ec512b86,146_9_barto_3_0.1,146,9,mdpsolver_mpi,3,2,0.99,0.001,0.0103428999427706,6.194993709129903e-07,6.194993709129898e-05,success,
e72fcaca-ffc0-4ddc-9839-2aa1ec512b86,146_9_barto_3_0.1,146,9,mdpsolver_mpigs,1,0,0.99,0.001,0.01022910000756383,7.127080703384081e-09,7.127080703384075e-07,success,
e72fcaca-ffc0-4ddc-9839-2aa1ec512b86,146_9_barto_3_0.1,146,9,mdpsolver_mpigs,2,1,0.99,0.001,0.010458000004291534,7.127080703384081e-09,7.127080703384075e-07,success,
e72fcaca-ffc0-4ddc-9839-2aa1ec512b86,146_9_barto_3_0.1,146,9,mdpsolver_mpigs,3,2,0.99,0.001,0.010379899991676211,7.127080703384081e-09,7.127080703384075e-07,success,
e72fcaca-ffc0-4ddc-9839-2aa1ec512b86,146_9_barto_3_0.1,146,9,mdpsolver_mpigs_init,1,0,0.99,0.001,0.01038439990952611,7.127080703384081e-09,7.127080703384075e-07,success,
e72fcaca-ffc0-4ddc-9839-2aa1ec512b86,146_9_barto_3_0.1,146,9,mdpsolver_mpigs_init,2,1,0.99,0.001,0.010297799948602915,7.127080703384081e-09,7.127080703384075e-07,success,
e72fcaca-ffc0-4ddc-9839-2aa1ec512b86,146_9_barto_3_0.1,146,9,mdpsolver_mpigs_init,3,2,0.99,0.001,0.010482100071385503,7.127080703384081e-09,7.127080703384075e-07,success,
e72fcaca-ffc0-4ddc-9839-2aa1ec512b86,146_9_barto_3_0.1,146,9,mdpsolver_mpisor,1,0,0.99,0.001,0.010548099875450134,7.127080703384081e-09,7.127080703384075e-07,success,
e72fcaca-ffc0-4ddc-9839-2aa1ec512b86,146_9_barto_3_0.1,146,9,mdpsolver_mpisor,2,1,0.99,0.001,0.010281100170686841,7.127080703384081e-09,7.127080703384075e-07,success,
e72fcaca-ffc0-4ddc-9839-2aa1ec512b86,146_9_barto_3_0.1,146,9,mdpsolver_mpisor,3,2,0.99,0.001,0.010459499899297953,7.127080703384081e-09,7.127080703384075e-07,success,
e72fcaca-ffc0-4ddc-9839-2aa1ec512b86,146_9_barto_3_0.1,146,9,mdpsolver_mpisor_init,1,0,0.99,0.001,0.010297099826857448,7.127080703384081e-09,7.127080703384075e-07,success,
e72fcaca-ffc0-4ddc-9839-2aa1ec512b86,146_9_barto_3_0.1,146,9,mdpsolver_mpisor_init,2,1,0.99,0.001,0.010410400107502937,7.127080703384081e-09,7.127080703384075e-07,success,
e72fcaca-ffc0-4ddc-9839-2aa1ec512b86,146_9_barto_3_0.1,146,9,mdpsolver_mpisor_init,3,2,0.99,0.001,0.010092400014400482,7.127080703384081e-09,7.127080703384075e-07,success,
e72fcaca-ffc0-4ddc-9839-2aa1ec512b86,100_10_block_0.85_10,100,10,mdptoolbox_vi,1,0,0.99,0.001,0.06033260002732277,4.615412763087079e-08,4.615412763087075e-06,success,
e72fcaca-ffc0-4ddc-9839-2aa1ec512b86,100_10_block_0.85_10,100,10,mdptoolbox_vi,2,1,0.99,0.001,0.060818899888545275,4.615412763087079e-08,4.615412763087075e-06,success,
e72fcaca-ffc0-4ddc-9839-2aa1ec512b86,100_10_block_0.85_10,100,10,mdptoolbox_vi,3,2,0.99,0.001,0.05966909998096526,4.615412763087079e-08,4.615412763087075e-06,success,
e72fcaca-ffc0-4ddc-9839-2aa1ec512b86,100_10_block_0.85_10,100,10,mdptoolbox_vigs,1,0,0.99,0.001,0.6661167999263853,1.362068360322155e-06,0.0001362068360322154,success,
e72fcaca-ffc0-4ddc-9839-2aa1ec512b86,100_10_block_0.85_10,100,10,mdptoolbox_vigs,2,1,0.99,0.001,0.664242499973625,1.362068360322155e-06,0.0001362068360322154,success,
e72fcaca-ffc0-4ddc-9839-2aa1ec512b86,100_10_block_0.85_10,100,10,mdptoolbox_vigs,3,2,0.99,0.001,0.6665123000275344,1.362068360322155e-06,0.0001362068360322154,success,
e72fcaca-ffc0-4ddc-9839-2aa1ec512b86,100_10_block_0.85_10,100,10,mdptoolbox_pi,1,0,0.99,0.001,0.008304599905386567,2.7284841053187847e-12,2.728484105318782e-10,success,
e72fcaca-ffc0-4ddc-9839-2aa1ec512b86,100_10_block_0.85_10,100,10,mdptoolbox_pi,2,1,0.99,0.001,0.007555200019851327,2.7284841053187847e-12,2.728484105318782e-10,success,
e72fcaca-ffc0-4ddc-9839-2aa1ec512b86,100_10_block_0.85_10,100,10,mdptoolbox_pi,3,2,0.99,0.001,0.007411599857732654,2.7284841053187847e-12,2.728484105318782e-10,success,
e72fcaca-ffc0-4ddc-9839-2aa1ec512b86,100_10_block_0.85_10,100,10,mdptoolbox_mpi,1,0,0.99,0.001,0.01663689990527928,2.841053174051922e-06,0.0002841053174051919,success,
e72fcaca-ffc0-4ddc-9839-2aa1ec512b86,100_10_block_0.85_10,100,10,mdptoolbox_mpi,2,1,0.99,0.001,0.016261199954897165,2.841053174051922e-06,0.0002841053174051919,success,
e72fcaca-ffc0-4ddc-9839-2aa1ec512b86,100_10_block_0.85_10,100,10,mdptoolbox_mpi,3,2,0.99,0.001,0.01611710013821721,2.841053174051922e-06,0.0002841053174051919,success,
e72fcaca-ffc0-4ddc-9839-2aa1ec512b86,100_10_block_0.85_10,100,10,marmote_vi,1,0,0.99,0.001,0.09504409995861351,1.8189894035458565e-12,1.818989403545855e-10,success,
e72fcaca-ffc0-4ddc-9839-2aa1ec512b86,100_10_block_0.85_10,100,10,marmote_vi,2,1,0.99,0.001,0.0926724998280406,1.8189894035458565e-12,1.818989403545855e-10,success,
e72fcaca-ffc0-4ddc-9839-2aa1ec512b86,100_10_block_0.85_10,100,10,marmote_vi,3,2,0.99,0.001,0.10523499990813434,1.8189894035458565e-12,1.818989403545855e-10,success,
e72fcaca-ffc0-4ddc-9839-2aa1ec512b86,100_10_block_0.85_10,100,10,marmote_vigs,1,0,0.99,0.001,0.12860619998537004,2.3712345864623785e-08,2.3712345864623764e-06,success,
e72fcaca-ffc0-4ddc-9839-2aa1ec512b86,100_10_block_0.85_10,100,10,marmote_vigs,2,1,0.99,0.001,0.08767599985003471,2.3712345864623785e-08,2.3712345864623764e-06,success,
e72fcaca-ffc0-4ddc-9839-2aa1ec512b86,100_10_block_0.85_10,100,10,marmote_vigs,3,2,0.99,0.001,0.08417980000376701,2.3712345864623785e-08,2.3712345864623764e-06,success,
e72fcaca-ffc0-4ddc-9839-2aa1ec512b86,100_10_block_0.85_10,100,10,marmote_mpi,1,0,0.99,0.001,0.0775609000120312,4.857122803514358e-06,0.00048571228035143533,success,
e72fcaca-ffc0-4ddc-9839-2aa1ec512b86,100_10_block_0.85_10,100,10,marmote_mpi,2,1,0.99,0.001,0.07815949991345406,4.857122803514358e-06,0.00048571228035143533,success,
e72fcaca-ffc0-4ddc-9839-2aa1ec512b86,100_10_block_0.85_10,100,10,marmote_mpi,3,2,0.99,0.001,0.07806370011530817,4.857122803514358e-06,0.00048571228035143533,success,
e72fcaca-ffc0-4ddc-9839-2aa1ec512b86,100_10_block_0.85_10,100,10,marmote_mpigs,1,0,0.99,0.001,0.07718569994904101,3.702144567796495e-06,0.00037021445677964916,success,
e72fcaca-ffc0-4ddc-9839-2aa1ec512b86,100_10_block_0.85_10,100,10,marmote_mpigs,2,1,0.99,0.001,0.0794747001491487,3.702144567796495e-06,0.00037021445677964916,success,
e72fcaca-ffc0-4ddc-9839-2aa1ec512b86,100_10_block_0.85_10,100,10,marmote_mpigs,3,2,0.99,0.001,0.07783780014142394,3.702144567796495e-06,0.00037021445677964916,success,
e72fcaca-ffc0-4ddc-9839-2aa1ec512b86,100_10_block_0.85_10,100,10,mdpsolver_vi,1,0,0.99,0.001,0.08006820012815297,4.3068212107755244e-08,4.30682121077552e-06,success,
e72fcaca-ffc0-4ddc-9839-2aa1ec512b86,100_10_block_0.85_10,100,10,mdpsolver_vi,2,1,0.99,0.001,0.078158900141716,4.3068212107755244e-08,4.30682121077552e-06,success,
e72fcaca-ffc0-4ddc-9839-2aa1ec512b86,100_10_block_0.85_10,100,10,mdpsolver_vi,3,2,0.99,0.001,0.07552780001424253,4.3068212107755244e-08,4.30682121077552e-06,success,
e72fcaca-ffc0-4ddc-9839-2aa1ec512b86,100_10_block_0.85_10,100,10,mdpsolver_vigs,1,0,0.99,0.001,0.10704380017705262,2.3336724552791566e-08,2.3336724552791544e-06,success,
e72fcaca-ffc0-4ddc-9839-2aa1ec512b86,100_10_block_0.85_10,100,10,mdpsolver_vigs,2,1,0.99,0.001,0.10603490006178617,2.3336724552791566e-08,2.3336724552791544e-06,success,
e72fcaca-ffc0-4ddc-9839-2aa1ec512b86,100_10_block_0.85_10,100,10,mdpsolver_vigs,3,2,0.99,0.001,0.10655650007538497,2.3336724552791566e-08,2.3336724552791544e-06,success,
e72fcaca-ffc0-4ddc-9839-2aa1ec512b86,100_10_block_0.85_10,100,10,mdpsolver_visor,1,0,0.99,0.001,0.11947999987751245,nan,nan,error,RuntimeError: VI precision not reached: error bound 956.465 > 0.001
e72fcaca-ffc0-4ddc-9839-2aa1ec512b86,100_10_block_0.85_10,100,10,mdpsolver_visor,2,1,0.99,0.001,0.11388509999960661,nan,nan,error,RuntimeError: VI precision not reached: error bound 956.465 > 0.001
e72fcaca-ffc0-4ddc-9839-2aa1ec512b86,100_10_block_0.85_10,100,10,mdpsolver_visor,3,2,0.99,0.001,0.11684150015935302,nan,nan,error,RuntimeError: VI precision not reached: error bound 956.465 > 0.001
e72fcaca-ffc0-4ddc-9839-2aa1ec512b86,100_10_block_0.85_10,100,10,mdpsolver_pi,1,0,0.99,0.001,0.07280570012517273,4.295035068935249e-06,0.0004295035068935245,success,
e72fcaca-ffc0-4ddc-9839-2aa1ec512b86,100_10_block_0.85_10,100,10,mdpsolver_pi,2,1,0.99,0.001,0.07759430003352463,4.295035068935249e-06,0.0004295035068935245,success,
e72fcaca-ffc0-4ddc-9839-2aa1ec512b86,100_10_block_0.85_10,100,10,mdpsolver_pi,3,2,0.99,0.001,0.07257460011169314,4.295035068935249e-06,0.0004295035068935245,success,
e72fcaca-ffc0-4ddc-9839-2aa1ec512b86,100_10_block_0.85_10,100,10,mdpsolver_mpi,1,0,0.99,0.001,0.06912799994461238,8.972451723820996e-06,0.0008972451723820988,success,
e72fcaca-ffc0-4ddc-9839-2aa1ec512b86,100_10_block_0.85_10,100,10,mdpsolver_mpi,2,1,0.99,0.001,0.06974169984459877,8.972451723820996e-06,0.0008972451723820988,success,
e72fcaca-ffc0-4ddc-9839-2aa1ec512b86,100_10_block_0.85_10,100,10,mdpsolver_mpi,3,2,0.99,0.001,0.06997520010918379,8.972451723820996e-06,0.0008972451723820988,success,
e72fcaca-ffc0-4ddc-9839-2aa1ec512b86,100_10_block_0.85_10,100,10,mdpsolver_mpigs,1,0,0.99,0.001,0.07568190013989806,4.626398549589794e-06,0.000462639854958979,success,
e72fcaca-ffc0-4ddc-9839-2aa1ec512b86,100_10_block_0.85_10,100,10,mdpsolver_mpigs,2,1,0.99,0.001,0.07551439991220832,4.626398549589794e-06,0.000462639854958979,success,
e72fcaca-ffc0-4ddc-9839-2aa1ec512b86,100_10_block_0.85_10,100,10,mdpsolver_mpigs,3,2,0.99,0.001,0.07525400002487004,4.626398549589794e-06,0.000462639854958979,success,
e72fcaca-ffc0-4ddc-9839-2aa1ec512b86,100_10_block_0.85_10,100,10,mdpsolver_mpigs_init,1,0,0.99,0.001,0.07432810007594526,4.716566763818264e-06,0.00047165667638182597,success,
e72fcaca-ffc0-4ddc-9839-2aa1ec512b86,100_10_block_0.85_10,100,10,mdpsolver_mpigs_init,2,1,0.99,0.001,0.07404939993284643,4.716566763818264e-06,0.00047165667638182597,success,
e72fcaca-ffc0-4ddc-9839-2aa1ec512b86,100_10_block_0.85_10,100,10,mdpsolver_mpigs_init,3,2,0.99,0.001,0.07586329989135265,4.716566763818264e-06,0.00047165667638182597,success,
e72fcaca-ffc0-4ddc-9839-2aa1ec512b86,100_10_block_0.85_10,100,10,mdpsolver_mpisor,1,0,0.99,0.001,0.07403340004384518,4.626398549589794e-06,0.000462639854958979,success,
e72fcaca-ffc0-4ddc-9839-2aa1ec512b86,100_10_block_0.85_10,100,10,mdpsolver_mpisor,2,1,0.99,0.001,0.0753417001105845,4.626398549589794e-06,0.000462639854958979,success,
e72fcaca-ffc0-4ddc-9839-2aa1ec512b86,100_10_block_0.85_10,100,10,mdpsolver_mpisor,3,2,0.99,0.001,0.07555270008742809,4.626398549589794e-06,0.000462639854958979,success,
e72fcaca-ffc0-4ddc-9839-2aa1ec512b86,100_10_block_0.85_10,100,10,mdpsolver_mpisor_init,1,0,0.99,0.001,0.07332210009917617,4.716566763818264e-06,0.00047165667638182597,success,
e72fcaca-ffc0-4ddc-9839-2aa1ec512b86,100_10_block_0.85_10,100,10,mdpsolver_mpisor_init,2,1,0.99,0.001,0.07329929992556572,4.716566763818264e-06,0.00047165667638182597,success,
e72fcaca-ffc0-4ddc-9839-2aa1ec512b86,100_10_block_0.85_10,100,10,mdpsolver_mpisor_init,3,2,0.99,0.001,0.07332319999113679,4.716566763818264e-06,0.00047165667638182597,success,
e72fcaca-ffc0-4ddc-9839-2aa1ec512b86,96_6_blocks_world,96,6,mdptoolbox_vi,1,0,0.99,0.001,0.07517189998179674,4.986802082385111e-08,4.986802082385107e-06,success,
e72fcaca-ffc0-4ddc-9839-2aa1ec512b86,96_6_blocks_world,96,6,mdptoolbox_vi,2,1,0.99,0.001,0.07417489984072745,4.986802082385111e-08,4.986802082385107e-06,success,
e72fcaca-ffc0-4ddc-9839-2aa1ec512b86,96_6_blocks_world,96,6,mdptoolbox_vi,3,2,0.99,0.001,0.07473550015129149,4.986802082385111e-08,4.986802082385107e-06,success,
e72fcaca-ffc0-4ddc-9839-2aa1ec512b86,96_6_blocks_world,96,6,mdptoolbox_vigs,1,0,0.99,0.001,0.6649627001024783,4.936934772103996e-08,4.9369347721039915e-06,success,
e72fcaca-ffc0-4ddc-9839-2aa1ec512b86,96_6_blocks_world,96,6,mdptoolbox_vigs,2,1,0.99,0.001,0.6937160999514163,4.936934772103996e-08,4.9369347721039915e-06,success,
e72fcaca-ffc0-4ddc-9839-2aa1ec512b86,96_6_blocks_world,96,6,mdptoolbox_vigs,3,2,0.99,0.001,0.6655397000722587,4.936934772103996e-08,4.9369347721039915e-06,success,
e72fcaca-ffc0-4ddc-9839-2aa1ec512b86,96_6_blocks_world,96,6,mdptoolbox_pi,1,0,0.99,0.001,0.007168099982663989,7.322925569954286e-17,7.32292556995428e-15,success,
e72fcaca-ffc0-4ddc-9839-2aa1ec512b86,96_6_blocks_world,96,6,mdptoolbox_pi,2,1,0.99,0.001,0.005958300083875656,7.322925569954286e-17,7.32292556995428e-15,success,
e72fcaca-ffc0-4ddc-9839-2aa1ec512b86,96_6_blocks_world,96,6,mdptoolbox_pi,3,2,0.99,0.001,0.006200500065460801,7.322925569954286e-17,7.32292556995428e-15,success,
e72fcaca-ffc0-4ddc-9839-2aa1ec512b86,96_6_blocks_world,96,6,mdptoolbox_mpi,1,0,0.99,0.001,0.05088589992374182,4.50043983590831e-06,0.0004500439835908306,success,
e72fcaca-ffc0-4ddc-9839-2aa1ec512b86,96_6_blocks_world,96,6,mdptoolbox_mpi,2,1,0.99,0.001,0.050890699960291386,4.50043983590831e-06,0.0004500439835908306,success,
e72fcaca-ffc0-4ddc-9839-2aa1ec512b86,96_6_blocks_world,96,6,mdptoolbox_mpi,3,2,0.99,0.001,0.055529600009322166,4.50043983590831e-06,0.0004500439835908306,success,
e72fcaca-ffc0-4ddc-9839-2aa1ec512b86,96_6_blocks_world,96,6,marmote_vi,1,0,0.99,0.001,0.009457099949941039,2.4925896013883175e-08,2.4925896013883154e-06,success,
e72fcaca-ffc0-4ddc-9839-2aa1ec512b86,96_6_blocks_world,96,6,marmote_vi,2,1,0.99,0.001,0.009507999988272786,2.4925896013883175e-08,2.4925896013883154e-06,success,
e72fcaca-ffc0-4ddc-9839-2aa1ec512b86,96_6_blocks_world,96,6,marmote_vi,3,2,0.99,0.001,0.009557700017467141,2.4925896013883175e-08,2.4925896013883154e-06,success,
e72fcaca-ffc0-4ddc-9839-2aa1ec512b86,96_6_blocks_world,96,6,marmote_vigs,1,0,0.99,0.001,0.009617199888452888,2.4925896013883175e-08,2.4925896013883154e-06,success,
e72fcaca-ffc0-4ddc-9839-2aa1ec512b86,96_6_blocks_world,96,6,marmote_vigs,2,1,0.99,0.001,0.01033849990926683,2.4925896013883175e-08,2.4925896013883154e-06,success,
e72fcaca-ffc0-4ddc-9839-2aa1ec512b86,96_6_blocks_world,96,6,marmote_vigs,3,2,0.99,0.001,0.009727200027555227,2.4925896013883175e-08,2.4925896013883154e-06,success,
e72fcaca-ffc0-4ddc-9839-2aa1ec512b86,96_6_blocks_world,96,6,marmote_mpi,1,0,0.99,0.001,0.00568179995752871,4.9301052911232546e-06,0.000493010529112325,success,
e72fcaca-ffc0-4ddc-9839-2aa1ec512b86,96_6_blocks_world,96,6,marmote_mpi,2,1,0.99,0.001,0.005591599969193339,4.9301052911232546e-06,0.000493010529112325,success,
e72fcaca-ffc0-4ddc-9839-2aa1ec512b86,96_6_blocks_world,96,6,marmote_mpi,3,2,0.99,0.001,0.005697699962183833,4.9301052911232546e-06,0.000493010529112325,success,
e72fcaca-ffc0-4ddc-9839-2aa1ec512b86,96_6_blocks_world,96,6,marmote_mpigs,1,0,0.99,0.001,0.005744999973103404,4.783676224917599e-06,0.00047836762249175947,success,
e72fcaca-ffc0-4ddc-9839-2aa1ec512b86,96_6_blocks_world,96,6,marmote_mpigs,2,1,0.99,0.001,0.0057069999165833,4.783676224917599e-06,0.00047836762249175947,success,
e72fcaca-ffc0-4ddc-9839-2aa1ec512b86,96_6_blocks_world,96,6,marmote_mpigs,3,2,0.99,0.001,0.005609899992123246,4.783676224917599e-06,0.00047836762249175947,success,
e72fcaca-ffc0-4ddc-9839-2aa1ec512b86,96_6_blocks_world,96,6,mdpsolver_vi,1,0,0.99,0.001,0.00997150014154613,4.936934772103996e-08,4.9369347721039915e-06,success,
e72fcaca-ffc0-4ddc-9839-2aa1ec512b86,96_6_blocks_world,96,6,mdpsolver_vi,2,1,0.99,0.001,0.009887299966067076,4.936934772103996e-08,4.9369347721039915e-06,success,
e72fcaca-ffc0-4ddc-9839-2aa1ec512b86,96_6_blocks_world,96,6,mdpsolver_vi,3,2,0.99,0.001,0.010032800026237965,4.936934772103996e-08,4.9369347721039915e-06,success,
e72fcaca-ffc0-4ddc-9839-2aa1ec512b86,96_6_blocks_world,96,6,mdpsolver_vigs,1,0,0.99,0.001,0.010215400019660592,2.4676637622178532e-08,2.467663762217851e-06,success,
e72fcaca-ffc0-4ddc-9839-2aa1ec512b86,96_6_blocks_world,96,6,mdpsolver_vigs,2,1,0.99,0.001,0.009992399951443076,2.4676637622178532e-08,2.467663762217851e-06,success,
e72fcaca-ffc0-4ddc-9839-2aa1ec512b86,96_6_blocks_world,96,6,mdpsolver_vigs,3,2,0.99,0.001,0.010361399967223406,2.4676637622178532e-08,2.467663762217851e-06,success,
e72fcaca-ffc0-4ddc-9839-2aa1ec512b86,96_6_blocks_world,96,6,mdpsolver_visor,1,0,0.99,0.001,0.004805699922144413,nan,nan,error,RuntimeError: VI precision not reached: error bound 200550 > 0.001
e72fcaca-ffc0-4ddc-9839-2aa1ec512b86,96_6_blocks_world,96,6,mdpsolver_visor,2,1,0.99,0.001,0.0045206001959741116,nan,nan,error,RuntimeError: VI precision not reached: error bound 200550 > 0.001
e72fcaca-ffc0-4ddc-9839-2aa1ec512b86,96_6_blocks_world,96,6,mdpsolver_visor,3,2,0.99,0.001,0.004414400085806847,nan,nan,error,RuntimeError: VI precision not reached: error bound 200550 > 0.001
e72fcaca-ffc0-4ddc-9839-2aa1ec512b86,96_6_blocks_world,96,6,mdpsolver_pi,1,0,0.99,0.001,0.005118299974128604,3.98912177956845e-06,0.0003989121779568446,success,
e72fcaca-ffc0-4ddc-9839-2aa1ec512b86,96_6_blocks_world,96,6,mdpsolver_pi,2,1,0.99,0.001,0.005137100117281079,3.98912177956845e-06,0.0003989121779568446,success,
e72fcaca-ffc0-4ddc-9839-2aa1ec512b86,96_6_blocks_world,96,6,mdpsolver_pi,3,2,0.99,0.001,0.005191500065848231,3.98912177956845e-06,0.0003989121779568446,success,
e72fcaca-ffc0-4ddc-9839-2aa1ec512b86,96_6_blocks_world,96,6,mdpsolver_mpi,1,0,0.99,0.001,0.005502399988472462,9.852993670733667e-06,0.0009852993670733659,success,
e72fcaca-ffc0-4ddc-9839-2aa1ec512b86,96_6_blocks_world,96,6,mdpsolver_mpi,2,1,0.99,0.001,0.0053339998703449965,9.852993670733667e-06,0.0009852993670733659,success,
e72fcaca-ffc0-4ddc-9839-2aa1ec512b86,96_6_blocks_world,96,6,mdpsolver_mpi,3,2,0.99,0.001,0.005225899862125516,9.852993670733667e-06,0.0009852993670733659,success,
e72fcaca-ffc0-4ddc-9839-2aa1ec512b86,96_6_blocks_world,96,6,mdpsolver_mpigs,1,0,0.99,0.001,0.0043212000746279955,0.0,0.0,success,
e72fcaca-ffc0-4ddc-9839-2aa1ec512b86,96_6_blocks_world,96,6,mdpsolver_mpigs,2,1,0.99,0.001,0.004684600047767162,0.0,0.0,success,
e72fcaca-ffc0-4ddc-9839-2aa1ec512b86,96_6_blocks_world,96,6,mdpsolver_mpigs,3,2,0.99,0.001,0.004488599952310324,0.0,0.0,success,
e72fcaca-ffc0-4ddc-9839-2aa1ec512b86,96_6_blocks_world,96,6,mdpsolver_mpigs_init,1,0,0.99,0.001,0.004349700175225735,0.0,0.0,success,
e72fcaca-ffc0-4ddc-9839-2aa1ec512b86,96_6_blocks_world,96,6,mdpsolver_mpigs_init,2,1,0.99,0.001,0.00431569991633296,0.0,0.0,success,
e72fcaca-ffc0-4ddc-9839-2aa1ec512b86,96_6_blocks_world,96,6,mdpsolver_mpigs_init,3,2,0.99,0.001,0.004474200075492263,0.0,0.0,success,
e72fcaca-ffc0-4ddc-9839-2aa1ec512b86,96_6_blocks_world,96,6,mdpsolver_mpisor,1,0,0.99,0.001,0.004314300138503313,0.0,0.0,success,
e72fcaca-ffc0-4ddc-9839-2aa1ec512b86,96_6_blocks_world,96,6,mdpsolver_mpisor,2,1,0.99,0.001,0.0043698998633772135,0.0,0.0,success,
e72fcaca-ffc0-4ddc-9839-2aa1ec512b86,96_6_blocks_world,96,6,mdpsolver_mpisor,3,2,0.99,0.001,0.004682700149714947,0.0,0.0,success,
e72fcaca-ffc0-4ddc-9839-2aa1ec512b86,96_6_blocks_world,96,6,mdpsolver_mpisor_init,1,0,0.99,0.001,0.004323099972680211,0.0,0.0,success,
e72fcaca-ffc0-4ddc-9839-2aa1ec512b86,96_6_blocks_world,96,6,mdpsolver_mpisor_init,2,1,0.99,0.001,0.0045396999921649694,0.0,0.0,success,
e72fcaca-ffc0-4ddc-9839-2aa1ec512b86,96_6_blocks_world,96,6,mdpsolver_mpisor_init,3,2,0.99,0.001,0.00436190003529191,0.0,0.0,success,
e72fcaca-ffc0-4ddc-9839-2aa1ec512b86,25_9_jacks_car_rental,25,9,mdptoolbox_vi,1,0,0.99,0.001,0.01249719993211329,2.8439899324439466e-09,2.843989932443944e-07,success,
e72fcaca-ffc0-4ddc-9839-2aa1ec512b86,25_9_jacks_car_rental,25,9,mdptoolbox_vi,2,1,0.99,0.001,0.013292999938130379,2.8439899324439466e-09,2.843989932443944e-07,success,
e72fcaca-ffc0-4ddc-9839-2aa1ec512b86,25_9_jacks_car_rental,25,9,mdptoolbox_vi,3,2,0.99,0.001,0.012742300052195787,2.8439899324439466e-09,2.843989932443944e-07,success,
e72fcaca-ffc0-4ddc-9839-2aa1ec512b86,25_9_jacks_car_rental,25,9,mdptoolbox_vigs,1,0,0.99,0.001,0.14364459994249046,2.150435648218263e-06,0.0002150435648218261,success,
e72fcaca-ffc0-4ddc-9839-2aa1ec512b86,25_9_jacks_car_rental,25,9,mdptoolbox_vigs,2,1,0.99,0.001,0.14381420006975532,2.150435648218263e-06,0.0002150435648218261,success,
e72fcaca-ffc0-4ddc-9839-2aa1ec512b86,25_9_jacks_car_rental,25,9,mdptoolbox_vigs,3,2,0.99,0.001,0.14202359993942082,2.150435648218263e-06,0.0002150435648218261,success,
e72fcaca-ffc0-4ddc-9839-2aa1ec512b86,25_9_jacks_car_rental,25,9,mdptoolbox_pi,1,0,0.99,0.001,0.004662099992856383,2.7284841053187847e-12,2.728484105318782e-10,success,
e72fcaca-ffc0-4ddc-9839-2aa1ec512b86,25_9_jacks_car_rental,25,9,mdptoolbox_pi,2,1,0.99,0.001,0.0045467999298125505,2.7284841053187847e-12,2.728484105318782e-10,success,
e72fcaca-ffc0-4ddc-9839-2aa1ec512b86,25_9_jacks_car_rental,25,9,mdptoolbox_pi,3,2,0.99,0.001,0.0049455000553280115,2.7284841053187847e-12,2.728484105318782e-10,success,
e72fcaca-ffc0-4ddc-9839-2aa1ec512b86,25_9_jacks_car_rental,25,9,mdptoolbox_mpi,1,0,0.99,0.001,0.0032685999758541584,7.09405867382884e-11,7.094058673828834e-09,success,
e72fcaca-ffc0-4ddc-9839-2aa1ec512b86,25_9_jacks_car_rental,25,9,mdptoolbox_mpi,2,1,0.99,0.001,0.00318130012601614,7.09405867382884e-11,7.094058673828834e-09,success,
e72fcaca-ffc0-4ddc-9839-2aa1ec512b86,25_9_jacks_car_rental,25,9,mdptoolbox_mpi,3,2,0.99,0.001,0.003180400002747774,7.09405867382884e-11,7.094058673828834e-09,success,
e72fcaca-ffc0-4ddc-9839-2aa1ec512b86,25_9_jacks_car_rental,25,9,marmote_vi,1,0,0.99,0.001,0.048141099978238344,1.8189894035458565e-12,1.818989403545855e-10,success,
e72fcaca-ffc0-4ddc-9839-2aa1ec512b86,25_9_jacks_car_rental,25,9,marmote_vi,2,1,0.99,0.001,0.047981000039726496,1.8189894035458565e-12,1.818989403545855e-10,success,
e72fcaca-ffc0-4ddc-9839-2aa1ec512b86,25_9_jacks_car_rental,25,9,marmote_vi,3,2,0.99,0.001,0.04765880014747381,1.8189894035458565e-12,1.818989403545855e-10,success,
e72fcaca-ffc0-4ddc-9839-2aa1ec512b86,25_9_jacks_car_rental,25,9,marmote_vigs,1,0,0.99,0.001,0.046195599948987365,1.9641447579488158e-08,1.964144757948814e-06,success,
e72fcaca-ffc0-4ddc-9839-2aa1ec512b86,25_9_jacks_car_rental,25,9,marmote_vigs,2,1,0.99,0.001,0.043810099828988314,1.9641447579488158e-08,1.964144757948814e-06,success,
e72fcaca-ffc0-4ddc-9839-2aa1ec512b86,25_9_jacks_car_rental,25,9,marmote_vigs,3,2,0.99,0.001,0.0439866001252085,1.9641447579488158e-08,1.964144757948814e-06,success,
e72fcaca-ffc0-4ddc-9839-2aa1ec512b86,25_9_jacks_car_rental,25,9,marmote_mpi,1,0,0.99,0.001,0.0413164000492543,4.8987385525833815e-06,0.0004898738552583377,success,
e72fcaca-ffc0-4ddc-9839-2aa1ec512b86,25_9_jacks_car_rental,25,9,marmote_mpi,2,1,0.99,0.001,0.0416831998154521,4.8987385525833815e-06,0.0004898738552583377,success,
e72fcaca-ffc0-4ddc-9839-2aa1ec512b86,25_9_jacks_car_rental,25,9,marmote_mpi,3,2,0.99,0.001,0.04275440005585551,4.8987385525833815e-06,0.0004898738552583377,success,
e72fcaca-ffc0-4ddc-9839-2aa1ec512b86,25_9_jacks_car_rental,25,9,marmote_mpigs,1,0,0.99,0.001,0.04209580016322434,2.903330823755823e-06,0.00029033308237558204,success,
e72fcaca-ffc0-4ddc-9839-2aa1ec512b86,25_9_jacks_car_rental,25,9,marmote_mpigs,2,1,0.99,0.001,0.04080439987592399,2.903330823755823e-06,0.00029033308237558204,success,
e72fcaca-ffc0-4ddc-9839-2aa1ec512b86,25_9_jacks_car_rental,25,9,marmote_mpigs,3,2,0.99,0.001,0.04217389994300902,2.903330823755823e-06,0.00029033308237558204,success,
e72fcaca-ffc0-4ddc-9839-2aa1ec512b86,25_9_jacks_car_rental,25,9,mdpsolver_vi,1,0,0.99,0.001,0.038701900048181415,5.647962098009884e-10,5.647962098009879e-08,success,
e72fcaca-ffc0-4ddc-9839-2aa1ec512b86,25_9_jacks_car_rental,25,9,mdpsolver_vi,2,1,0.99,0.001,0.03833560016937554,5.647962098009884e-10,5.647962098009879e-08,success,
e72fcaca-ffc0-4ddc-9839-2aa1ec512b86,25_9_jacks_car_rental,25,9,mdpsolver_vi,3,2,0.99,0.001,0.039699100190773606,5.647962098009884e-10,5.647962098009879e-08,success,
e72fcaca-ffc0-4ddc-9839-2aa1ec512b86,25_9_jacks_car_rental,25,9,mdpsolver_vigs,1,0,0.99,0.001,0.054778800113126636,1.942407834576443e-08,1.942407834576441e-06,success,
e72fcaca-ffc0-4ddc-9839-2aa1ec512b86,25_9_jacks_car_rental,25,9,mdpsolver_vigs,2,1,0.99,0.001,0.05626059998758137,1.942407834576443e-08,1.942407834576441e-06,success,
e72fcaca-ffc0-4ddc-9839-2aa1ec512b86,25_9_jacks_car_rental,25,9,mdpsolver_vigs,3,2,0.99,0.001,0.05537820002064109,1.942407834576443e-08,1.942407834576441e-06,success,
e72fcaca-ffc0-4ddc-9839-2aa1ec512b86,25_9_jacks_car_rental,25,9,mdpsolver_visor,1,0,0.99,0.001,0.059162399964407086,nan,nan,error,RuntimeError: VI precision not reached: error bound 210.635 > 0.001
e72fcaca-ffc0-4ddc-9839-2aa1ec512b86,25_9_jacks_car_rental,25,9,mdpsolver_visor,2,1,0.99,0.001,0.0592608000151813,nan,nan,error,RuntimeError: VI precision not reached: error bound 210.635 > 0.001
e72fcaca-ffc0-4ddc-9839-2aa1ec512b86,25_9_jacks_car_rental,25,9,mdpsolver_visor,3,2,0.99,0.001,0.05920570017769933,nan,nan,error,RuntimeError: VI precision not reached: error bound 210.635 > 0.001
e72fcaca-ffc0-4ddc-9839-2aa1ec512b86,25_9_jacks_car_rental,25,9,mdpsolver_pi,1,0,0.99,0.001,0.045086099999025464,1.5378191164927557e-07,1.5378191164927544e-05,success,
e72fcaca-ffc0-4ddc-9839-2aa1ec512b86,25_9_jacks_car_rental,25,9,mdpsolver_pi,2,1,0.99,0.001,0.03806290007196367,1.5378191164927557e-07,1.5378191164927544e-05,success,
e72fcaca-ffc0-4ddc-9839-2aa1ec512b86,25_9_jacks_car_rental,25,9,mdpsolver_pi,3,2,0.99,0.001,0.039683799957856536,1.5378191164927557e-07,1.5378191164927544e-05,success,
e72fcaca-ffc0-4ddc-9839-2aa1ec512b86,25_9_jacks_car_rental,25,9,mdpsolver_mpi,1,0,0.99,0.001,0.038201999850571156,2.565202521509491e-07,2.5652025215094885e-05,success,
e72fcaca-ffc0-4ddc-9839-2aa1ec512b86,25_9_jacks_car_rental,25,9,mdpsolver_mpi,2,1,0.99,0.001,0.03812639997340739,2.565202521509491e-07,2.5652025215094885e-05,success,
e72fcaca-ffc0-4ddc-9839-2aa1ec512b86,25_9_jacks_car_rental,25,9,mdpsolver_mpi,3,2,0.99,0.001,0.037669500103220344,2.565202521509491e-07,2.5652025215094885e-05,success,
e72fcaca-ffc0-4ddc-9839-2aa1ec512b86,25_9_jacks_car_rental,25,9,mdpsolver_mpigs,1,0,0.99,0.001,0.040983900194987655,4.7816474761930294e-06,0.0004781647476193025,success,
e72fcaca-ffc0-4ddc-9839-2aa1ec512b86,25_9_jacks_car_rental,25,9,mdpsolver_mpigs,2,1,0.99,0.001,0.041449799900874496,4.7816474761930294e-06,0.0004781647476193025,success,
e72fcaca-ffc0-4ddc-9839-2aa1ec512b86,25_9_jacks_car_rental,25,9,mdpsolver_mpigs,3,2,0.99,0.001,0.04123619990423322,4.7816474761930294e-06,0.0004781647476193025,success,
e72fcaca-ffc0-4ddc-9839-2aa1ec512b86,25_9_jacks_car_rental,25,9,mdpsolver_mpigs_init,1,0,0.99,0.001,0.041093199979513884,4.753652319777757e-06,0.00047536523197777526,success,
e72fcaca-ffc0-4ddc-9839-2aa1ec512b86,25_9_jacks_car_rental,25,9,mdpsolver_mpigs_init,2,1,0.99,0.001,0.04608849994838238,4.753652319777757e-06,0.00047536523197777526,success,
e72fcaca-ffc0-4ddc-9839-2aa1ec512b86,25_9_jacks_car_rental,25,9,mdpsolver_mpigs_init,3,2,0.99,0.001,0.04130539996549487,4.753652319777757e-06,0.00047536523197777526,success,
e72fcaca-ffc0-4ddc-9839-2aa1ec512b86,25_9_jacks_car_rental,25,9,mdpsolver_mpisor,1,0,0.99,0.001,0.047703899908810854,4.7816474761930294e-06,0.0004781647476193025,success,
e72fcaca-ffc0-4ddc-9839-2aa1ec512b86,25_9_jacks_car_rental,25,9,mdpsolver_mpisor,2,1,0.99,0.001,0.04253860004246235,4.7816474761930294e-06,0.0004781647476193025,success,
e72fcaca-ffc0-4ddc-9839-2aa1ec512b86,25_9_jacks_car_rental,25,9,mdpsolver_mpisor,3,2,0.99,0.001,0.04293669993057847,4.7816474761930294e-06,0.0004781647476193025,success,
e72fcaca-ffc0-4ddc-9839-2aa1ec512b86,25_9_jacks_car_rental,25,9,mdpsolver_mpisor_init,1,0,0.99,0.001,0.042117000091820955,4.753652319777757e-06,0.00047536523197777526,success,
e72fcaca-ffc0-4ddc-9839-2aa1ec512b86,25_9_jacks_car_rental,25,9,mdpsolver_mpisor_init,2,1,0.99,0.001,0.04387210006825626,4.753652319777757e-06,0.00047536523197777526,success,
e72fcaca-ffc0-4ddc-9839-2aa1ec512b86,25_9_jacks_car_rental,25,9,mdpsolver_mpisor_init,3,2,0.99,0.001,0.04075009981170297,4.753652319777757e-06,0.00047536523197777526,success,
e72fcaca-ffc0-4ddc-9839-2aa1ec512b86,625_2_cartpole_5_5_5_5,625,2,mdptoolbox_vi,1,0,0.99,0.001,6.280001252889633e-05,nan,nan,error,AssertionError: MDPToolbox VI requires nonconstant maximum immediate rewards across states
e72fcaca-ffc0-4ddc-9839-2aa1ec512b86,625_2_cartpole_5_5_5_5,625,2,mdptoolbox_vi,2,1,0.99,0.001,6.789993494749069e-05,nan,nan,error,AssertionError: MDPToolbox VI requires nonconstant maximum immediate rewards across states
e72fcaca-ffc0-4ddc-9839-2aa1ec512b86,625_2_cartpole_5_5_5_5,625,2,mdptoolbox_vi,3,2,0.99,0.001,7.599988020956516e-05,nan,nan,error,AssertionError: MDPToolbox VI requires nonconstant maximum immediate rewards across states
e72fcaca-ffc0-4ddc-9839-2aa1ec512b86,625_2_cartpole_5_5_5_5,625,2,mdptoolbox_vigs,1,0,0.99,0.001,1.4597463000100106,1.006596747288313e-06,0.00010065967472883121,success,
e72fcaca-ffc0-4ddc-9839-2aa1ec512b86,625_2_cartpole_5_5_5_5,625,2,mdptoolbox_vigs,2,1,0.99,0.001,1.4839612999930978,1.006596747288313e-06,0.00010065967472883121,success,
e72fcaca-ffc0-4ddc-9839-2aa1ec512b86,625_2_cartpole_5_5_5_5,625,2,mdptoolbox_vigs,3,2,0.99,0.001,1.4415577000472695,1.006596747288313e-06,0.00010065967472883121,success,
e72fcaca-ffc0-4ddc-9839-2aa1ec512b86,625_2_cartpole_5_5_5_5,625,2,mdptoolbox_pi,1,0,0.99,0.001,0.02624250017106533,0.0,0.0,success,
e72fcaca-ffc0-4ddc-9839-2aa1ec512b86,625_2_cartpole_5_5_5_5,625,2,mdptoolbox_pi,2,1,0.99,0.001,0.025525999953970313,0.0,0.0,success,
e72fcaca-ffc0-4ddc-9839-2aa1ec512b86,625_2_cartpole_5_5_5_5,625,2,mdptoolbox_pi,3,2,0.99,0.001,0.029266800032928586,0.0,0.0,success,
e72fcaca-ffc0-4ddc-9839-2aa1ec512b86,625_2_cartpole_5_5_5_5,625,2,mdptoolbox_mpi,1,0,0.99,0.001,0.014420100022107363,0.0,0.0,success,
e72fcaca-ffc0-4ddc-9839-2aa1ec512b86,625_2_cartpole_5_5_5_5,625,2,mdptoolbox_mpi,2,1,0.99,0.001,0.015797700034454465,0.0,0.0,success,
e72fcaca-ffc0-4ddc-9839-2aa1ec512b86,625_2_cartpole_5_5_5_5,625,2,mdptoolbox_mpi,3,2,0.99,0.001,0.01549409981817007,0.0,0.0,success,
e72fcaca-ffc0-4ddc-9839-2aa1ec512b86,625_2_cartpole_5_5_5_5,625,2,marmote_vi,1,0,0.99,0.001,0.019765400094911456,0.0,0.0,success,
e72fcaca-ffc0-4ddc-9839-2aa1ec512b86,625_2_cartpole_5_5_5_5,625,2,marmote_vi,2,1,0.99,0.001,0.020137399900704622,0.0,0.0,success,
e72fcaca-ffc0-4ddc-9839-2aa1ec512b86,625_2_cartpole_5_5_5_5,625,2,marmote_vi,3,2,0.99,0.001,0.020700399996712804,0.0,0.0,success,
e72fcaca-ffc0-4ddc-9839-2aa1ec512b86,625_2_cartpole_5_5_5_5,625,2,marmote_vigs,1,0,0.99,0.001,0.020589000079780817,2.492588180302846e-08,2.492588180302844e-06,success,
e72fcaca-ffc0-4ddc-9839-2aa1ec512b86,625_2_cartpole_5_5_5_5,625,2,marmote_vigs,2,1,0.99,0.001,0.019642299972474575,2.492588180302846e-08,2.492588180302844e-06,success,
e72fcaca-ffc0-4ddc-9839-2aa1ec512b86,625_2_cartpole_5_5_5_5,625,2,marmote_vigs,3,2,0.99,0.001,0.020766100147739053,2.492588180302846e-08,2.492588180302844e-06,success,
e72fcaca-ffc0-4ddc-9839-2aa1ec512b86,625_2_cartpole_5_5_5_5,625,2,marmote_mpi,1,0,0.99,0.001,0.010420599952340126,0.0,0.0,success,
e72fcaca-ffc0-4ddc-9839-2aa1ec512b86,625_2_cartpole_5_5_5_5,625,2,marmote_mpi,2,1,0.99,0.001,0.010202100034803152,0.0,0.0,success,
e72fcaca-ffc0-4ddc-9839-2aa1ec512b86,625_2_cartpole_5_5_5_5,625,2,marmote_mpi,3,2,0.99,0.001,0.01042299997061491,0.0,0.0,success,
e72fcaca-ffc0-4ddc-9839-2aa1ec512b86,625_2_cartpole_5_5_5_5,625,2,marmote_mpigs,1,0,0.99,0.001,0.010468499967828393,0.0,0.0,success,
e72fcaca-ffc0-4ddc-9839-2aa1ec512b86,625_2_cartpole_5_5_5_5,625,2,marmote_mpigs,2,1,0.99,0.001,0.009946800069883466,0.0,0.0,success,
e72fcaca-ffc0-4ddc-9839-2aa1ec512b86,625_2_cartpole_5_5_5_5,625,2,marmote_mpigs,3,2,0.99,0.001,0.009904499864205718,0.0,0.0,success,
e72fcaca-ffc0-4ddc-9839-2aa1ec512b86,625_2_cartpole_5_5_5_5,625,2,mdpsolver_vi,1,0,0.99,0.001,0.009113699896261096,0.0,0.0,success,
e72fcaca-ffc0-4ddc-9839-2aa1ec512b86,625_2_cartpole_5_5_5_5,625,2,mdpsolver_vi,2,1,0.99,0.001,0.009525700006633997,0.0,0.0,success,
e72fcaca-ffc0-4ddc-9839-2aa1ec512b86,625_2_cartpole_5_5_5_5,625,2,mdpsolver_vi,3,2,0.99,0.001,0.009077399969100952,0.0,0.0,success,
e72fcaca-ffc0-4ddc-9839-2aa1ec512b86,625_2_cartpole_5_5_5_5,625,2,mdpsolver_vigs,1,0,0.99,0.001,0.009214599849656224,0.0,0.0,success,
e72fcaca-ffc0-4ddc-9839-2aa1ec512b86,625_2_cartpole_5_5_5_5,625,2,mdpsolver_vigs,2,1,0.99,0.001,0.009321100078523159,0.0,0.0,success,
e72fcaca-ffc0-4ddc-9839-2aa1ec512b86,625_2_cartpole_5_5_5_5,625,2,mdpsolver_vigs,3,2,0.99,0.001,0.00922310003079474,0.0,0.0,success,
e72fcaca-ffc0-4ddc-9839-2aa1ec512b86,625_2_cartpole_5_5_5_5,625,2,mdpsolver_visor,1,0,0.99,0.001,0.009237300138920546,0.0,0.0,success,
e72fcaca-ffc0-4ddc-9839-2aa1ec512b86,625_2_cartpole_5_5_5_5,625,2,mdpsolver_visor,2,1,0.99,0.001,0.009150199824944139,0.0,0.0,success,
e72fcaca-ffc0-4ddc-9839-2aa1ec512b86,625_2_cartpole_5_5_5_5,625,2,mdpsolver_visor,3,2,0.99,0.001,0.009571099886670709,0.0,0.0,success,
e72fcaca-ffc0-4ddc-9839-2aa1ec512b86,625_2_cartpole_5_5_5_5,625,2,mdpsolver_pi,1,0,0.99,0.001,0.009309600107371807,0.0,0.0,success,
e72fcaca-ffc0-4ddc-9839-2aa1ec512b86,625_2_cartpole_5_5_5_5,625,2,mdpsolver_pi,2,1,0.99,0.001,0.009231100091710687,0.0,0.0,success,
e72fcaca-ffc0-4ddc-9839-2aa1ec512b86,625_2_cartpole_5_5_5_5,625,2,mdpsolver_pi,3,2,0.99,0.001,0.009127399884164333,0.0,0.0,success,
e72fcaca-ffc0-4ddc-9839-2aa1ec512b86,625_2_cartpole_5_5_5_5,625,2,mdpsolver_mpi,1,0,0.99,0.001,0.009102100040763617,0.0,0.0,success,
e72fcaca-ffc0-4ddc-9839-2aa1ec512b86,625_2_cartpole_5_5_5_5,625,2,mdpsolver_mpi,2,1,0.99,0.001,0.009051700122654438,0.0,0.0,success,
e72fcaca-ffc0-4ddc-9839-2aa1ec512b86,625_2_cartpole_5_5_5_5,625,2,mdpsolver_mpi,3,2,0.99,0.001,0.009441300062462687,0.0,0.0,success,
e72fcaca-ffc0-4ddc-9839-2aa1ec512b86,625_2_cartpole_5_5_5_5,625,2,mdpsolver_mpigs,1,0,0.99,0.001,0.009999600006267428,0.0,0.0,success,
e72fcaca-ffc0-4ddc-9839-2aa1ec512b86,625_2_cartpole_5_5_5_5,625,2,mdpsolver_mpigs,2,1,0.99,0.001,0.00906020007096231,0.0,0.0,success,
e72fcaca-ffc0-4ddc-9839-2aa1ec512b86,625_2_cartpole_5_5_5_5,625,2,mdpsolver_mpigs,3,2,0.99,0.001,0.009028499945998192,0.0,0.0,success,
e72fcaca-ffc0-4ddc-9839-2aa1ec512b86,625_2_cartpole_5_5_5_5,625,2,mdpsolver_mpigs_init,1,0,0.99,0.001,0.009299900149926543,0.0,0.0,success,
e72fcaca-ffc0-4ddc-9839-2aa1ec512b86,625_2_cartpole_5_5_5_5,625,2,mdpsolver_mpigs_init,2,1,0.99,0.001,0.00972680002450943,0.0,0.0,success,
e72fcaca-ffc0-4ddc-9839-2aa1ec512b86,625_2_cartpole_5_5_5_5,625,2,mdpsolver_mpigs_init,3,2,0.99,0.001,0.009539199993014336,0.0,0.0,success,
e72fcaca-ffc0-4ddc-9839-2aa1ec512b86,625_2_cartpole_5_5_5_5,625,2,mdpsolver_mpisor,1,0,0.99,0.001,0.009268200024962425,0.0,0.0,success,
e72fcaca-ffc0-4ddc-9839-2aa1ec512b86,625_2_cartpole_5_5_5_5,625,2,mdpsolver_mpisor,2,1,0.99,0.001,0.009009100031107664,0.0,0.0,success,
e72fcaca-ffc0-4ddc-9839-2aa1ec512b86,625_2_cartpole_5_5_5_5,625,2,mdpsolver_mpisor,3,2,0.99,0.001,0.009561300044879317,0.0,0.0,success,
e72fcaca-ffc0-4ddc-9839-2aa1ec512b86,625_2_cartpole_5_5_5_5,625,2,mdpsolver_mpisor_init,1,0,0.99,0.001,0.009156099986284971,0.0,0.0,success,
e72fcaca-ffc0-4ddc-9839-2aa1ec512b86,625_2_cartpole_5_5_5_5,625,2,mdpsolver_mpisor_init,2,1,0.99,0.001,0.00954239978455007,0.0,0.0,success,
e72fcaca-ffc0-4ddc-9839-2aa1ec512b86,625_2_cartpole_5_5_5_5,625,2,mdpsolver_mpisor_init,3,2,0.99,0.001,0.009308099979534745,0.0,0.0,success,
e72fcaca-ffc0-4ddc-9839-2aa1ec512b86,100_2_chain_walk,100,2,mdptoolbox_vi,1,0,0.99,0.001,0.012659800006076694,2.8569743903972267e-08,2.856974390397224e-06,success,
e72fcaca-ffc0-4ddc-9839-2aa1ec512b86,100_2_chain_walk,100,2,mdptoolbox_vi,2,1,0.99,0.001,0.012800700031220913,2.8569743903972267e-08,2.856974390397224e-06,success,
e72fcaca-ffc0-4ddc-9839-2aa1ec512b86,100_2_chain_walk,100,2,mdptoolbox_vi,3,2,0.99,0.001,0.011052299989387393,2.8569743903972267e-08,2.856974390397224e-06,success,
e72fcaca-ffc0-4ddc-9839-2aa1ec512b86,100_2_chain_walk,100,2,mdptoolbox_vigs,1,0,0.99,0.001,0.2231330000795424,1.1245541031712492e-07,1.1245541031712481e-05,success,
e72fcaca-ffc0-4ddc-9839-2aa1ec512b86,100_2_chain_walk,100,2,mdptoolbox_vigs,2,1,0.99,0.001,0.2192583999130875,1.1245541031712492e-07,1.1245541031712481e-05,success,
e72fcaca-ffc0-4ddc-9839-2aa1ec512b86,100_2_chain_walk,100,2,mdptoolbox_vigs,3,2,0.99,0.001,0.22378999995999038,1.1245541031712492e-07,1.1245541031712481e-05,success,
e72fcaca-ffc0-4ddc-9839-2aa1ec512b86,100_2_chain_walk,100,2,mdptoolbox_pi,1,0,0.99,0.001,0.013570500072091818,1.4210854715202004e-14,1.4210854715201992e-12,success,
e72fcaca-ffc0-4ddc-9839-2aa1ec512b86,100_2_chain_walk,100,2,mdptoolbox_pi,2,1,0.99,0.001,0.016672999830916524,1.4210854715202004e-14,1.4210854715201992e-12,success,
e72fcaca-ffc0-4ddc-9839-2aa1ec512b86,100_2_chain_walk,100,2,mdptoolbox_pi,3,2,0.99,0.001,0.01709889993071556,1.4210854715202004e-14,1.4210854715201992e-12,success,
e72fcaca-ffc0-4ddc-9839-2aa1ec512b86,100_2_chain_walk,100,2,mdptoolbox_mpi,1,0,0.99,0.001,0.012826599879190326,4.688667445407191e-06,0.00046886674454071865,success,
e72fcaca-ffc0-4ddc-9839-2aa1ec512b86,100_2_chain_walk,100,2,mdptoolbox_mpi,2,1,0.99,0.001,0.01328839990310371,4.688667445407191e-06,0.00046886674454071865,success,
e72fcaca-ffc0-4ddc-9839-2aa1ec512b86,100_2_chain_walk,100,2,mdptoolbox_mpi,3,2,0.99,0.001,0.012280999915674329,4.688667445407191e-06,0.00046886674454071865,success,
e72fcaca-ffc0-4ddc-9839-2aa1ec512b86,100_2_chain_walk,100,2,marmote_vi,1,0,0.99,0.001,0.005105199990794063,5.684341886080802e-14,5.684341886080797e-12,success,
e72fcaca-ffc0-4ddc-9839-2aa1ec512b86,100_2_chain_walk,100,2,marmote_vi,2,1,0.99,0.001,0.004987000022083521,5.684341886080802e-14,5.684341886080797e-12,success,
e72fcaca-ffc0-4ddc-9839-2aa1ec512b86,100_2_chain_walk,100,2,marmote_vi,3,2,0.99,0.001,0.005051699932664633,5.684341886080802e-14,5.684341886080797e-12,success,
e72fcaca-ffc0-4ddc-9839-2aa1ec512b86,100_2_chain_walk,100,2,marmote_vigs,1,0,0.99,0.001,0.004763599950820208,2.330993709165341e-08,2.330993709165339e-06,success,
e72fcaca-ffc0-4ddc-9839-2aa1ec512b86,100_2_chain_walk,100,2,marmote_vigs,2,1,0.99,0.001,0.004922799998894334,2.330993709165341e-08,2.330993709165339e-06,success,
e72fcaca-ffc0-4ddc-9839-2aa1ec512b86,100_2_chain_walk,100,2,marmote_vigs,3,2,0.99,0.001,0.004848799901083112,2.330993709165341e-08,2.330993709165339e-06,success,
e72fcaca-ffc0-4ddc-9839-2aa1ec512b86,100_2_chain_walk,100,2,marmote_mpi,1,0,0.99,0.001,0.0041056000627577305,4.912196175155259e-06,0.0004912196175155255,success,
e72fcaca-ffc0-4ddc-9839-2aa1ec512b86,100_2_chain_walk,100,2,marmote_mpi,2,1,0.99,0.001,0.003769999835640192,4.912196175155259e-06,0.0004912196175155255,success,
e72fcaca-ffc0-4ddc-9839-2aa1ec512b86,100_2_chain_walk,100,2,marmote_mpi,3,2,0.99,0.001,0.0038478998467326164,4.912196175155259e-06,0.0004912196175155255,success,
e72fcaca-ffc0-4ddc-9839-2aa1ec512b86,100_2_chain_walk,100,2,marmote_mpigs,1,0,0.99,0.001,0.003846100065857172,4.385041819432445e-06,0.0004385041819432441,success,
e72fcaca-ffc0-4ddc-9839-2aa1ec512b86,100_2_chain_walk,100,2,marmote_mpigs,2,1,0.99,0.001,0.00398849998600781,4.385041819432445e-06,0.0004385041819432441,success,
e72fcaca-ffc0-4ddc-9839-2aa1ec512b86,100_2_chain_walk,100,2,marmote_mpigs,3,2,0.99,0.001,0.0038395998999476433,4.385041819432445e-06,0.0004385041819432441,success,
e72fcaca-ffc0-4ddc-9839-2aa1ec512b86,100_2_chain_walk,100,2,mdpsolver_vi,1,0,0.99,0.001,0.0033011999912559986,1.2174183439128683e-08,1.2174183439128672e-06,success,
e72fcaca-ffc0-4ddc-9839-2aa1ec512b86,100_2_chain_walk,100,2,mdpsolver_vi,2,1,0.99,0.001,0.0033636000007390976,1.2174183439128683e-08,1.2174183439128672e-06,success,
e72fcaca-ffc0-4ddc-9839-2aa1ec512b86,100_2_chain_walk,100,2,mdpsolver_vi,3,2,0.99,0.001,0.0032987999729812145,1.2174183439128683e-08,1.2174183439128672e-06,success,
e72fcaca-ffc0-4ddc-9839-2aa1ec512b86,100_2_chain_walk,100,2,mdpsolver_vigs,1,0,0.99,0.001,0.006097699981182814,2.307684354718731e-08,2.3076843547187288e-06,success,
e72fcaca-ffc0-4ddc-9839-2aa1ec512b86,100_2_chain_walk,100,2,mdpsolver_vigs,2,1,0.99,0.001,0.006155499955639243,2.307684354718731e-08,2.3076843547187288e-06,success,
e72fcaca-ffc0-4ddc-9839-2aa1ec512b86,100_2_chain_walk,100,2,mdpsolver_vigs,3,2,0.99,0.001,0.005813200026750565,2.307684354718731e-08,2.3076843547187288e-06,success,
e72fcaca-ffc0-4ddc-9839-2aa1ec512b86,100_2_chain_walk,100,2,mdpsolver_visor,1,0,0.99,0.001,0.0038270000368356705,1.861481280229782e-08,1.8614812802297803e-06,success,
e72fcaca-ffc0-4ddc-9839-2aa1ec512b86,100_2_chain_walk,100,2,mdpsolver_visor,2,1,0.99,0.001,0.0037020999006927013,1.861481280229782e-08,1.8614812802297803e-06,success,
e72fcaca-ffc0-4ddc-9839-2aa1ec512b86,100_2_chain_walk,100,2,mdpsolver_visor,3,2,0.99,0.001,0.003667500102892518,1.861481280229782e-08,1.8614812802297803e-06,success,
e72fcaca-ffc0-4ddc-9839-2aa1ec512b86,100_2_chain_walk,100,2,mdpsolver_pi,1,0,0.99,0.001,0.005974099971354008,1.4935437064877988e-06,0.00014935437064877974,success,
e72fcaca-ffc0-4ddc-9839-2aa1ec512b86,100_2_chain_walk,100,2,mdpsolver_pi,2,1,0.99,0.001,0.006116500124335289,1.4935437064877988e-06,0.00014935437064877974,success,
e72fcaca-ffc0-4ddc-9839-2aa1ec512b86,100_2_chain_walk,100,2,mdpsolver_pi,3,2,0.99,0.001,0.005943699972704053,1.4935437064877988e-06,0.00014935437064877974,success,
e72fcaca-ffc0-4ddc-9839-2aa1ec512b86,100_2_chain_walk,100,2,mdpsolver_mpi,1,0,0.99,0.001,0.0035840999335050583,9.8606025034087e-06,0.000986060250340869,success,
e72fcaca-ffc0-4ddc-9839-2aa1ec512b86,100_2_chain_walk,100,2,mdpsolver_mpi,2,1,0.99,0.001,0.0037490001413971186,9.8606025034087e-06,0.000986060250340869,success,
e72fcaca-ffc0-4ddc-9839-2aa1ec512b86,100_2_chain_walk,100,2,mdpsolver_mpi,3,2,0.99,0.001,0.003607399994507432,9.8606025034087e-06,0.000986060250340869,success,
e72fcaca-ffc0-4ddc-9839-2aa1ec512b86,100_2_chain_walk,100,2,mdpsolver_mpigs,1,0,0.99,0.001,0.0035346001386642456,2.4609177273759997e-07,2.4609177273759976e-05,success,
e72fcaca-ffc0-4ddc-9839-2aa1ec512b86,100_2_chain_walk,100,2,mdpsolver_mpigs,2,1,0.99,0.001,0.0034614000469446182,2.4609177273759997e-07,2.4609177273759976e-05,success,
e72fcaca-ffc0-4ddc-9839-2aa1ec512b86,100_2_chain_walk,100,2,mdpsolver_mpigs,3,2,0.99,0.001,0.0034429000224918127,2.4609177273759997e-07,2.4609177273759976e-05,success,
e72fcaca-ffc0-4ddc-9839-2aa1ec512b86,100_2_chain_walk,100,2,mdpsolver_mpigs_init,1,0,0.99,0.001,0.004074800061061978,2.4601684600611406e-07,2.4601684600611386e-05,success,
e72fcaca-ffc0-4ddc-9839-2aa1ec512b86,100_2_chain_walk,100,2,mdpsolver_mpigs_init,2,1,0.99,0.001,0.004001299850642681,2.4601684600611406e-07,2.4601684600611386e-05,success,
e72fcaca-ffc0-4ddc-9839-2aa1ec512b86,100_2_chain_walk,100,2,mdpsolver_mpigs_init,3,2,0.99,0.001,0.00399020011536777,2.4601684600611406e-07,2.4601684600611386e-05,success,
e72fcaca-ffc0-4ddc-9839-2aa1ec512b86,100_2_chain_walk,100,2,mdpsolver_mpisor,1,0,0.99,0.001,0.003454799996688962,2.4609177273759997e-07,2.4609177273759976e-05,success,
e72fcaca-ffc0-4ddc-9839-2aa1ec512b86,100_2_chain_walk,100,2,mdpsolver_mpisor,2,1,0.99,0.001,0.003477799938991666,2.4609177273759997e-07,2.4609177273759976e-05,success,
e72fcaca-ffc0-4ddc-9839-2aa1ec512b86,100_2_chain_walk,100,2,mdpsolver_mpisor,3,2,0.99,0.001,0.0034707000013440847,2.4609177273759997e-07,2.4609177273759976e-05,success,
e72fcaca-ffc0-4ddc-9839-2aa1ec512b86,100_2_chain_walk,100,2,mdpsolver_mpisor_init,1,0,0.99,0.001,0.0039755001198500395,2.4601684600611406e-07,2.4601684600611386e-05,success,
e72fcaca-ffc0-4ddc-9839-2aa1ec512b86,100_2_chain_walk,100,2,mdpsolver_mpisor_init,2,1,0.99,0.001,0.00405339989811182,2.4601684600611406e-07,2.4601684600611386e-05,success,
e72fcaca-ffc0-4ddc-9839-2aa1ec512b86,100_2_chain_walk,100,2,mdpsolver_mpisor_init,3,2,0.99,0.001,0.003966799937188625,2.4601684600611406e-07,2.4601684600611386e-05,success,
e72fcaca-ffc0-4ddc-9839-2aa1ec512b86,48_4_cliff,48,4,mdptoolbox_vi,1,0,0.99,0.001,0.009843300096690655,0.0,0.0,success,
e72fcaca-ffc0-4ddc-9839-2aa1ec512b86,48_4_cliff,48,4,mdptoolbox_vi,2,1,0.99,0.001,0.009948099963366985,0.0,0.0,success,
e72fcaca-ffc0-4ddc-9839-2aa1ec512b86,48_4_cliff,48,4,mdptoolbox_vi,3,2,0.99,0.001,0.009575200034305453,0.0,0.0,success,
e72fcaca-ffc0-4ddc-9839-2aa1ec512b86,48_4_cliff,48,4,mdptoolbox_vigs,1,0,0.99,0.001,0.003072200110182166,0.0,0.0,success,
e72fcaca-ffc0-4ddc-9839-2aa1ec512b86,48_4_cliff,48,4,mdptoolbox_vigs,2,1,0.99,0.001,0.003071000101044774,0.0,0.0,success,
e72fcaca-ffc0-4ddc-9839-2aa1ec512b86,48_4_cliff,48,4,mdptoolbox_vigs,3,2,0.99,0.001,0.0035306999925523996,0.0,0.0,success,
e72fcaca-ffc0-4ddc-9839-2aa1ec512b86,48_4_cliff,48,4,mdptoolbox_pi,1,0,0.99,0.001,0.008617599960416555,8.881784197001252e-16,8.881784197001245e-14,success,
e72fcaca-ffc0-4ddc-9839-2aa1ec512b86,48_4_cliff,48,4,mdptoolbox_pi,2,1,0.99,0.001,0.008568599820137024,8.881784197001252e-16,8.881784197001245e-14,success,
e72fcaca-ffc0-4ddc-9839-2aa1ec512b86,48_4_cliff,48,4,mdptoolbox_pi,3,2,0.99,0.001,0.008489000145345926,8.881784197001252e-16,8.881784197001245e-14,success,
e72fcaca-ffc0-4ddc-9839-2aa1ec512b86,48_4_cliff,48,4,mdptoolbox_mpi,1,0,0.99,0.001,0.005472300108522177,4.2099657093785936e-13,4.20996570937859e-11,success,
e72fcaca-ffc0-4ddc-9839-2aa1ec512b86,48_4_cliff,48,4,mdptoolbox_mpi,2,1,0.99,0.001,0.005580399883911014,4.2099657093785936e-13,4.20996570937859e-11,success,
e72fcaca-ffc0-4ddc-9839-2aa1ec512b86,48_4_cliff,48,4,mdptoolbox_mpi,3,2,0.99,0.001,0.005438199965283275,4.2099657093785936e-13,4.20996570937859e-11,success,
e72fcaca-ffc0-4ddc-9839-2aa1ec512b86,48_4_cliff,48,4,marmote_vi,1,0,0.99,0.001,0.002172500127926469,0.0,0.0,success,
e72fcaca-ffc0-4ddc-9839-2aa1ec512b86,48_4_cliff,48,4,marmote_vi,2,1,0.99,0.001,0.002180699957534671,0.0,0.0,success,
e72fcaca-ffc0-4ddc-9839-2aa1ec512b86,48_4_cliff,48,4,marmote_vi,3,2,0.99,0.001,0.0020376001484692097,0.0,0.0,success,
e72fcaca-ffc0-4ddc-9839-2aa1ec512b86,48_4_cliff,48,4,marmote_vigs,1,0,0.99,0.001,0.002031099982559681,0.0,0.0,success,
e72fcaca-ffc0-4ddc-9839-2aa1ec512b86,48_4_cliff,48,4,marmote_vigs,2,1,0.99,0.001,0.0019910000264644623,0.0,0.0,success,
e72fcaca-ffc0-4ddc-9839-2aa1ec512b86,48_4_cliff,48,4,marmote_vigs,3,2,0.99,0.001,0.0026974999345839024,0.0,0.0,success,
e72fcaca-ffc0-4ddc-9839-2aa1ec512b86,48_4_cliff,48,4,marmote_mpi,1,0,0.99,0.001,0.002404299797490239,4.985176760285981e-06,0.0004985176760285977,success,
e72fcaca-ffc0-4ddc-9839-2aa1ec512b86,48_4_cliff,48,4,marmote_mpi,2,1,0.99,0.001,0.0023378999903798103,4.985176760285981e-06,0.0004985176760285977,success,
e72fcaca-ffc0-4ddc-9839-2aa1ec512b86,48_4_cliff,48,4,marmote_mpi,3,2,0.99,0.001,0.0025613000616431236,4.985176760285981e-06,0.0004985176760285977,success,
e72fcaca-ffc0-4ddc-9839-2aa1ec512b86,48_4_cliff,48,4,marmote_mpigs,1,0,0.99,0.001,0.0022909000981599092,4.909047788714815e-06,0.0004909047788714811,success,
e72fcaca-ffc0-4ddc-9839-2aa1ec512b86,48_4_cliff,48,4,marmote_mpigs,2,1,0.99,0.001,0.002287500072270632,4.909047788714815e-06,0.0004909047788714811,success,
e72fcaca-ffc0-4ddc-9839-2aa1ec512b86,48_4_cliff,48,4,marmote_mpigs,3,2,0.99,0.001,0.0022932998836040497,4.909047788714815e-06,0.0004909047788714811,success,
e72fcaca-ffc0-4ddc-9839-2aa1ec512b86,48_4_cliff,48,4,mdpsolver_vi,1,0,0.99,0.001,0.0018966000061482191,3.907985046680551e-14,3.907985046680548e-12,success,
e72fcaca-ffc0-4ddc-9839-2aa1ec512b86,48_4_cliff,48,4,mdpsolver_vi,2,1,0.99,0.001,0.0019466998055577278,3.907985046680551e-14,3.907985046680548e-12,success,
e72fcaca-ffc0-4ddc-9839-2aa1ec512b86,48_4_cliff,48,4,mdpsolver_vi,3,2,0.99,0.001,0.0017997000832110643,3.907985046680551e-14,3.907985046680548e-12,success,
e72fcaca-ffc0-4ddc-9839-2aa1ec512b86,48_4_cliff,48,4,mdpsolver_vigs,1,0,0.99,0.001,0.0038655998650938272,2.467662496563605e-08,2.467662496563603e-06,success,
e72fcaca-ffc0-4ddc-9839-2aa1ec512b86,48_4_cliff,48,4,mdpsolver_vigs,2,1,0.99,0.001,0.0036599000450223684,2.467662496563605e-08,2.467662496563603e-06,success,
e72fcaca-ffc0-4ddc-9839-2aa1ec512b86,48_4_cliff,48,4,mdpsolver_vigs,3,2,0.99,0.001,0.003783400170505047,2.467662496563605e-08,2.467662496563603e-06,success,
e72fcaca-ffc0-4ddc-9839-2aa1ec512b86,48_4_cliff,48,4,mdpsolver_visor,1,0,0.99,0.001,0.0019090999849140644,0.0,0.0,success,
e72fcaca-ffc0-4ddc-9839-2aa1ec512b86,48_4_cliff,48,4,mdpsolver_visor,2,1,0.99,0.001,0.0019729998894035816,0.0,0.0,success,
e72fcaca-ffc0-4ddc-9839-2aa1ec512b86,48_4_cliff,48,4,mdpsolver_visor,3,2,0.99,0.001,0.0018650998827069998,0.0,0.0,success,
e72fcaca-ffc0-4ddc-9839-2aa1ec512b86,48_4_cliff,48,4,mdpsolver_pi,1,0,0.99,0.001,0.0021661000791937113,0.0,0.0,success,
e72fcaca-ffc0-4ddc-9839-2aa1ec512b86,48_4_cliff,48,4,mdpsolver_pi,2,1,0.99,0.001,0.002153600100427866,0.0,0.0,success,
e72fcaca-ffc0-4ddc-9839-2aa1ec512b86,48_4_cliff,48,4,mdpsolver_pi,3,2,0.99,0.001,0.002588300034403801,0.0,0.0,success,
e72fcaca-ffc0-4ddc-9839-2aa1ec512b86,48_4_cliff,48,4,mdpsolver_mpi,1,0,0.99,0.001,0.0018003000877797604,1.509903313490213e-14,1.5099033134902115e-12,success,
e72fcaca-ffc0-4ddc-9839-2aa1ec512b86,48_4_cliff,48,4,mdpsolver_mpi,2,1,0.99,0.001,0.0018219000194221735,1.509903313490213e-14,1.5099033134902115e-12,success,
e72fcaca-ffc0-4ddc-9839-2aa1ec512b86,48_4_cliff,48,4,mdpsolver_mpi,3,2,0.99,0.001,0.001768799964338541,1.509903313490213e-14,1.5099033134902115e-12,success,
e72fcaca-ffc0-4ddc-9839-2aa1ec512b86,48_4_cliff,48,4,mdpsolver_mpigs,1,0,0.99,0.001,0.0018943999893963337,0.0,0.0,success,
e72fcaca-ffc0-4ddc-9839-2aa1ec512b86,48_4_cliff,48,4,mdpsolver_mpigs,2,1,0.99,0.001,0.0017693000845611095,0.0,0.0,success,
e72fcaca-ffc0-4ddc-9839-2aa1ec512b86,48_4_cliff,48,4,mdpsolver_mpigs,3,2,0.99,0.001,0.0017937000375241041,0.0,0.0,success,
e72fcaca-ffc0-4ddc-9839-2aa1ec512b86,48_4_cliff,48,4,mdpsolver_mpigs_init,1,0,0.99,0.001,0.0019958000630140305,0.0,0.0,success,
e72fcaca-ffc0-4ddc-9839-2aa1ec512b86,48_4_cliff,48,4,mdpsolver_mpigs_init,2,1,0.99,0.001,0.0017748000100255013,0.0,0.0,success,
e72fcaca-ffc0-4ddc-9839-2aa1ec512b86,48_4_cliff,48,4,mdpsolver_mpigs_init,3,2,0.99,0.001,0.0017278001178056002,0.0,0.0,success,
e72fcaca-ffc0-4ddc-9839-2aa1ec512b86,48_4_cliff,48,4,mdpsolver_mpisor,1,0,0.99,0.001,0.0017452000174671412,0.0,0.0,success,
e72fcaca-ffc0-4ddc-9839-2aa1ec512b86,48_4_cliff,48,4,mdpsolver_mpisor,2,1,0.99,0.001,0.0017750000115484,0.0,0.0,success,
e72fcaca-ffc0-4ddc-9839-2aa1ec512b86,48_4_cliff,48,4,mdpsolver_mpisor,3,2,0.99,0.001,0.001820600125938654,0.0,0.0,success,
e72fcaca-ffc0-4ddc-9839-2aa1ec512b86,48_4_cliff,48,4,mdpsolver_mpisor_init,1,0,0.99,0.001,0.0017956001684069633,0.0,0.0,success,
e72fcaca-ffc0-4ddc-9839-2aa1ec512b86,48_4_cliff,48,4,mdpsolver_mpisor_init,2,1,0.99,0.001,0.0019123000092804432,0.0,0.0,success,
e72fcaca-ffc0-4ddc-9839-2aa1ec512b86,48_4_cliff,48,4,mdpsolver_mpisor_init,3,2,0.99,0.001,0.0018035999964922667,0.0,0.0,success,
e72fcaca-ffc0-4ddc-9839-2aa1ec512b86,100_10_dam,100,10,mdptoolbox_vi,1,0,0.99,0.001,0.04849640000611544,1.966259333130438e-08,1.966259333130436e-06,success,
e72fcaca-ffc0-4ddc-9839-2aa1ec512b86,100_10_dam,100,10,mdptoolbox_vi,2,1,0.99,0.001,0.04974830010905862,1.966259333130438e-08,1.966259333130436e-06,success,
e72fcaca-ffc0-4ddc-9839-2aa1ec512b86,100_10_dam,100,10,mdptoolbox_vi,3,2,0.99,0.001,0.04821989987976849,1.966259333130438e-08,1.966259333130436e-06,success,
e72fcaca-ffc0-4ddc-9839-2aa1ec512b86,100_10_dam,100,10,mdptoolbox_vigs,1,0,0.99,0.001,0.5854092000517994,1.2345170716798748e-06,0.00012345170716798737,success,
e72fcaca-ffc0-4ddc-9839-2aa1ec512b86,100_10_dam,100,10,mdptoolbox_vigs,2,1,0.99,0.001,0.6022279998287559,1.2345170716798748e-06,0.00012345170716798737,success,
e72fcaca-ffc0-4ddc-9839-2aa1ec512b86,100_10_dam,100,10,mdptoolbox_vigs,3,2,0.99,0.001,0.5911572000477463,1.2345170716798748e-06,0.00012345170716798737,success,
e72fcaca-ffc0-4ddc-9839-2aa1ec512b86,100_10_dam,100,10,mdptoolbox_pi,1,0,0.99,0.001,0.006186699960380793,2.2737367544323206e-13,2.2737367544323187e-11,success,
e72fcaca-ffc0-4ddc-9839-2aa1ec512b86,100_10_dam,100,10,mdptoolbox_pi,2,1,0.99,0.001,0.006341899977996945,2.2737367544323206e-13,2.2737367544323187e-11,success,
e72fcaca-ffc0-4ddc-9839-2aa1ec512b86,100_10_dam,100,10,mdptoolbox_pi,3,2,0.99,0.001,0.006171000190079212,2.2737367544323206e-13,2.2737367544323187e-11,success,
e72fcaca-ffc0-4ddc-9839-2aa1ec512b86,100_10_dam,100,10,mdptoolbox_mpi,1,0,0.99,0.001,0.0043768000323325396,1.3446384627968655e-06,0.00013446384627968644,success,
e72fcaca-ffc0-4ddc-9839-2aa1ec512b86,100_10_dam,100,10,mdptoolbox_mpi,2,1,0.99,0.001,0.00450120004825294,1.3446384627968655e-06,0.00013446384627968644,success,
e72fcaca-ffc0-4ddc-9839-2aa1ec512b86,100_10_dam,100,10,mdptoolbox_mpi,3,2,0.99,0.001,0.004340700106695294,1.3446384627968655e-06,0.00013446384627968644,success,
e72fcaca-ffc0-4ddc-9839-2aa1ec512b86,100_10_dam,100,10,marmote_vi,1,0,0.99,0.001,0.08963520010001957,2.2737367544323206e-13,2.2737367544323187e-11,success,
e72fcaca-ffc0-4ddc-9839-2aa1ec512b86,100_10_dam,100,10,marmote_vi,2,1,0.99,0.001,0.08713889983482659,2.2737367544323206e-13,2.2737367544323187e-11,success,
e72fcaca-ffc0-4ddc-9839-2aa1ec512b86,100_10_dam,100,10,marmote_vi,3,2,0.99,0.001,0.08841329999268055,2.2737367544323206e-13,2.2737367544323187e-11,success,
e72fcaca-ffc0-4ddc-9839-2aa1ec512b86,100_10_dam,100,10,marmote_vigs,1,0,0.99,0.001,0.08180400007404387,2.2101176000433043e-08,2.210117600043302e-06,success,
e72fcaca-ffc0-4ddc-9839-2aa1ec512b86,100_10_dam,100,10,marmote_vigs,2,1,0.99,0.001,0.08120350004173815,2.2101176000433043e-08,2.210117600043302e-06,success,
e72fcaca-ffc0-4ddc-9839-2aa1ec512b86,100_10_dam,100,10,marmote_vigs,3,2,0.99,0.001,0.08242409978993237,2.2101176000433043e-08,2.210117600043302e-06,success,
e72fcaca-ffc0-4ddc-9839-2aa1ec512b86,100_10_dam,100,10,marmote_mpi,1,0,0.99,0.001,0.07548430003225803,4.974557100467791e-06,0.0004974557100467787,success,
e72fcaca-ffc0-4ddc-9839-2aa1ec512b86,100_10_dam,100,10,marmote_mpi,2,1,0.99,0.001,0.07316050003282726,4.974557100467791e-06,0.0004974557100467787,success,
e72fcaca-ffc0-4ddc-9839-2aa1ec512b86,100_10_dam,100,10,marmote_mpi,3,2,0.99,0.001,0.07356199994683266,4.974557100467791e-06,0.0004974557100467787,success,
e72fcaca-ffc0-4ddc-9839-2aa1ec512b86,100_10_dam,100,10,marmote_mpigs,1,0,0.99,0.001,0.07289479998871684,2.8715643338728114e-06,0.00028715643338728087,success,
e72fcaca-ffc0-4ddc-9839-2aa1ec512b86,100_10_dam,100,10,marmote_mpigs,2,1,0.99,0.001,0.07409700006246567,2.8715643338728114e-06,0.00028715643338728087,success,
e72fcaca-ffc0-4ddc-9839-2aa1ec512b86,100_10_dam,100,10,marmote_mpigs,3,2,0.99,0.001,0.07328890007920563,2.8715643338728114e-06,0.00028715643338728087,success,
e72fcaca-ffc0-4ddc-9839-2aa1ec512b86,100_10_dam,100,10,mdpsolver_vi,1,0,0.99,0.001,0.0696423000190407,7.696371540077962e-09,7.696371540077956e-07,success,
e72fcaca-ffc0-4ddc-9839-2aa1ec512b86,100_10_dam,100,10,mdpsolver_vi,2,1,0.99,0.001,0.06876150006428361,7.696371540077962e-09,7.696371540077956e-07,success,
e72fcaca-ffc0-4ddc-9839-2aa1ec512b86,100_10_dam,100,10,mdpsolver_vi,3,2,0.99,0.001,0.08152929996140301,7.696371540077962e-09,7.696371540077956e-07,success,
e72fcaca-ffc0-4ddc-9839-2aa1ec512b86,100_10_dam,100,10,mdpsolver_vigs,1,0,0.99,0.001,0.09976999997161329,2.183583092119079e-08,2.183583092119077e-06,success,
e72fcaca-ffc0-4ddc-9839-2aa1ec512b86,100_10_dam,100,10,mdpsolver_vigs,2,1,0.99,0.001,0.099370599957183,2.183583092119079e-08,2.183583092119077e-06,success,
e72fcaca-ffc0-4ddc-9839-2aa1ec512b86,100_10_dam,100,10,mdpsolver_vigs,3,2,0.99,0.001,0.10078960005193949,2.183583092119079e-08,2.183583092119077e-06,success,
e72fcaca-ffc0-4ddc-9839-2aa1ec512b86,100_10_dam,100,10,mdpsolver_visor,1,0,0.99,0.001,0.10738929989747703,nan,nan,error,RuntimeError: VI precision not reached: error bound 40.3369 > 0.001
e72fcaca-ffc0-4ddc-9839-2aa1ec512b86,100_10_dam,100,10,mdpsolver_visor,2,1,0.99,0.001,0.10639160010032356,nan,nan,error,RuntimeError: VI precision not reached: error bound 40.3369 > 0.001
e72fcaca-ffc0-4ddc-9839-2aa1ec512b86,100_10_dam,100,10,mdpsolver_visor,3,2,0.99,0.001,0.10656080022454262,nan,nan,error,RuntimeError: VI precision not reached: error bound 40.3369 > 0.001
e72fcaca-ffc0-4ddc-9839-2aa1ec512b86,100_10_dam,100,10,mdpsolver_pi,1,0,0.99,0.001,0.06639340007677674,5.289292630550335e-07,5.2892926305503304e-05,success,
e72fcaca-ffc0-4ddc-9839-2aa1ec512b86,100_10_dam,100,10,mdpsolver_pi,2,1,0.99,0.001,0.06865180004388094,5.289292630550335e-07,5.2892926305503304e-05,success,
e72fcaca-ffc0-4ddc-9839-2aa1ec512b86,100_10_dam,100,10,mdpsolver_pi,3,2,0.99,0.001,0.06929470016621053,5.289292630550335e-07,5.2892926305503304e-05,success,
e72fcaca-ffc0-4ddc-9839-2aa1ec512b86,100_10_dam,100,10,mdpsolver_mpi,1,0,0.99,0.001,0.06785370013676584,2.695412376851891e-06,0.0002695412376851889,success,
e72fcaca-ffc0-4ddc-9839-2aa1ec512b86,100_10_dam,100,10,mdpsolver_mpi,2,1,0.99,0.001,0.07045340002514422,2.695412376851891e-06,0.0002695412376851889,success,
e72fcaca-ffc0-4ddc-9839-2aa1ec512b86,100_10_dam,100,10,mdpsolver_mpi,3,2,0.99,0.001,0.0675764000043273,2.695412376851891e-06,0.0002695412376851889,success,
e72fcaca-ffc0-4ddc-9839-2aa1ec512b86,100_10_dam,100,10,mdpsolver_mpigs,1,0,0.99,0.001,0.07300849980674684,4.284735155124508e-06,0.00042847351551245045,success,
e72fcaca-ffc0-4ddc-9839-2aa1ec512b86,100_10_dam,100,10,mdpsolver_mpigs,2,1,0.99,0.001,0.07339919987134635,4.284735155124508e-06,0.00042847351551245045,success,
e72fcaca-ffc0-4ddc-9839-2aa1ec512b86,100_10_dam,100,10,mdpsolver_mpigs,3,2,0.99,0.001,0.07257409999147058,4.284735155124508e-06,0.00042847351551245045,success,
e72fcaca-ffc0-4ddc-9839-2aa1ec512b86,100_10_dam,100,10,mdpsolver_mpigs_init,1,0,0.99,0.001,0.07226789998821914,4.303829200580367e-06,0.0004303829200580363,success,
e72fcaca-ffc0-4ddc-9839-2aa1ec512b86,100_10_dam,100,10,mdpsolver_mpigs_init,2,1,0.99,0.001,0.07209350005723536,4.303829200580367e-06,0.0004303829200580363,success,
e72fcaca-ffc0-4ddc-9839-2aa1ec512b86,100_10_dam,100,10,mdpsolver_mpigs_init,3,2,0.99,0.001,0.0711680999957025,4.303829200580367e-06,0.0004303829200580363,success,
e72fcaca-ffc0-4ddc-9839-2aa1ec512b86,100_10_dam,100,10,mdpsolver_mpisor,1,0,0.99,0.001,0.0746849998831749,4.284735155124508e-06,0.00042847351551245045,success,
e72fcaca-ffc0-4ddc-9839-2aa1ec512b86,100_10_dam,100,10,mdpsolver_mpisor,2,1,0.99,0.001,0.0704958001151681,4.284735155124508e-06,0.00042847351551245045,success,
e72fcaca-ffc0-4ddc-9839-2aa1ec512b86,100_10_dam,100,10,mdpsolver_mpisor,3,2,0.99,0.001,0.07326350011862814,4.284735155124508e-06,0.00042847351551245045,success,
e72fcaca-ffc0-4ddc-9839-2aa1ec512b86,100_10_dam,100,10,mdpsolver_mpisor_init,1,0,0.99,0.001,0.07151899999007583,4.303829200580367e-06,0.0004303829200580363,success,
e72fcaca-ffc0-4ddc-9839-2aa1ec512b86,100_10_dam,100,10,mdpsolver_mpisor_init,2,1,0.99,0.001,0.0743798001203686,4.303829200580367e-06,0.0004303829200580363,success,
e72fcaca-ffc0-4ddc-9839-2aa1ec512b86,100_10_dam,100,10,mdpsolver_mpisor_init,3,2,0.99,0.001,0.07159759989008307,4.303829200580367e-06,0.0004303829200580363,success,
e72fcaca-ffc0-4ddc-9839-2aa1ec512b86,272_5_elevator,272,5,mdptoolbox_vi,1,0,0.99,0.001,0.11986660002730787,4.983553480997216e-08,4.983553480997212e-06,success,
e72fcaca-ffc0-4ddc-9839-2aa1ec512b86,272_5_elevator,272,5,mdptoolbox_vi,2,1,0.99,0.001,0.12150819995440543,4.983553480997216e-08,4.983553480997212e-06,success,
e72fcaca-ffc0-4ddc-9839-2aa1ec512b86,272_5_elevator,272,5,mdptoolbox_vi,3,2,0.99,0.001,0.11802940000779927,4.983553480997216e-08,4.983553480997212e-06,success,
e72fcaca-ffc0-4ddc-9839-2aa1ec512b86,272_5_elevator,272,5,mdptoolbox_vigs,1,0,0.99,0.001,1.8049666001461446,4.9337188556819456e-08,4.933718855681941e-06,success,
e72fcaca-ffc0-4ddc-9839-2aa1ec512b86,272_5_elevator,272,5,mdptoolbox_vigs,2,1,0.99,0.001,1.789177699945867,4.9337188556819456e-08,4.933718855681941e-06,success,
e72fcaca-ffc0-4ddc-9839-2aa1ec512b86,272_5_elevator,272,5,mdptoolbox_vigs,3,2,0.99,0.001,1.798830500105396,4.9337188556819456e-08,4.933718855681941e-06,success,
e72fcaca-ffc0-4ddc-9839-2aa1ec512b86,272_5_elevator,272,5,mdptoolbox_pi,1,0,0.99,0.001,0.02192319999448955,1.7763568394002505e-15,1.776356839400249e-13,success,
e72fcaca-ffc0-4ddc-9839-2aa1ec512b86,272_5_elevator,272,5,mdptoolbox_pi,2,1,0.99,0.001,0.023275500163435936,1.7763568394002505e-15,1.776356839400249e-13,success,
e72fcaca-ffc0-4ddc-9839-2aa1ec512b86,272_5_elevator,272,5,mdptoolbox_pi,3,2,0.99,0.001,0.021950199967250228,1.7763568394002505e-15,1.776356839400249e-13,success,
e72fcaca-ffc0-4ddc-9839-2aa1ec512b86,272_5_elevator,272,5,mdptoolbox_mpi,1,0,0.99,0.001,0.10255079995840788,4.7770593685214635e-06,0.0004777059368521459,success,
e72fcaca-ffc0-4ddc-9839-2aa1ec512b86,272_5_elevator,272,5,mdptoolbox_mpi,2,1,0.99,0.001,0.11299420008435845,4.7770593685214635e-06,0.0004777059368521459,success,
e72fcaca-ffc0-4ddc-9839-2aa1ec512b86,272_5_elevator,272,5,mdptoolbox_mpi,3,2,0.99,0.001,0.1128359001595527,4.7770593685214635e-06,0.0004777059368521459,success,
e72fcaca-ffc0-4ddc-9839-2aa1ec512b86,272_5_elevator,272,5,marmote_vi,1,0,0.99,0.001,0.023270899895578623,2.4909638796088984e-08,2.4909638796088963e-06,success,
e72fcaca-ffc0-4ddc-9839-2aa1ec512b86,272_5_elevator,272,5,marmote_vi,2,1,0.99,0.001,0.02293710014782846,2.4909638796088984e-08,2.4909638796088963e-06,success,
e72fcaca-ffc0-4ddc-9839-2aa1ec512b86,272_5_elevator,272,5,marmote_vi,3,2,0.99,0.001,0.023098499979823828,2.4909638796088984e-08,2.4909638796088963e-06,success,
e72fcaca-ffc0-4ddc-9839-2aa1ec512b86,272_5_elevator,272,5,marmote_vigs,1,0,0.99,0.001,0.021903099957853556,2.4909638796088984e-08,2.4909638796088963e-06,success,
e72fcaca-ffc0-4ddc-9839-2aa1ec512b86,272_5_elevator,272,5,marmote_vigs,2,1,0.99,0.001,0.022227599984034896,2.4909638796088984e-08,2.4909638796088963e-06,success,
e72fcaca-ffc0-4ddc-9839-2aa1ec512b86,272_5_elevator,272,5,marmote_vigs,3,2,0.99,0.001,0.022417600033804774,2.4909638796088984e-08,2.4909638796088963e-06,success,
e72fcaca-ffc0-4ddc-9839-2aa1ec512b86,272_5_elevator,272,5,marmote_mpi,1,0,0.99,0.001,0.01356710004620254,4.855299673423019e-06,0.0004855299673423015,success,
e72fcaca-ffc0-4ddc-9839-2aa1ec512b86,272_5_elevator,272,5,marmote_mpi,2,1,0.99,0.001,0.013545699883252382,4.855299673423019e-06,0.0004855299673423015,success,
e72fcaca-ffc0-4ddc-9839-2aa1ec512b86,272_5_elevator,272,5,marmote_mpi,3,2,0.99,0.001,0.014085999922826886,4.855299673423019e-06,0.0004855299673423015,success,
e72fcaca-ffc0-4ddc-9839-2aa1ec512b86,272_5_elevator,272,5,marmote_mpigs,1,0,0.99,0.001,0.013890299946069717,4.711092417508667e-06,0.0004711092417508662,success,
e72fcaca-ffc0-4ddc-9839-2aa1ec512b86,272_5_elevator,272,5,marmote_mpigs,2,1,0.99,0.001,0.01377149997279048,4.711092417508667e-06,0.0004711092417508662,success,
e72fcaca-ffc0-4ddc-9839-2aa1ec512b86,272_5_elevator,272,5,marmote_mpigs,3,2,0.99,0.001,0.013864400098100305,4.711092417508667e-06,0.0004711092417508662,success,
e72fcaca-ffc0-4ddc-9839-2aa1ec512b86,272_5_elevator,272,5,mdpsolver_vi,1,0,0.99,0.001,0.023890000069513917,4.9337188556819456e-08,4.933718855681941e-06,success,
e72fcaca-ffc0-4ddc-9839-2aa1ec512b86,272_5_elevator,272,5,mdpsolver_vi,2,1,0.99,0.001,0.023996799951419234,4.9337188556819456e-08,4.933718855681941e-06,success,
e72fcaca-ffc0-4ddc-9839-2aa1ec512b86,272_5_elevator,272,5,mdpsolver_vi,3,2,0.99,0.001,0.0243559000082314,4.9337188556819456e-08,4.933718855681941e-06,success,
e72fcaca-ffc0-4ddc-9839-2aa1ec512b86,272_5_elevator,272,5,mdpsolver_vigs,1,0,0.99,0.001,0.024393700063228607,2.4660550934640924e-08,2.4660550934640902e-06,success,
e72fcaca-ffc0-4ddc-9839-2aa1ec512b86,272_5_elevator,272,5,mdpsolver_vigs,2,1,0.99,0.001,0.024441800080239773,2.4660550934640924e-08,2.4660550934640902e-06,success,
e72fcaca-ffc0-4ddc-9839-2aa1ec512b86,272_5_elevator,272,5,mdpsolver_vigs,3,2,0.99,0.001,0.025034500053152442,2.4660550934640924e-08,2.4660550934640902e-06,success,
e72fcaca-ffc0-4ddc-9839-2aa1ec512b86,272_5_elevator,272,5,mdpsolver_visor,1,0,0.99,0.001,0.010320800123736262,0.0,0.0,success,
e72fcaca-ffc0-4ddc-9839-2aa1ec512b86,272_5_elevator,272,5,mdpsolver_visor,2,1,0.99,0.001,0.010465800063684583,0.0,0.0,success,
e72fcaca-ffc0-4ddc-9839-2aa1ec512b86,272_5_elevator,272,5,mdpsolver_visor,3,2,0.99,0.001,0.010520400013774633,0.0,0.0,success,
e72fcaca-ffc0-4ddc-9839-2aa1ec512b86,272_5_elevator,272,5,mdpsolver_pi,1,0,0.99,0.001,0.017254799837246537,1.6362694310601e-08,1.6362694310600986e-06,success,
e72fcaca-ffc0-4ddc-9839-2aa1ec512b86,272_5_elevator,272,5,mdpsolver_pi,2,1,0.99,0.001,0.01727720000781119,1.6362694310601e-08,1.6362694310600986e-06,success,
e72fcaca-ffc0-4ddc-9839-2aa1ec512b86,272_5_elevator,272,5,mdpsolver_pi,3,2,0.99,0.001,0.017572599928826094,1.6362694310601e-08,1.6362694310600986e-06,success,
e72fcaca-ffc0-4ddc-9839-2aa1ec512b86,272_5_elevator,272,5,mdpsolver_mpi,1,0,0.99,0.001,0.013234400190412998,9.846571735749876e-06,0.0009846571735749867,success,
e72fcaca-ffc0-4ddc-9839-2aa1ec512b86,272_5_elevator,272,5,mdpsolver_mpi,2,1,0.99,0.001,0.013210400007665157,9.846571735749876e-06,0.0009846571735749867,success,
e72fcaca-ffc0-4ddc-9839-2aa1ec512b86,272_5_elevator,272,5,mdpsolver_mpi,3,2,0.99,0.001,0.013062200043350458,9.846571735749876e-06,0.0009846571735749867,success,
e72fcaca-ffc0-4ddc-9839-2aa1ec512b86,272_5_elevator,272,5,mdpsolver_mpigs,1,0,0.99,0.001,0.010095599805936217,0.0,0.0,success,
e72fcaca-ffc0-4ddc-9839-2aa1ec512b86,272_5_elevator,272,5,mdpsolver_mpigs,2,1,0.99,0.001,0.010114999953657389,0.0,0.0,success,
e72fcaca-ffc0-4ddc-9839-2aa1ec512b86,272_5_elevator,272,5,mdpsolver_mpigs,3,2,0.99,0.001,0.009930199943482876,0.0,0.0,success,
e72fcaca-ffc0-4ddc-9839-2aa1ec512b86,272_5_elevator,272,5,mdpsolver_mpigs_init,1,0,0.99,0.001,0.010290200123563409,0.0,0.0,success,
e72fcaca-ffc0-4ddc-9839-2aa1ec512b86,272_5_elevator,272,5,mdpsolver_mpigs_init,2,1,0.99,0.001,0.011890399968251586,0.0,0.0,success,
e72fcaca-ffc0-4ddc-9839-2aa1ec512b86,272_5_elevator,272,5,mdpsolver_mpigs_init,3,2,0.99,0.001,0.010430700145661831,0.0,0.0,success,
e72fcaca-ffc0-4ddc-9839-2aa1ec512b86,272_5_elevator,272,5,mdpsolver_mpisor,1,0,0.99,0.001,0.010013800114393234,0.0,0.0,success,
e72fcaca-ffc0-4ddc-9839-2aa1ec512b86,272_5_elevator,272,5,mdpsolver_mpisor,2,1,0.99,0.001,0.010004800045862794,0.0,0.0,success,
e72fcaca-ffc0-4ddc-9839-2aa1ec512b86,272_5_elevator,272,5,mdpsolver_mpisor,3,2,0.99,0.001,0.010414199903607368,0.0,0.0,success,
e72fcaca-ffc0-4ddc-9839-2aa1ec512b86,272_5_elevator,272,5,mdpsolver_mpisor_init,1,0,0.99,0.001,0.010042699985206127,0.0,0.0,success,
e72fcaca-ffc0-4ddc-9839-2aa1ec512b86,272_5_elevator,272,5,mdpsolver_mpisor_init,2,1,0.99,0.001,0.010154300136491656,0.0,0.0,success,
e72fcaca-ffc0-4ddc-9839-2aa1ec512b86,272_5_elevator,272,5,mdpsolver_mpisor_init,3,2,0.99,0.001,0.010112500051036477,0.0,0.0,success,
e72fcaca-ffc0-4ddc-9839-2aa1ec512b86,100_2_forest,100,2,mdptoolbox_vi,1,0,0.99,0.001,0.011133199790492654,4.263256414560601e-14,4.263256414560597e-12,success,
e72fcaca-ffc0-4ddc-9839-2aa1ec512b86,100_2_forest,100,2,mdptoolbox_vi,2,1,0.99,0.001,0.011235499987378716,4.263256414560601e-14,4.263256414560597e-12,success,
e72fcaca-ffc0-4ddc-9839-2aa1ec512b86,100_2_forest,100,2,mdptoolbox_vi,3,2,0.99,0.001,0.011803800007328391,4.263256414560601e-14,4.263256414560597e-12,success,
e72fcaca-ffc0-4ddc-9839-2aa1ec512b86,100_2_forest,100,2,mdptoolbox_vigs,1,0,0.99,0.001,0.13635439984500408,4.460648071358264e-06,0.00044606480713582603,success,
e72fcaca-ffc0-4ddc-9839-2aa1ec512b86,100_2_forest,100,2,mdptoolbox_vigs,2,1,0.99,0.001,0.136634900001809,4.460648071358264e-06,0.00044606480713582603,success,
e72fcaca-ffc0-4ddc-9839-2aa1ec512b86,100_2_forest,100,2,mdptoolbox_vigs,3,2,0.99,0.001,0.13600119994953275,4.460648071358264e-06,0.00044606480713582603,success,
e72fcaca-ffc0-4ddc-9839-2aa1ec512b86,100_2_forest,100,2,mdptoolbox_pi,1,0,0.99,0.001,0.018394799903035164,2.842170943040401e-14,2.8421709430403983e-12,success,
e72fcaca-ffc0-4ddc-9839-2aa1ec512b86,100_2_forest,100,2,mdptoolbox_pi,2,1,0.99,0.001,0.017900600098073483,2.842170943040401e-14,2.8421709430403983e-12,success,
e72fcaca-ffc0-4ddc-9839-2aa1ec512b86,100_2_forest,100,2,mdptoolbox_pi,3,2,0.99,0.001,0.017900299979373813,2.842170943040401e-14,2.8421709430403983e-12,success,
e72fcaca-ffc0-4ddc-9839-2aa1ec512b86,100_2_forest,100,2,mdptoolbox_mpi,1,0,0.99,0.001,0.011588800000026822,5.684341886080802e-14,5.684341886080797e-12,success,
e72fcaca-ffc0-4ddc-9839-2aa1ec512b86,100_2_forest,100,2,mdptoolbox_mpi,2,1,0.99,0.001,0.010846500052139163,5.684341886080802e-14,5.684341886080797e-12,success,
e72fcaca-ffc0-4ddc-9839-2aa1ec512b86,100_2_forest,100,2,mdptoolbox_mpi,3,2,0.99,0.001,0.011470699915662408,5.684341886080802e-14,5.684341886080797e-12,success,
e72fcaca-ffc0-4ddc-9839-2aa1ec512b86,100_2_forest,100,2,marmote_vi,1,0,0.99,0.001,0.004284799797460437,5.684341886080802e-14,5.684341886080797e-12,success,
e72fcaca-ffc0-4ddc-9839-2aa1ec512b86,100_2_forest,100,2,marmote_vi,2,1,0.99,0.001,0.004301000153645873,5.684341886080802e-14,5.684341886080797e-12,success,
e72fcaca-ffc0-4ddc-9839-2aa1ec512b86,100_2_forest,100,2,marmote_vi,3,2,0.99,0.001,0.0043333000503480434,5.684341886080802e-14,5.684341886080797e-12,success,
e72fcaca-ffc0-4ddc-9839-2aa1ec512b86,100_2_forest,100,2,marmote_vigs,1,0,0.99,0.001,0.004232000093907118,2.4767388140389812e-09,2.476738814038979e-07,success,
e72fcaca-ffc0-4ddc-9839-2aa1ec512b86,100_2_forest,100,2,marmote_vigs,2,1,0.99,0.001,0.004450999898836017,2.4767388140389812e-09,2.476738814038979e-07,success,
e72fcaca-ffc0-4ddc-9839-2aa1ec512b86,100_2_forest,100,2,marmote_vigs,3,2,0.99,0.001,0.003987899981439114,2.4767388140389812e-09,2.476738814038979e-07,success,
e72fcaca-ffc0-4ddc-9839-2aa1ec512b86,100_2_forest,100,2,marmote_mpi,1,0,0.99,0.001,0.003262599930167198,4.931050384016089e-06,0.0004931050384016085,success,
e72fcaca-ffc0-4ddc-9839-2aa1ec512b86,100_2_forest,100,2,marmote_mpi,2,1,0.99,0.001,0.0034088999964296818,4.931050384016089e-06,0.0004931050384016085,success,
e72fcaca-ffc0-4ddc-9839-2aa1ec512b86,100_2_forest,100,2,marmote_mpi,3,2,0.99,0.001,0.0035093999467790127,4.931050384016089e-06,0.0004931050384016085,success,
e72fcaca-ffc0-4ddc-9839-2aa1ec512b86,100_2_forest,100,2,marmote_mpigs,1,0,0.99,0.001,0.0030718999914824963,4.523645571907764e-06,0.000452364557190776,success,
e72fcaca-ffc0-4ddc-9839-2aa1ec512b86,100_2_forest,100,2,marmote_mpigs,2,1,0.99,0.001,0.0030806001741439104,4.523645571907764e-06,0.000452364557190776,success,
e72fcaca-ffc0-4ddc-9839-2aa1ec512b86,100_2_forest,100,2,marmote_mpigs,3,2,0.99,0.001,0.0030829000752419233,4.523645571907764e-06,0.000452364557190776,success,
e72fcaca-ffc0-4ddc-9839-2aa1ec512b86,100_2_forest,100,2,mdpsolver_vi,1,0,0.99,0.001,0.0026699998416006565,5.684341886080802e-14,5.684341886080797e-12,success,
e72fcaca-ffc0-4ddc-9839-2aa1ec512b86,100_2_forest,100,2,mdpsolver_vi,2,1,0.99,0.001,0.0026569999754428864,5.684341886080802e-14,5.684341886080797e-12,success,
e72fcaca-ffc0-4ddc-9839-2aa1ec512b86,100_2_forest,100,2,mdpsolver_vi,3,2,0.99,0.001,0.002643000101670623,5.684341886080802e-14,5.684341886080797e-12,success,
e72fcaca-ffc0-4ddc-9839-2aa1ec512b86,100_2_forest,100,2,mdpsolver_vigs,1,0,0.99,0.001,0.0034692001063376665,2.446199687256012e-09,2.44619968725601e-07,success,
e72fcaca-ffc0-4ddc-9839-2aa1ec512b86,100_2_forest,100,2,mdpsolver_vigs,2,1,0.99,0.001,0.003544099861755967,2.446199687256012e-09,2.44619968725601e-07,success,
e72fcaca-ffc0-4ddc-9839-2aa1ec512b86,100_2_forest,100,2,mdpsolver_vigs,3,2,0.99,0.001,0.003476399928331375,2.446199687256012e-09,2.44619968725601e-07,success,
e72fcaca-ffc0-4ddc-9839-2aa1ec512b86,100_2_forest,100,2,mdpsolver_visor,1,0,0.99,0.001,0.004166800063103437,nan,nan,error,RuntimeError: VI precision not reached: error bound 49.891 > 0.001
e72fcaca-ffc0-4ddc-9839-2aa1ec512b86,100_2_forest,100,2,mdpsolver_visor,2,1,0.99,0.001,0.0036702000070363283,nan,nan,error,RuntimeError: VI precision not reached: error bound 49.891 > 0.001
e72fcaca-ffc0-4ddc-9839-2aa1ec512b86,100_2_forest,100,2,mdpsolver_visor,3,2,0.99,0.001,0.003643300151452422,nan,nan,error,RuntimeError: VI precision not reached: error bound 49.891 > 0.001
e72fcaca-ffc0-4ddc-9839-2aa1ec512b86,100_2_forest,100,2,mdpsolver_pi,1,0,0.99,0.001,0.0025577000342309475,4.263256414560601e-14,4.263256414560597e-12,success,
e72fcaca-ffc0-4ddc-9839-2aa1ec512b86,100_2_forest,100,2,mdpsolver_pi,2,1,0.99,0.001,0.0025712999049574137,4.263256414560601e-14,4.263256414560597e-12,success,
e72fcaca-ffc0-4ddc-9839-2aa1ec512b86,100_2_forest,100,2,mdpsolver_pi,3,2,0.99,0.001,0.0025891000404953957,4.263256414560601e-14,4.263256414560597e-12,success,
e72fcaca-ffc0-4ddc-9839-2aa1ec512b86,100_2_forest,100,2,mdpsolver_mpi,1,0,0.99,0.001,0.002579200081527233,9.947598300641403e-14,9.947598300641395e-12,success,
e72fcaca-ffc0-4ddc-9839-2aa1ec512b86,100_2_forest,100,2,mdpsolver_mpi,2,1,0.99,0.001,0.002750599989667535,9.947598300641403e-14,9.947598300641395e-12,success,
e72fcaca-ffc0-4ddc-9839-2aa1ec512b86,100_2_forest,100,2,mdpsolver_mpi,3,2,0.99,0.001,0.002674899995326996,9.947598300641403e-14,9.947598300641395e-12,success,
e72fcaca-ffc0-4ddc-9839-2aa1ec512b86,100_2_forest,100,2,mdpsolver_mpigs,1,0,0.99,0.001,0.0027964001055806875,4.4790629658564285e-06,0.00044790629658564247,success,
e72fcaca-ffc0-4ddc-9839-2aa1ec512b86,100_2_forest,100,2,mdpsolver_mpigs,2,1,0.99,0.001,0.0027840000111609697,4.4790629658564285e-06,0.00044790629658564247,success,
e72fcaca-ffc0-4ddc-9839-2aa1ec512b86,100_2_forest,100,2,mdpsolver_mpigs,3,2,0.99,0.001,0.0028308997862040997,4.4790629658564285e-06,0.00044790629658564247,success,
e72fcaca-ffc0-4ddc-9839-2aa1ec512b86,100_2_forest,100,2,mdpsolver_mpigs_init,1,0,0.99,0.001,0.0037436001002788544,4.409826232176783e-06,0.00044098262321767796,success,
e72fcaca-ffc0-4ddc-9839-2aa1ec512b86,100_2_forest,100,2,mdpsolver_mpigs_init,2,1,0.99,0.001,0.003620699979364872,4.409826232176783e-06,0.00044098262321767796,success,
e72fcaca-ffc0-4ddc-9839-2aa1ec512b86,100_2_forest,100,2,mdpsolver_mpigs_init,3,2,0.99,0.001,0.003620099974796176,4.409826232176783e-06,0.00044098262321767796,success,
e72fcaca-ffc0-4ddc-9839-2aa1ec512b86,100_2_forest,100,2,mdpsolver_mpisor,1,0,0.99,0.001,0.0029450999572873116,4.4790629658564285e-06,0.00044790629658564247,success,
e72fcaca-ffc0-4ddc-9839-2aa1ec512b86,100_2_forest,100,2,mdpsolver_mpisor,2,1,0.99,0.001,0.0028309000190347433,4.4790629658564285e-06,0.00044790629658564247,success,
e72fcaca-ffc0-4ddc-9839-2aa1ec512b86,100_2_forest,100,2,mdpsolver_mpisor,3,2,0.99,0.001,0.0028203001711517572,4.4790629658564285e-06,0.00044790629658564247,success,
e72fcaca-ffc0-4ddc-9839-2aa1ec512b86,100_2_forest,100,2,mdpsolver_mpisor_init,1,0,0.99,0.001,0.0036468999460339546,4.409826232176783e-06,0.00044098262321767796,success,
e72fcaca-ffc0-4ddc-9839-2aa1ec512b86,100_2_forest,100,2,mdpsolver_mpisor_init,2,1,0.99,0.001,0.0036371999885886908,4.409826232176783e-06,0.00044098262321767796,success,
e72fcaca-ffc0-4ddc-9839-2aa1ec512b86,100_2_forest,100,2,mdpsolver_mpisor_init,3,2,0.99,0.001,0.0036366998683661222,4.409826232176783e-06,0.00044098262321767796,success,
e72fcaca-ffc0-4ddc-9839-2aa1ec512b86,100_4_frozen_lake,100,4,mdptoolbox_vi,1,0,0.99,0.001,0.02498600003309548,4.6669819009359514e-08,4.666981900935947e-06,success,
e72fcaca-ffc0-4ddc-9839-2aa1ec512b86,100_4_frozen_lake,100,4,mdptoolbox_vi,2,1,0.99,0.001,0.024811399867758155,4.6669819009359514e-08,4.666981900935947e-06,success,
e72fcaca-ffc0-4ddc-9839-2aa1ec512b86,100_4_frozen_lake,100,4,mdptoolbox_vi,3,2,0.99,0.001,0.024449799908325076,4.6669819009359514e-08,4.666981900935947e-06,success,
e72fcaca-ffc0-4ddc-9839-2aa1ec512b86,100_4_frozen_lake,100,4,mdptoolbox_vigs,1,0,0.99,0.001,0.051966399885714054,3.789032709811124e-08,3.789032709811121e-06,success,
e72fcaca-ffc0-4ddc-9839-2aa1ec512b86,100_4_frozen_lake,100,4,mdptoolbox_vigs,2,1,0.99,0.001,0.050401599844917655,3.789032709811124e-08,3.789032709811121e-06,success,
e72fcaca-ffc0-4ddc-9839-2aa1ec512b86,100_4_frozen_lake,100,4,mdptoolbox_vigs,3,2,0.99,0.001,0.04965900001116097,3.789032709811124e-08,3.789032709811121e-06,success,
e72fcaca-ffc0-4ddc-9839-2aa1ec512b86,100_4_frozen_lake,100,4,mdptoolbox_pi,1,0,0.99,0.001,0.006917899940162897,2.220446049250313e-16,2.2204460492503112e-14,success,
e72fcaca-ffc0-4ddc-9839-2aa1ec512b86,100_4_frozen_lake,100,4,mdptoolbox_pi,2,1,0.99,0.001,0.006698899902403355,2.220446049250313e-16,2.2204460492503112e-14,success,
e72fcaca-ffc0-4ddc-9839-2aa1ec512b86,100_4_frozen_lake,100,4,mdptoolbox_pi,3,2,0.99,0.001,0.006807500030845404,2.220446049250313e-16,2.2204460492503112e-14,success,
e72fcaca-ffc0-4ddc-9839-2aa1ec512b86,100_4_frozen_lake,100,4,mdptoolbox_mpi,1,0,0.99,0.001,0.009610299952328205,4.4648523842560905e-06,0.0004464852384256087,success,
e72fcaca-ffc0-4ddc-9839-2aa1ec512b86,100_4_frozen_lake,100,4,mdptoolbox_mpi,2,1,0.99,0.001,0.00881880009546876,4.4648523842560905e-06,0.0004464852384256087,success,
e72fcaca-ffc0-4ddc-9839-2aa1ec512b86,100_4_frozen_lake,100,4,mdptoolbox_mpi,3,2,0.99,0.001,0.00913130003027618,4.4648523842560905e-06,0.0004464852384256087,success,
e72fcaca-ffc0-4ddc-9839-2aa1ec512b86,100_4_frozen_lake,100,4,marmote_vi,1,0,0.99,0.001,0.009656299836933613,2.2788006925900106e-08,2.2788006925900085e-06,success,
e72fcaca-ffc0-4ddc-9839-2aa1ec512b86,100_4_frozen_lake,100,4,marmote_vi,2,1,0.99,0.001,0.009339800104498863,2.2788006925900106e-08,2.2788006925900085e-06,success,
e72fcaca-ffc0-4ddc-9839-2aa1ec512b86,100_4_frozen_lake,100,4,marmote_vi,3,2,0.99,0.001,0.009403400123119354,2.2788006925900106e-08,2.2788006925900085e-06,success,
e72fcaca-ffc0-4ddc-9839-2aa1ec512b86,100_4_frozen_lake,100,4,marmote_vigs,1,0,0.99,0.001,0.009095699992030859,2.0920245313860164e-08,2.0920245313860147e-06,success,
e72fcaca-ffc0-4ddc-9839-2aa1ec512b86,100_4_frozen_lake,100,4,marmote_vigs,2,1,0.99,0.001,0.009013299830257893,2.0920245313860164e-08,2.0920245313860147e-06,success,
e72fcaca-ffc0-4ddc-9839-2aa1ec512b86,100_4_frozen_lake,100,4,marmote_vigs,3,2,0.99,0.001,0.009118600049987435,2.0920245313860164e-08,2.0920245313860147e-06,success,
e72fcaca-ffc0-4ddc-9839-2aa1ec512b86,100_4_frozen_lake,100,4,marmote_mpi,1,0,0.99,0.001,0.009559800149872899,4.590343961830001e-06,0.0004590343961829997,success,
e72fcaca-ffc0-4ddc-9839-2aa1ec512b86,100_4_frozen_lake,100,4,marmote_mpi,2,1,0.99,0.001,0.009042700054123998,4.590343961830001e-06,0.0004590343961829997,success,
e72fcaca-ffc0-4ddc-9839-2aa1ec512b86,100_4_frozen_lake,100,4,marmote_mpi,3,2,0.99,0.001,0.009273000061511993,4.590343961830001e-06,0.0004590343961829997,success,
e72fcaca-ffc0-4ddc-9839-2aa1ec512b86,100_4_frozen_lake,100,4,marmote_mpigs,1,0,0.99,0.001,0.008847899967804551,3.6798772538038094e-06,0.0003679877253803806,success,
e72fcaca-ffc0-4ddc-9839-2aa1ec512b86,100_4_frozen_lake,100,4,marmote_mpigs,2,1,0.99,0.001,0.009298699907958508,3.6798772538038094e-06,0.0003679877253803806,success,
e72fcaca-ffc0-4ddc-9839-2aa1ec512b86,100_4_frozen_lake,100,4,marmote_mpigs,3,2,0.99,0.001,0.008789600105956197,3.6798772538038094e-06,0.0003679877253803806,success,
e72fcaca-ffc0-4ddc-9839-2aa1ec512b86,100_4_frozen_lake,100,4,mdpsolver_vi,1,0,0.99,0.001,0.009487300179898739,4.416621790515052e-08,4.4166217905150475e-06,success,
e72fcaca-ffc0-4ddc-9839-2aa1ec512b86,100_4_frozen_lake,100,4,mdpsolver_vi,2,1,0.99,0.001,0.009970500133931637,4.416621790515052e-08,4.4166217905150475e-06,success,
e72fcaca-ffc0-4ddc-9839-2aa1ec512b86,100_4_frozen_lake,100,4,mdpsolver_vi,3,2,0.99,0.001,0.0106071000918746,4.416621790515052e-08,4.4166217905150475e-06,success,
e72fcaca-ffc0-4ddc-9839-2aa1ec512b86,100_4_frozen_lake,100,4,mdpsolver_vigs,1,0,0.99,0.001,0.009288599947467446,1.8948567770404878e-08,1.8948567770404861e-06,success,
e72fcaca-ffc0-4ddc-9839-2aa1ec512b86,100_4_frozen_lake,100,4,mdpsolver_vigs,2,1,0.99,0.001,0.009136400185525417,1.8948567770404878e-08,1.8948567770404861e-06,success,
e72fcaca-ffc0-4ddc-9839-2aa1ec512b86,100_4_frozen_lake,100,4,mdpsolver_vigs,3,2,0.99,0.001,0.008749200031161308,1.8948567770404878e-08,1.8948567770404861e-06,success,
e72fcaca-ffc0-4ddc-9839-2aa1ec512b86,100_4_frozen_lake,100,4,mdpsolver_visor,1,0,0.99,0.001,0.010044700000435114,nan,nan,error,RuntimeError: VI precision not reached: error bound 29.58 > 0.001
e72fcaca-ffc0-4ddc-9839-2aa1ec512b86,100_4_frozen_lake,100,4,mdpsolver_visor,2,1,0.99,0.001,0.009517199825495481,nan,nan,error,RuntimeError: VI precision not reached: error bound 29.58 > 0.001
e72fcaca-ffc0-4ddc-9839-2aa1ec512b86,100_4_frozen_lake,100,4,mdpsolver_visor,3,2,0.99,0.001,0.008947799913585186,nan,nan,error,RuntimeError: VI precision not reached: error bound 29.58 > 0.001
e72fcaca-ffc0-4ddc-9839-2aa1ec512b86,100_4_frozen_lake,100,4,mdpsolver_pi,1,0,0.99,0.001,0.009708800120279193,2.426970995395017e-06,0.00024269709953950148,success,
e72fcaca-ffc0-4ddc-9839-2aa1ec512b86,100_4_frozen_lake,100,4,mdpsolver_pi,2,1,0.99,0.001,0.010173399932682514,2.426970995395017e-06,0.00024269709953950148,success,
e72fcaca-ffc0-4ddc-9839-2aa1ec512b86,100_4_frozen_lake,100,4,mdpsolver_pi,3,2,0.99,0.001,0.010142900049686432,2.426970995395017e-06,0.00024269709953950148,success,
e72fcaca-ffc0-4ddc-9839-2aa1ec512b86,100_4_frozen_lake,100,4,mdpsolver_mpi,1,0,0.99,0.001,0.008123200153931975,8.929704768401159e-06,0.0008929704768401151,success,
e72fcaca-ffc0-4ddc-9839-2aa1ec512b86,100_4_frozen_lake,100,4,mdpsolver_mpi,2,1,0.99,0.001,0.008535800036042929,8.929704768401159e-06,0.0008929704768401151,success,
e72fcaca-ffc0-4ddc-9839-2aa1ec512b86,100_4_frozen_lake,100,4,mdpsolver_mpi,3,2,0.99,0.001,0.008157700067386031,8.929704768401159e-06,0.0008929704768401151,success,
e72fcaca-ffc0-4ddc-9839-2aa1ec512b86,100_4_frozen_lake,100,4,mdpsolver_mpigs,1,0,0.99,0.001,0.008123600156977773,2.4115977119709697e-06,0.00024115977119709676,success,
e72fcaca-ffc0-4ddc-9839-2aa1ec512b86,100_4_frozen_lake,100,4,mdpsolver_mpigs,2,1,0.99,0.001,0.00850440002977848,2.4115977119709697e-06,0.00024115977119709676,success,
e72fcaca-ffc0-4ddc-9839-2aa1ec512b86,100_4_frozen_lake,100,4,mdpsolver_mpigs,3,2,0.99,0.001,0.008171499939635396,2.4115977119709697e-06,0.00024115977119709676,success,
e72fcaca-ffc0-4ddc-9839-2aa1ec512b86,100_4_frozen_lake,100,4,mdpsolver_mpigs_init,1,0,0.99,0.001,0.009497599909082055,1.0451235642472412e-06,0.00010451235642472402,success,
e72fcaca-ffc0-4ddc-9839-2aa1ec512b86,100_4_frozen_lake,100,4,mdpsolver_mpigs_init,2,1,0.99,0.001,0.00936939986422658,1.0451235642472412e-06,0.00010451235642472402,success,
e72fcaca-ffc0-4ddc-9839-2aa1ec512b86,100_4_frozen_lake,100,4,mdpsolver_mpigs_init,3,2,0.99,0.001,0.008884500013664365,1.0451235642472412e-06,0.00010451235642472402,success,
e72fcaca-ffc0-4ddc-9839-2aa1ec512b86,100_4_frozen_lake,100,4,mdpsolver_mpisor,1,0,0.99,0.001,0.00808209995739162,2.4115977119709697e-06,0.00024115977119709676,success,
e72fcaca-ffc0-4ddc-9839-2aa1ec512b86,100_4_frozen_lake,100,4,mdpsolver_mpisor,2,1,0.99,0.001,0.008138400036841631,2.4115977119709697e-06,0.00024115977119709676,success,
e72fcaca-ffc0-4ddc-9839-2aa1ec512b86,100_4_frozen_lake,100,4,mdpsolver_mpisor,3,2,0.99,0.001,0.008176099974662066,2.4115977119709697e-06,0.00024115977119709676,success,
e72fcaca-ffc0-4ddc-9839-2aa1ec512b86,100_4_frozen_lake,100,4,mdpsolver_mpisor_init,1,0,0.99,0.001,0.009078500093892217,1.0451235642472412e-06,0.00010451235642472402,success,
e72fcaca-ffc0-4ddc-9839-2aa1ec512b86,100_4_frozen_lake,100,4,mdpsolver_mpisor_init,2,1,0.99,0.001,0.009162900038063526,1.0451235642472412e-06,0.00010451235642472402,success,
e72fcaca-ffc0-4ddc-9839-2aa1ec512b86,100_4_frozen_lake,100,4,mdpsolver_mpisor_init,3,2,0.99,0.001,0.0089650999289006,1.0451235642472412e-06,0.00010451235642472402,success,
e72fcaca-ffc0-4ddc-9839-2aa1ec512b86,201_10_gambler,201,10,mdptoolbox_vi,1,0,0.99,0.001,0.11540429992601275,4.654592195008078e-08,4.654592195008074e-06,success,
e72fcaca-ffc0-4ddc-9839-2aa1ec512b86,201_10_gambler,201,10,mdptoolbox_vi,2,1,0.99,0.001,0.10304900002665818,4.654592195008078e-08,4.654592195008074e-06,success,
e72fcaca-ffc0-4ddc-9839-2aa1ec512b86,201_10_gambler,201,10,mdptoolbox_vi,3,2,0.99,0.001,0.10859949979931116,4.654592195008078e-08,4.654592195008074e-06,success,
e72fcaca-ffc0-4ddc-9839-2aa1ec512b86,201_10_gambler,201,10,mdptoolbox_vigs,1,0,0.99,0.001,0.19201520015485585,1.7819572595279e-08,1.7819572595278984e-06,success,
e72fcaca-ffc0-4ddc-9839-2aa1ec512b86,201_10_gambler,201,10,mdptoolbox_vigs,2,1,0.99,0.001,0.18966130004264414,1.7819572595279e-08,1.7819572595278984e-06,success,
e72fcaca-ffc0-4ddc-9839-2aa1ec512b86,201_10_gambler,201,10,mdptoolbox_vigs,3,2,0.99,0.001,0.18847190006636083,1.7819572595279e-08,1.7819572595278984e-06,success,
e72fcaca-ffc0-4ddc-9839-2aa1ec512b86,201_10_gambler,201,10,mdptoolbox_pi,1,0,0.99,0.001,nan,nan,nan,timeout,Trial exceeded timeout of 5 s
e72fcaca-ffc0-4ddc-9839-2aa1ec512b86,201_10_gambler,201,10,mdptoolbox_pi,2,1,0.99,0.001,nan,nan,nan,timeout,Trial exceeded timeout of 5 s
e72fcaca-ffc0-4ddc-9839-2aa1ec512b86,201_10_gambler,201,10,mdptoolbox_pi,3,2,0.99,0.001,nan,nan,nan,timeout,Trial exceeded timeout of 5 s
e72fcaca-ffc0-4ddc-9839-2aa1ec512b86,201_10_gambler,201,10,mdptoolbox_mpi,1,0,0.99,0.001,0.027741000056266785,4.550359834099016e-06,0.0004550359834099012,success,
e72fcaca-ffc0-4ddc-9839-2aa1ec512b86,201_10_gambler,201,10,mdptoolbox_mpi,2,1,0.99,0.001,0.02923329989425838,4.550359834099016e-06,0.0004550359834099012,success,
e72fcaca-ffc0-4ddc-9839-2aa1ec512b86,201_10_gambler,201,10,mdptoolbox_mpi,3,2,0.99,0.001,0.031003400217741728,4.550359834099016e-06,0.0004550359834099012,success,
e72fcaca-ffc0-4ddc-9839-2aa1ec512b86,201_10_gambler,201,10,marmote_vi,1,0,0.99,0.001,0.03407330019399524,2.3446709573882174e-08,2.3446709573882153e-06,success,
e72fcaca-ffc0-4ddc-9839-2aa1ec512b86,201_10_gambler,201,10,marmote_vi,2,1,0.99,0.001,0.043870799941942096,2.3446709573882174e-08,2.3446709573882153e-06,success,
e72fcaca-ffc0-4ddc-9839-2aa1ec512b86,201_10_gambler,201,10,marmote_vi,3,2,0.99,0.001,0.03338030003942549,2.3446709573882174e-08,2.3446709573882153e-06,success,
e72fcaca-ffc0-4ddc-9839-2aa1ec512b86,201_10_gambler,201,10,marmote_vigs,1,0,0.99,0.001,0.031953199999406934,9.77970604498779e-09,9.779706044987782e-07,success,
e72fcaca-ffc0-4ddc-9839-2aa1ec512b86,201_10_gambler,201,10,marmote_vigs,2,1,0.99,0.001,0.03112890012562275,9.77970604498779e-09,9.779706044987782e-07,success,
e72fcaca-ffc0-4ddc-9839-2aa1ec512b86,201_10_gambler,201,10,marmote_vigs,3,2,0.99,0.001,0.031056499807164073,9.77970604498779e-09,9.779706044987782e-07,success,
e72fcaca-ffc0-4ddc-9839-2aa1ec512b86,201_10_gambler,201,10,marmote_mpi,1,0,0.99,0.001,0.029876000015065074,4.368028201612306e-06,0.00043680282016123024,success,
e72fcaca-ffc0-4ddc-9839-2aa1ec512b86,201_10_gambler,201,10,marmote_mpi,2,1,0.99,0.001,0.030081999953836203,4.368028201612306e-06,0.00043680282016123024,success,
e72fcaca-ffc0-4ddc-9839-2aa1ec512b86,201_10_gambler,201,10,marmote_mpi,3,2,0.99,0.001,0.030024300096556544,4.368028201612306e-06,0.00043680282016123024,success,
e72fcaca-ffc0-4ddc-9839-2aa1ec512b86,201_10_gambler,201,10,marmote_mpigs,1,0,0.99,0.001,0.03004280012100935,4.671910846396066e-06,0.00046719108463960613,success,
e72fcaca-ffc0-4ddc-9839-2aa1ec512b86,201_10_gambler,201,10,marmote_mpigs,2,1,0.99,0.001,0.029785600025206804,4.671910846396066e-06,0.00046719108463960613,success,
e72fcaca-ffc0-4ddc-9839-2aa1ec512b86,201_10_gambler,201,10,marmote_mpigs,3,2,0.99,0.001,0.029831399908289313,4.671910846396066e-06,0.00046719108463960613,success,
e72fcaca-ffc0-4ddc-9839-2aa1ec512b86,201_10_gambler,201,10,mdpsolver_vi,1,0,0.99,0.001,0.031248999992385507,4.3800096966029045e-08,4.3800096966029e-06,success,
e72fcaca-ffc0-4ddc-9839-2aa1ec512b86,201_10_gambler,201,10,mdpsolver_vi,2,1,0.99,0.001,0.031422399915754795,4.3800096966029045e-08,4.3800096966029e-06,success,
e72fcaca-ffc0-4ddc-9839-2aa1ec512b86,201_10_gambler,201,10,mdpsolver_vi,3,2,0.99,0.001,0.031483300030231476,4.3800096966029045e-08,4.3800096966029e-06,success,
e72fcaca-ffc0-4ddc-9839-2aa1ec512b86,201_10_gambler,201,10,mdpsolver_vigs,1,0,0.99,0.001,0.03013020008802414,8.976414833661295e-09,8.976414833661286e-07,success,
e72fcaca-ffc0-4ddc-9839-2aa1ec512b86,201_10_gambler,201,10,mdpsolver_vigs,2,1,0.99,0.001,0.030893799848854542,8.976414833661295e-09,8.976414833661286e-07,success,
e72fcaca-ffc0-4ddc-9839-2aa1ec512b86,201_10_gambler,201,10,mdpsolver_vigs,3,2,0.99,0.001,0.030575399985536933,8.976414833661295e-09,8.976414833661286e-07,success,
e72fcaca-ffc0-4ddc-9839-2aa1ec512b86,201_10_gambler,201,10,mdpsolver_visor,1,0,0.99,0.001,0.030339299933984876,nan,nan,error,RuntimeError: VI precision not reached: error bound 27.5762 > 0.001
e72fcaca-ffc0-4ddc-9839-2aa1ec512b86,201_10_gambler,201,10,mdpsolver_visor,2,1,0.99,0.001,0.03074940014630556,nan,nan,error,RuntimeError: VI precision not reached: error bound 27.5762 > 0.001
e72fcaca-ffc0-4ddc-9839-2aa1ec512b86,201_10_gambler,201,10,mdpsolver_visor,3,2,0.99,0.001,0.030184700153768063,nan,nan,error,RuntimeError: VI precision not reached: error bound 27.5762 > 0.001
e72fcaca-ffc0-4ddc-9839-2aa1ec512b86,201_10_gambler,201,10,mdpsolver_pi,1,0,0.99,0.001,0.040877999970689416,1.1102230246251565e-16,1.1102230246251556e-14,success,
e72fcaca-ffc0-4ddc-9839-2aa1ec512b86,201_10_gambler,201,10,mdpsolver_pi,2,1,0.99,0.001,0.04001190001145005,1.1102230246251565e-16,1.1102230246251556e-14,success,
e72fcaca-ffc0-4ddc-9839-2aa1ec512b86,201_10_gambler,201,10,mdpsolver_pi,3,2,0.99,0.001,0.04204540001228452,1.1102230246251565e-16,1.1102230246251556e-14,success,
e72fcaca-ffc0-4ddc-9839-2aa1ec512b86,201_10_gambler,201,10,mdpsolver_mpi,1,0,0.99,0.001,0.027669500093907118,9.100682287044304e-06,0.0009100682287044296,success,
e72fcaca-ffc0-4ddc-9839-2aa1ec512b86,201_10_gambler,201,10,mdpsolver_mpi,2,1,0.99,0.001,0.027511200169101357,9.100682287044304e-06,0.0009100682287044296,success,
e72fcaca-ffc0-4ddc-9839-2aa1ec512b86,201_10_gambler,201,10,mdpsolver_mpi,3,2,0.99,0.001,0.02755370014347136,9.100682287044304e-06,0.0009100682287044296,success,
e72fcaca-ffc0-4ddc-9839-2aa1ec512b86,201_10_gambler,201,10,mdpsolver_mpigs,1,0,0.99,0.001,0.027355599915608764,1.8149556940683098e-06,0.00018149556940683082,success,
e72fcaca-ffc0-4ddc-9839-2aa1ec512b86,201_10_gambler,201,10,mdpsolver_mpigs,2,1,0.99,0.001,0.02743060002103448,1.8149556940683098e-06,0.00018149556940683082,success,
e72fcaca-ffc0-4ddc-9839-2aa1ec512b86,201_10_gambler,201,10,mdpsolver_mpigs,3,2,0.99,0.001,0.029510000022128224,1.8149556940683098e-06,0.00018149556940683082,success,
e72fcaca-ffc0-4ddc-9839-2aa1ec512b86,201_10_gambler,201,10,mdpsolver_mpigs_init,1,0,0.99,0.001,0.02762890001758933,1.59503666810612e-06,0.00015950366681061187,success,
e72fcaca-ffc0-4ddc-9839-2aa1ec512b86,201_10_gambler,201,10,mdpsolver_mpigs_init,2,1,0.99,0.001,0.0277001999784261,1.59503666810612e-06,0.00015950366681061187,success,
e72fcaca-ffc0-4ddc-9839-2aa1ec512b86,201_10_gambler,201,10,mdpsolver_mpigs_init,3,2,0.99,0.001,0.02765129995532334,1.59503666810612e-06,0.00015950366681061187,success,
e72fcaca-ffc0-4ddc-9839-2aa1ec512b86,201_10_gambler,201,10,mdpsolver_mpisor,1,0,0.99,0.001,0.02806330006569624,1.8149556940683098e-06,0.00018149556940683082,success,
e72fcaca-ffc0-4ddc-9839-2aa1ec512b86,201_10_gambler,201,10,mdpsolver_mpisor,2,1,0.99,0.001,0.02817699988372624,1.8149556940683098e-06,0.00018149556940683082,success,
e72fcaca-ffc0-4ddc-9839-2aa1ec512b86,201_10_gambler,201,10,mdpsolver_mpisor,3,2,0.99,0.001,0.028463699854910374,1.8149556940683098e-06,0.00018149556940683082,success,
e72fcaca-ffc0-4ddc-9839-2aa1ec512b86,201_10_gambler,201,10,mdpsolver_mpisor_init,1,0,0.99,0.001,0.02985000004991889,1.59503666810612e-06,0.00015950366681061187,success,
e72fcaca-ffc0-4ddc-9839-2aa1ec512b86,201_10_gambler,201,10,mdpsolver_mpisor_init,2,1,0.99,0.001,0.02836819994263351,1.59503666810612e-06,0.00015950366681061187,success,
e72fcaca-ffc0-4ddc-9839-2aa1ec512b86,201_10_gambler,201,10,mdpsolver_mpisor_init,3,2,0.99,0.001,0.0290072001516819,1.59503666810612e-06,0.00015950366681061187,success,
e72fcaca-ffc0-4ddc-9839-2aa1ec512b86,200_10_garnet_0.85_1.0,200,10,mdptoolbox_vi,1,0,0.99,0.001,0.17015490005724132,1.4510419532598462e-09,1.451041953259845e-07,success,
e72fcaca-ffc0-4ddc-9839-2aa1ec512b86,200_10_garnet_0.85_1.0,200,10,mdptoolbox_vi,2,1,0.99,0.001,0.17206010012887418,1.4510419532598462e-09,1.451041953259845e-07,success,
e72fcaca-ffc0-4ddc-9839-2aa1ec512b86,200_10_garnet_0.85_1.0,200,10,mdptoolbox_vi,3,2,0.99,0.001,0.16755919996649027,1.4510419532598462e-09,1.451041953259845e-07,success,
e72fcaca-ffc0-4ddc-9839-2aa1ec512b86,200_10_garnet_0.85_1.0,200,10,mdptoolbox_vigs,1,0,0.99,0.001,0.9424112001433969,2.421150583131748e-06,0.0002421150583131746,success,
e72fcaca-ffc0-4ddc-9839-2aa1ec512b86,200_10_garnet_0.85_1.0,200,10,mdptoolbox_vigs,2,1,0.99,0.001,0.9678734999615699,2.421150583131748e-06,0.0002421150583131746,success,
e72fcaca-ffc0-4ddc-9839-2aa1ec512b86,200_10_garnet_0.85_1.0,200,10,mdptoolbox_vigs,3,2,0.99,0.001,0.9860184998251498,2.421150583131748e-06,0.0002421150583131746,success,
e72fcaca-ffc0-4ddc-9839-2aa1ec512b86,200_10_garnet_0.85_1.0,200,10,mdptoolbox_pi,1,0,0.99,0.001,0.017964400118216872,1.7053025658242404e-13,1.7053025658242388e-11,success,
e72fcaca-ffc0-4ddc-9839-2aa1ec512b86,200_10_garnet_0.85_1.0,200,10,mdptoolbox_pi,2,1,0.99,0.001,0.014454000163823366,1.7053025658242404e-13,1.7053025658242388e-11,success,
e72fcaca-ffc0-4ddc-9839-2aa1ec512b86,200_10_garnet_0.85_1.0,200,10,mdptoolbox_pi,3,2,0.99,0.001,0.014275699853897095,1.7053025658242404e-13,1.7053025658242388e-11,success,
e72fcaca-ffc0-4ddc-9839-2aa1ec512b86,200_10_garnet_0.85_1.0,200,10,mdptoolbox_mpi,1,0,0.99,0.001,0.011163099901750684,3.410605131648481e-13,3.4106051316484777e-11,success,
e72fcaca-ffc0-4ddc-9839-2aa1ec512b86,200_10_garnet_0.85_1.0,200,10,mdptoolbox_mpi,2,1,0.99,0.001,0.010884299874305725,3.410605131648481e-13,3.4106051316484777e-11,success,
e72fcaca-ffc0-4ddc-9839-2aa1ec512b86,200_10_garnet_0.85_1.0,200,10,mdptoolbox_mpi,3,2,0.99,0.001,0.011409899918362498,3.410605131648481e-13,3.4106051316484777e-11,success,
e72fcaca-ffc0-4ddc-9839-2aa1ec512b86,200_10_garnet_0.85_1.0,200,10,marmote_vi,1,0,0.99,0.001,2.7322439001873136,2.2737367544323206e-13,2.2737367544323187e-11,success,
e72fcaca-ffc0-4ddc-9839-2aa1ec512b86,200_10_garnet_0.85_1.0,200,10,marmote_vi,2,1,0.99,0.001,2.7620113000739366,2.2737367544323206e-13,2.2737367544323187e-11,success,
e72fcaca-ffc0-4ddc-9839-2aa1ec512b86,200_10_garnet_0.85_1.0,200,10,marmote_vi,3,2,0.99,0.001,2.7282319001387805,2.2737367544323206e-13,2.2737367544323187e-11,success,
e72fcaca-ffc0-4ddc-9839-2aa1ec512b86,200_10_garnet_0.85_1.0,200,10,marmote_vigs,1,0,0.99,0.001,2.673970100004226,2.4514946517228964e-08,2.4514946517228943e-06,success,
e72fcaca-ffc0-4ddc-9839-2aa1ec512b86,200_10_garnet_0.85_1.0,200,10,marmote_vigs,2,1,0.99,0.001,2.616791700012982,2.4514946517228964e-08,2.4514946517228943e-06,success,
e72fcaca-ffc0-4ddc-9839-2aa1ec512b86,200_10_garnet_0.85_1.0,200,10,marmote_vigs,3,2,0.99,0.001,2.5993975000455976,2.4514946517228964e-08,2.4514946517228943e-06,success,
e72fcaca-ffc0-4ddc-9839-2aa1ec512b86,200_10_garnet_0.85_1.0,200,10,marmote_mpi,1,0,0.99,0.001,2.4611274998169392,4.8674046979613195e-06,0.0004867404697961315,success,
e72fcaca-ffc0-4ddc-9839-2aa1ec512b86,200_10_garnet_0.85_1.0,200,10,marmote_mpi,2,1,0.99,0.001,2.4750090001616627,4.8674046979613195e-06,0.0004867404697961315,success,
e72fcaca-ffc0-4ddc-9839-2aa1ec512b86,200_10_garnet_0.85_1.0,200,10,marmote_mpi,3,2,0.99,0.001,2.484352699946612,4.8674046979613195e-06,0.0004867404697961315,success,
e72fcaca-ffc0-4ddc-9839-2aa1ec512b86,200_10_garnet_0.85_1.0,200,10,marmote_mpigs,1,0,0.99,0.001,2.472061599837616,2.6060115771997516e-06,0.00026060115771997495,success,
e72fcaca-ffc0-4ddc-9839-2aa1ec512b86,200_10_garnet_0.85_1.0,200,10,marmote_mpigs,2,1,0.99,0.001,2.4676587998401374,2.6060115771997516e-06,0.00026060115771997495,success,
e72fcaca-ffc0-4ddc-9839-2aa1ec512b86,200_10_garnet_0.85_1.0,200,10,marmote_mpigs,3,2,0.99,0.001,2.454799600178376,2.6060115771997516e-06,0.00026060115771997495,success,
e72fcaca-ffc0-4ddc-9839-2aa1ec512b86,200_10_garnet_0.85_1.0,200,10,mdpsolver_vi,1,0,0.99,0.001,2.3205339999403805,6.590994416910689e-11,6.5909944169106835e-09,success,
e72fcaca-ffc0-4ddc-9839-2aa1ec512b86,200_10_garnet_0.85_1.0,200,10,mdpsolver_vi,2,1,0.99,0.001,2.3376858001574874,6.590994416910689e-11,6.5909944169106835e-09,success,
e72fcaca-ffc0-4ddc-9839-2aa1ec512b86,200_10_garnet_0.85_1.0,200,10,mdpsolver_vi,3,2,0.99,0.001,2.3295223999302834,6.590994416910689e-11,6.5909944169106835e-09,success,
e72fcaca-ffc0-4ddc-9839-2aa1ec512b86,200_10_garnet_0.85_1.0,200,10,mdpsolver_vigs,1,0,0.99,0.001,3.0829811000730842,2.3997728249014472e-08,2.399772824901445e-06,success,
e72fcaca-ffc0-4ddc-9839-2aa1ec512b86,200_10_garnet_0.85_1.0,200,10,mdpsolver_vigs,2,1,0.99,0.001,3.142787800170481,2.3997728249014472e-08,2.399772824901445e-06,success,
e72fcaca-ffc0-4ddc-9839-2aa1ec512b86,200_10_garnet_0.85_1.0,200,10,mdpsolver_vigs,3,2,0.99,0.001,3.1307421000674367,2.3997728249014472e-08,2.399772824901445e-06,success,
e72fcaca-ffc0-4ddc-9839-2aa1ec512b86,200_10_garnet_0.85_1.0,200,10,mdpsolver_visor,1,0,0.99,0.001,3.4480103000532836,nan,nan,error,RuntimeError: VI precision not reached: error bound 8.25596 > 0.001
e72fcaca-ffc0-4ddc-9839-2aa1ec512b86,200_10_garnet_0.85_1.0,200,10,mdpsolver_visor,2,1,0.99,0.001,3.443181399954483,nan,nan,error,RuntimeError: VI precision not reached: error bound 8.25596 > 0.001
e72fcaca-ffc0-4ddc-9839-2aa1ec512b86,200_10_garnet_0.85_1.0,200,10,mdpsolver_visor,3,2,0.99,0.001,3.4765958001371473,nan,nan,error,RuntimeError: VI precision not reached: error bound 8.25596 > 0.001
e72fcaca-ffc0-4ddc-9839-2aa1ec512b86,200_10_garnet_0.85_1.0,200,10,mdpsolver_pi,1,0,0.99,0.001,2.314120199996978,8.951133168011438e-10,8.95113316801143e-08,success,
e72fcaca-ffc0-4ddc-9839-2aa1ec512b86,200_10_garnet_0.85_1.0,200,10,mdpsolver_pi,2,1,0.99,0.001,2.3096847000997514,8.951133168011438e-10,8.95113316801143e-08,success,
e72fcaca-ffc0-4ddc-9839-2aa1ec512b86,200_10_garnet_0.85_1.0,200,10,mdpsolver_pi,3,2,0.99,0.001,2.356887700036168,8.951133168011438e-10,8.95113316801143e-08,success,
e72fcaca-ffc0-4ddc-9839-2aa1ec512b86,200_10_garnet_0.85_1.0,200,10,mdpsolver_mpi,1,0,0.99,0.001,2.3058036000002176,5.1700936865017866e-08,5.170093686501782e-06,success,
e72fcaca-ffc0-4ddc-9839-2aa1ec512b86,200_10_garnet_0.85_1.0,200,10,mdpsolver_mpi,2,1,0.99,0.001,2.312667299993336,5.1700936865017866e-08,5.170093686501782e-06,success,
e72fcaca-ffc0-4ddc-9839-2aa1ec512b86,200_10_garnet_0.85_1.0,200,10,mdpsolver_mpi,3,2,0.99,0.001,2.314261200139299,5.1700936865017866e-08,5.170093686501782e-06,success,
e72fcaca-ffc0-4ddc-9839-2aa1ec512b86,200_10_garnet_0.85_1.0,200,10,mdpsolver_mpigs,1,0,0.99,0.001,2.4689670999068767,4.83166371623156e-06,0.0004831663716231556,success,
e72fcaca-ffc0-4ddc-9839-2aa1ec512b86,200_10_garnet_0.85_1.0,200,10,mdpsolver_mpigs,2,1,0.99,0.001,2.474196200026199,4.83166371623156e-06,0.0004831663716231556,success,
e72fcaca-ffc0-4ddc-9839-2aa1ec512b86,200_10_garnet_0.85_1.0,200,10,mdpsolver_mpigs,3,2,0.99,0.001,2.46685430011712,4.83166371623156e-06,0.0004831663716231556,success,
e72fcaca-ffc0-4ddc-9839-2aa1ec512b86,200_10_garnet_0.85_1.0,200,10,mdpsolver_mpigs_init,1,0,0.99,0.001,2.4311973000876606,4.74866087074588e-06,0.00047486608707458756,success,
e72fcaca-ffc0-4ddc-9839-2aa1ec512b86,200_10_garnet_0.85_1.0,200,10,mdpsolver_mpigs_init,2,1,0.99,0.001,2.4323509000241756,4.74866087074588e-06,0.00047486608707458756,success,
e72fcaca-ffc0-4ddc-9839-2aa1ec512b86,200_10_garnet_0.85_1.0,200,10,mdpsolver_mpigs_init,3,2,0.99,0.001,2.427287200000137,4.74866087074588e-06,0.00047486608707458756,success,
e72fcaca-ffc0-4ddc-9839-2aa1ec512b86,200_10_garnet_0.85_1.0,200,10,mdpsolver_mpisor,1,0,0.99,0.001,2.4588782000355422,4.83166371623156e-06,0.0004831663716231556,success,
e72fcaca-ffc0-4ddc-9839-2aa1ec512b86,200_10_garnet_0.85_1.0,200,10,mdpsolver_mpisor,2,1,0.99,0.001,2.4691407000645995,4.83166371623156e-06,0.0004831663716231556,success,
e72fcaca-ffc0-4ddc-9839-2aa1ec512b86,200_10_garnet_0.85_1.0,200,10,mdpsolver_mpisor,3,2,0.99,0.001,2.4625300001353025,4.83166371623156e-06,0.0004831663716231556,success,
e72fcaca-ffc0-4ddc-9839-2aa1ec512b86,200_10_garnet_0.85_1.0,200,10,mdpsolver_mpisor_init,1,0,0.99,0.001,2.4161081998609006,4.74866087074588e-06,0.00047486608707458756,success,
e72fcaca-ffc0-4ddc-9839-2aa1ec512b86,200_10_garnet_0.85_1.0,200,10,mdpsolver_mpisor_init,2,1,0.99,0.001,2.416253099916503,4.74866087074588e-06,0.00047486608707458756,success,
e72fcaca-ffc0-4ddc-9839-2aa1ec512b86,200_10_garnet_0.85_1.0,200,10,mdpsolver_mpisor_init,3,2,0.99,0.001,2.426253999816254,4.74866087074588e-06,0.00047486608707458756,success,
e72fcaca-ffc0-4ddc-9839-2aa1ec512b86,343_6_hexagonal_grid_soccer,343,6,mdptoolbox_vi,1,0,0.99,0.001,0.1727525000460446,4.950629772793036e-08,4.950629772793032e-06,success,
e72fcaca-ffc0-4ddc-9839-2aa1ec512b86,343_6_hexagonal_grid_soccer,343,6,mdptoolbox_vi,2,1,0.99,0.001,0.17211709986440837,4.950629772793036e-08,4.950629772793032e-06,success,
e72fcaca-ffc0-4ddc-9839-2aa1ec512b86,343_6_hexagonal_grid_soccer,343,6,mdptoolbox_vi,3,2,0.99,0.001,0.17181249987334013,4.950629772793036e-08,4.950629772793032e-06,success,
e72fcaca-ffc0-4ddc-9839-2aa1ec512b86,343_6_hexagonal_grid_soccer,343,6,mdptoolbox_vigs,1,0,0.99,0.001,3.1231788999866694,4.9011305236490443e-08,4.90113052364904e-06,success,
e72fcaca-ffc0-4ddc-9839-2aa1ec512b86,343_6_hexagonal_grid_soccer,343,6,mdptoolbox_vigs,2,1,0.99,0.001,3.040442500030622,4.9011305236490443e-08,4.90113052364904e-06,success,
e72fcaca-ffc0-4ddc-9839-2aa1ec512b86,343_6_hexagonal_grid_soccer,343,6,mdptoolbox_vigs,3,2,0.99,0.001,3.0576136999297887,4.9011305236490443e-08,4.90113052364904e-06,success,
e72fcaca-ffc0-4ddc-9839-2aa1ec512b86,343_6_hexagonal_grid_soccer,343,6,mdptoolbox_pi,1,0,0.99,0.001,0.03079800005070865,1.4210854715202004e-14,1.4210854715201992e-12,success,
e72fcaca-ffc0-4ddc-9839-2aa1ec512b86,343_6_hexagonal_grid_soccer,343,6,mdptoolbox_pi,2,1,0.99,0.001,0.03290180000476539,1.4210854715202004e-14,1.4210854715201992e-12,success,
e72fcaca-ffc0-4ddc-9839-2aa1ec512b86,343_6_hexagonal_grid_soccer,343,6,mdptoolbox_pi,3,2,0.99,0.001,0.03404020005837083,1.4210854715202004e-14,1.4210854715201992e-12,success,
e72fcaca-ffc0-4ddc-9839-2aa1ec512b86,343_6_hexagonal_grid_soccer,343,6,mdptoolbox_mpi,1,0,0.99,0.001,0.14411600003950298,4.940154212818015e-06,0.0004940154212818011,success,
e72fcaca-ffc0-4ddc-9839-2aa1ec512b86,343_6_hexagonal_grid_soccer,343,6,mdptoolbox_mpi,2,1,0.99,0.001,0.19776419992558658,4.940154212818015e-06,0.0004940154212818011,success,
e72fcaca-ffc0-4ddc-9839-2aa1ec512b86,343_6_hexagonal_grid_soccer,343,6,mdptoolbox_mpi,3,2,0.99,0.001,0.20981850009411573,4.940154212818015e-06,0.0004940154212818011,success,
e72fcaca-ffc0-4ddc-9839-2aa1ec512b86,343_6_hexagonal_grid_soccer,343,6,marmote_vi,1,0,0.99,0.001,0.03625190001912415,2.49951881414745e-08,2.499518814147448e-06,success,
e72fcaca-ffc0-4ddc-9839-2aa1ec512b86,343_6_hexagonal_grid_soccer,343,6,marmote_vi,2,1,0.99,0.001,0.03754879999905825,2.49951881414745e-08,2.499518814147448e-06,success,
e72fcaca-ffc0-4ddc-9839-2aa1ec512b86,343_6_hexagonal_grid_soccer,343,6,marmote_vi,3,2,0.99,0.001,0.036474999971687794,2.49951881414745e-08,2.499518814147448e-06,success,
e72fcaca-ffc0-4ddc-9839-2aa1ec512b86,343_6_hexagonal_grid_soccer,343,6,marmote_vigs,1,0,0.99,0.001,0.03708300017751753,2.49951881414745e-08,2.499518814147448e-06,success,
e72fcaca-ffc0-4ddc-9839-2aa1ec512b86,343_6_hexagonal_grid_soccer,343,6,marmote_vigs,2,1,0.99,0.001,0.03619839996099472,2.49951881414745e-08,2.499518814147448e-06,success,
e72fcaca-ffc0-4ddc-9839-2aa1ec512b86,343_6_hexagonal_grid_soccer,343,6,marmote_vigs,3,2,0.99,0.001,0.03779319999739528,2.49951881414745e-08,2.499518814147448e-06,success,
e72fcaca-ffc0-4ddc-9839-2aa1ec512b86,343_6_hexagonal_grid_soccer,343,6,marmote_mpi,1,0,0.99,0.001,0.019190500024706125,4.889158375931402e-06,0.0004889158375931397,success,
e72fcaca-ffc0-4ddc-9839-2aa1ec512b86,343_6_hexagonal_grid_soccer,343,6,marmote_mpi,2,1,0.99,0.001,0.01958359987474978,4.889158375931402e-06,0.0004889158375931397,success,
e72fcaca-ffc0-4ddc-9839-2aa1ec512b86,343_6_hexagonal_grid_soccer,343,6,marmote_mpi,3,2,0.99,0.001,0.019216699991375208,4.889158375931402e-06,0.0004889158375931397,success,
e72fcaca-ffc0-4ddc-9839-2aa1ec512b86,343_6_hexagonal_grid_soccer,343,6,marmote_mpigs,1,0,0.99,0.001,0.019521999871358275,4.938543810339979e-06,0.0004938543810339975,success,
e72fcaca-ffc0-4ddc-9839-2aa1ec512b86,343_6_hexagonal_grid_soccer,343,6,marmote_mpigs,2,1,0.99,0.001,0.01922959997318685,4.938543810339979e-06,0.0004938543810339975,success,
e72fcaca-ffc0-4ddc-9839-2aa1ec512b86,343_6_hexagonal_grid_soccer,343,6,marmote_mpigs,3,2,0.99,0.001,0.019531300058588386,4.938543810339979e-06,0.0004938543810339975,success,
e72fcaca-ffc0-4ddc-9839-2aa1ec512b86,343_6_hexagonal_grid_soccer,343,6,mdpsolver_vi,1,0,0.99,0.001,0.03928060014732182,4.9011305236490443e-08,4.90113052364904e-06,success,
e72fcaca-ffc0-4ddc-9839-2aa1ec512b86,343_6_hexagonal_grid_soccer,343,6,mdpsolver_vi,2,1,0.99,0.001,0.039140200009569526,4.9011305236490443e-08,4.90113052364904e-06,success,
e72fcaca-ffc0-4ddc-9839-2aa1ec512b86,343_6_hexagonal_grid_soccer,343,6,mdpsolver_vi,3,2,0.99,0.001,0.038697300013154745,4.9011305236490443e-08,4.90113052364904e-06,success,
e72fcaca-ffc0-4ddc-9839-2aa1ec512b86,343_6_hexagonal_grid_soccer,343,6,mdpsolver_vigs,1,0,0.99,0.001,0.03994219982996583,2.4745077098486945e-08,2.4745077098486924e-06,success,
e72fcaca-ffc0-4ddc-9839-2aa1ec512b86,343_6_hexagonal_grid_soccer,343,6,mdpsolver_vigs,2,1,0.99,0.001,0.03978290013037622,2.4745077098486945e-08,2.4745077098486924e-06,success,
e72fcaca-ffc0-4ddc-9839-2aa1ec512b86,343_6_hexagonal_grid_soccer,343,6,mdpsolver_vigs,3,2,0.99,0.001,0.040660600177943707,2.4745077098486945e-08,2.4745077098486924e-06,success,
e72fcaca-ffc0-4ddc-9839-2aa1ec512b86,343_6_hexagonal_grid_soccer,343,6,mdpsolver_visor,1,0,0.99,0.001,0.015116299968212843,nan,nan,error,RuntimeError: VI precision not reached: error bound 495100 > 0.001
e72fcaca-ffc0-4ddc-9839-2aa1ec512b86,343_6_hexagonal_grid_soccer,343,6,mdpsolver_visor,2,1,0.99,0.001,0.014546700054779649,nan,nan,error,RuntimeError: VI precision not reached: error bound 495100 > 0.001
e72fcaca-ffc0-4ddc-9839-2aa1ec512b86,343_6_hexagonal_grid_soccer,343,6,mdpsolver_visor,3,2,0.99,0.001,0.014760500052943826,nan,nan,error,RuntimeError: VI precision not reached: error bound 495100 > 0.001
e72fcaca-ffc0-4ddc-9839-2aa1ec512b86,343_6_hexagonal_grid_soccer,343,6,mdpsolver_pi,1,0,0.99,0.001,0.017932299990206957,4.248820772545514e-06,0.000424882077254551,success,
e72fcaca-ffc0-4ddc-9839-2aa1ec512b86,343_6_hexagonal_grid_soccer,343,6,mdpsolver_pi,2,1,0.99,0.001,0.01857179985381663,4.248820772545514e-06,0.000424882077254551,success,
e72fcaca-ffc0-4ddc-9839-2aa1ec512b86,343_6_hexagonal_grid_soccer,343,6,mdpsolver_pi,3,2,0.99,0.001,0.019816000014543533,4.248820772545514e-06,0.000424882077254551,success,
e72fcaca-ffc0-4ddc-9839-2aa1ec512b86,343_6_hexagonal_grid_soccer,343,6,mdpsolver_mpi,1,0,0.99,0.001,0.019677599892020226,9.880308041942953e-06,0.0009880308041942945,success,
e72fcaca-ffc0-4ddc-9839-2aa1ec512b86,343_6_hexagonal_grid_soccer,343,6,mdpsolver_mpi,2,1,0.99,0.001,0.02007079985924065,9.880308041942953e-06,0.0009880308041942945,success,
e72fcaca-ffc0-4ddc-9839-2aa1ec512b86,343_6_hexagonal_grid_soccer,343,6,mdpsolver_mpi,3,2,0.99,0.001,0.01906700013205409,9.880308041942953e-06,0.0009880308041942945,success,
e72fcaca-ffc0-4ddc-9839-2aa1ec512b86,343_6_hexagonal_grid_soccer,343,6,mdpsolver_mpigs,1,0,0.99,0.001,0.015636099968105555,0.0,0.0,success,
e72fcaca-ffc0-4ddc-9839-2aa1ec512b86,343_6_hexagonal_grid_soccer,343,6,mdpsolver_mpigs,2,1,0.99,0.001,0.01448730006814003,0.0,0.0,success,
e72fcaca-ffc0-4ddc-9839-2aa1ec512b86,343_6_hexagonal_grid_soccer,343,6,mdpsolver_mpigs,3,2,0.99,0.001,0.014771699905395508,0.0,0.0,success,
e72fcaca-ffc0-4ddc-9839-2aa1ec512b86,343_6_hexagonal_grid_soccer,343,6,mdpsolver_mpigs_init,1,0,0.99,0.001,0.015164099866524339,0.0,0.0,success,
e72fcaca-ffc0-4ddc-9839-2aa1ec512b86,343_6_hexagonal_grid_soccer,343,6,mdpsolver_mpigs_init,2,1,0.99,0.001,0.014331300044432282,0.0,0.0,success,
e72fcaca-ffc0-4ddc-9839-2aa1ec512b86,343_6_hexagonal_grid_soccer,343,6,mdpsolver_mpigs_init,3,2,0.99,0.001,0.014622400049120188,0.0,0.0,success,
e72fcaca-ffc0-4ddc-9839-2aa1ec512b86,343_6_hexagonal_grid_soccer,343,6,mdpsolver_mpisor,1,0,0.99,0.001,0.014951299875974655,0.0,0.0,success,
e72fcaca-ffc0-4ddc-9839-2aa1ec512b86,343_6_hexagonal_grid_soccer,343,6,mdpsolver_mpisor,2,1,0.99,0.001,0.014330199919641018,0.0,0.0,success,
e72fcaca-ffc0-4ddc-9839-2aa1ec512b86,343_6_hexagonal_grid_soccer,343,6,mdpsolver_mpisor,3,2,0.99,0.001,0.01601299992762506,0.0,0.0,success,
e72fcaca-ffc0-4ddc-9839-2aa1ec512b86,343_6_hexagonal_grid_soccer,343,6,mdpsolver_mpisor_init,1,0,0.99,0.001,0.014888699864968657,0.0,0.0,success,
e72fcaca-ffc0-4ddc-9839-2aa1ec512b86,343_6_hexagonal_grid_soccer,343,6,mdpsolver_mpisor_init,2,1,0.99,0.001,0.014843700220808387,0.0,0.0,success,
e72fcaca-ffc0-4ddc-9839-2aa1ec512b86,343_6_hexagonal_grid_soccer,343,6,mdpsolver_mpisor_init,3,2,0.99,0.001,0.014423299813643098,0.0,0.0,success,
e72fcaca-ffc0-4ddc-9839-2aa1ec512b86,200_10_queue_impatience,200,10,mdptoolbox_vi,1,0,0.99,0.001,0.1128278998658061,3.410605131648481e-13,3.4106051316484777e-11,success,
e72fcaca-ffc0-4ddc-9839-2aa1ec512b86,200_10_queue_impatience,200,10,mdptoolbox_vi,2,1,0.99,0.001,0.1129687000066042,3.410605131648481e-13,3.4106051316484777e-11,success,
e72fcaca-ffc0-4ddc-9839-2aa1ec512b86,200_10_queue_impatience,200,10,mdptoolbox_vi,3,2,0.99,0.001,0.11441110004670918,3.410605131648481e-13,3.4106051316484777e-11,success,
e72fcaca-ffc0-4ddc-9839-2aa1ec512b86,200_10_queue_impatience,200,10,mdptoolbox_vigs,1,0,0.99,0.001,1.4162535001523793,3.913194746019144e-07,3.913194746019141e-05,success,
e72fcaca-ffc0-4ddc-9839-2aa1ec512b86,200_10_queue_impatience,200,10,mdptoolbox_vigs,2,1,0.99,0.001,1.422692600172013,3.913194746019144e-07,3.913194746019141e-05,success,
e72fcaca-ffc0-4ddc-9839-2aa1ec512b86,200_10_queue_impatience,200,10,mdptoolbox_vigs,3,2,0.99,0.001,1.4132077998947352,3.913194746019144e-07,3.913194746019141e-05,success,
e72fcaca-ffc0-4ddc-9839-2aa1ec512b86,200_10_queue_impatience,200,10,mdptoolbox_pi,1,0,0.99,0.001,0.013543699868023396,4.547473508864641e-13,4.547473508864637e-11,success,
e72fcaca-ffc0-4ddc-9839-2aa1ec512b86,200_10_queue_impatience,200,10,mdptoolbox_pi,2,1,0.99,0.001,0.013016000157222152,4.547473508864641e-13,4.547473508864637e-11,success,
e72fcaca-ffc0-4ddc-9839-2aa1ec512b86,200_10_queue_impatience,200,10,mdptoolbox_pi,3,2,0.99,0.001,0.016945600043982267,4.547473508864641e-13,4.547473508864637e-11,success,
e72fcaca-ffc0-4ddc-9839-2aa1ec512b86,200_10_queue_impatience,200,10,mdptoolbox_mpi,1,0,0.99,0.001,0.0111244001891464,5.4569682106375694e-12,5.456968210637564e-10,success,
e72fcaca-ffc0-4ddc-9839-2aa1ec512b86,200_10_queue_impatience,200,10,mdptoolbox_mpi,2,1,0.99,0.001,0.01110889995470643,5.4569682106375694e-12,5.456968210637564e-10,success,
e72fcaca-ffc0-4ddc-9839-2aa1ec512b86,200_10_queue_impatience,200,10,mdptoolbox_mpi,3,2,0.99,0.001,0.011136200046166778,5.4569682106375694e-12,5.456968210637564e-10,success,
e72fcaca-ffc0-4ddc-9839-2aa1ec512b86,200_10_queue_impatience,200,10,marmote_vi,1,0,0.99,0.001,0.6368350998964161,3.410605131648481e-13,3.4106051316484777e-11,success,
e72fcaca-ffc0-4ddc-9839-2aa1ec512b86,200_10_queue_impatience,200,10,marmote_vi,2,1,0.99,0.001,0.636442800052464,3.410605131648481e-13,3.4106051316484777e-11,success,
e72fcaca-ffc0-4ddc-9839-2aa1ec512b86,200_10_queue_impatience,200,10,marmote_vi,3,2,0.99,0.001,0.6349173998460174,3.410605131648481e-13,3.4106051316484777e-11,success,
e72fcaca-ffc0-4ddc-9839-2aa1ec512b86,200_10_queue_impatience,200,10,marmote_vigs,1,0,0.99,0.001,0.6144725999329239,2.463224291204824e-08,2.463224291204822e-06,success,
e72fcaca-ffc0-4ddc-9839-2aa1ec512b86,200_10_queue_impatience,200,10,marmote_vigs,2,1,0.99,0.001,0.6086387000977993,2.463224291204824e-08,2.463224291204822e-06,success,
e72fcaca-ffc0-4ddc-9839-2aa1ec512b86,200_10_queue_impatience,200,10,marmote_vigs,3,2,0.99,0.001,0.6045528000686318,2.463224291204824e-08,2.463224291204822e-06,success,
e72fcaca-ffc0-4ddc-9839-2aa1ec512b86,200_10_queue_impatience,200,10,marmote_mpi,1,0,0.99,0.001,0.5789667000062764,4.89900207867322e-06,0.0004899002078673216,success,
e72fcaca-ffc0-4ddc-9839-2aa1ec512b86,200_10_queue_impatience,200,10,marmote_mpi,2,1,0.99,0.001,0.5836056999396533,4.89900207867322e-06,0.0004899002078673216,success,
e72fcaca-ffc0-4ddc-9839-2aa1ec512b86,200_10_queue_impatience,200,10,marmote_mpi,3,2,0.99,0.001,0.6045987999532372,4.89900207867322e-06,0.0004899002078673216,success,
e72fcaca-ffc0-4ddc-9839-2aa1ec512b86,200_10_queue_impatience,200,10,marmote_mpigs,1,0,0.99,0.001,0.5938417001161724,3.1770771897754457e-06,0.0003177077189775443,success,
e72fcaca-ffc0-4ddc-9839-2aa1ec512b86,200_10_queue_impatience,200,10,marmote_mpigs,2,1,0.99,0.001,0.5820245000068098,3.1770771897754457e-06,0.0003177077189775443,success,
e72fcaca-ffc0-4ddc-9839-2aa1ec512b86,200_10_queue_impatience,200,10,marmote_mpigs,3,2,0.99,0.001,0.5788282998837531,3.1770771897754457e-06,0.0003177077189775443,success,
e72fcaca-ffc0-4ddc-9839-2aa1ec512b86,200_10_queue_impatience,200,10,mdpsolver_vi,1,0,0.99,0.001,0.5481576998718083,4.888534022029489e-12,4.888534022029485e-10,success,
e72fcaca-ffc0-4ddc-9839-2aa1ec512b86,200_10_queue_impatience,200,10,mdpsolver_vi,2,1,0.99,0.001,0.5546355999540538,4.888534022029489e-12,4.888534022029485e-10,success,
e72fcaca-ffc0-4ddc-9839-2aa1ec512b86,200_10_queue_impatience,200,10,mdpsolver_vi,3,2,0.99,0.001,0.5584030000027269,4.888534022029489e-12,4.888534022029485e-10,success,
e72fcaca-ffc0-4ddc-9839-2aa1ec512b86,200_10_queue_impatience,200,10,mdpsolver_vigs,1,0,0.99,0.001,0.8404742998536676,2.4475639293086715e-08,2.4475639293086694e-06,success,
e72fcaca-ffc0-4ddc-9839-2aa1ec512b86,200_10_queue_impatience,200,10,mdpsolver_vigs,2,1,0.99,0.001,0.8551570998970419,2.4475639293086715e-08,2.4475639293086694e-06,success,
e72fcaca-ffc0-4ddc-9839-2aa1ec512b86,200_10_queue_impatience,200,10,mdpsolver_vigs,3,2,0.99,0.001,0.8553754999302328,2.4475639293086715e-08,2.4475639293086694e-06,success,
e72fcaca-ffc0-4ddc-9839-2aa1ec512b86,200_10_queue_impatience,200,10,mdpsolver_visor,1,0,0.99,0.001,0.7806867000181228,nan,nan,error,RuntimeError: VI precision not reached: error bound 621.176 > 0.001
e72fcaca-ffc0-4ddc-9839-2aa1ec512b86,200_10_queue_impatience,200,10,mdpsolver_visor,2,1,0.99,0.001,0.7660232000052929,nan,nan,error,RuntimeError: VI precision not reached: error bound 621.176 > 0.001
e72fcaca-ffc0-4ddc-9839-2aa1ec512b86,200_10_queue_impatience,200,10,mdpsolver_visor,3,2,0.99,0.001,0.7660491999704391,nan,nan,error,RuntimeError: VI precision not reached: error bound 621.176 > 0.001
e72fcaca-ffc0-4ddc-9839-2aa1ec512b86,200_10_queue_impatience,200,10,mdpsolver_pi,1,0,0.99,0.001,0.5445682997815311,4.547473508864641e-13,4.547473508864637e-11,success,
e72fcaca-ffc0-4ddc-9839-2aa1ec512b86,200_10_queue_impatience,200,10,mdpsolver_pi,2,1,0.99,0.001,0.5463369998615235,4.547473508864641e-13,4.547473508864637e-11,success,
e72fcaca-ffc0-4ddc-9839-2aa1ec512b86,200_10_queue_impatience,200,10,mdpsolver_pi,3,2,0.99,0.001,0.5582644001115113,4.547473508864641e-13,4.547473508864637e-11,success,
e72fcaca-ffc0-4ddc-9839-2aa1ec512b86,200_10_queue_impatience,200,10,mdpsolver_mpi,1,0,0.99,0.001,0.5382432001642883,1.0743406164692715e-11,1.0743406164692704e-09,success,
e72fcaca-ffc0-4ddc-9839-2aa1ec512b86,200_10_queue_impatience,200,10,mdpsolver_mpi,2,1,0.99,0.001,0.5356014999561012,1.0743406164692715e-11,1.0743406164692704e-09,success,
e72fcaca-ffc0-4ddc-9839-2aa1ec512b86,200_10_queue_impatience,200,10,mdpsolver_mpi,3,2,0.99,0.001,0.5393898000475019,1.0743406164692715e-11,1.0743406164692704e-09,success,
e72fcaca-ffc0-4ddc-9839-2aa1ec512b86,200_10_queue_impatience,200,10,mdpsolver_mpigs,1,0,0.99,0.001,0.5698239000048488,2.8314716757904534e-06,0.0002831471675790451,success,
e72fcaca-ffc0-4ddc-9839-2aa1ec512b86,200_10_queue_impatience,200,10,mdpsolver_mpigs,2,1,0.99,0.001,0.5763962999917567,2.8314716757904534e-06,0.0002831471675790451,success,
e72fcaca-ffc0-4ddc-9839-2aa1ec512b86,200_10_queue_impatience,200,10,mdpsolver_mpigs,3,2,0.99,0.001,0.57167820003815,2.8314716757904534e-06,0.0002831471675790451,success,
e72fcaca-ffc0-4ddc-9839-2aa1ec512b86,200_10_queue_impatience,200,10,mdpsolver_mpigs_init,1,0,0.99,0.001,0.561309700133279,2.821194613034095e-06,0.0002821194613034092,success,
e72fcaca-ffc0-4ddc-9839-2aa1ec512b86,200_10_queue_impatience,200,10,mdpsolver_mpigs_init,2,1,0.99,0.001,0.5585522002074867,2.821194613034095e-06,0.0002821194613034092,success,
e72fcaca-ffc0-4ddc-9839-2aa1ec512b86,200_10_queue_impatience,200,10,mdpsolver_mpigs_init,3,2,0.99,0.001,0.5537531001027673,2.821194613034095e-06,0.0002821194613034092,success,
e72fcaca-ffc0-4ddc-9839-2aa1ec512b86,200_10_queue_impatience,200,10,mdpsolver_mpisor,1,0,0.99,0.001,0.5704773999750614,2.8314716757904534e-06,0.0002831471675790451,success,
e72fcaca-ffc0-4ddc-9839-2aa1ec512b86,200_10_queue_impatience,200,10,mdpsolver_mpisor,2,1,0.99,0.001,0.5711226998828351,2.8314716757904534e-06,0.0002831471675790451,success,
e72fcaca-ffc0-4ddc-9839-2aa1ec512b86,200_10_queue_impatience,200,10,mdpsolver_mpisor,3,2,0.99,0.001,0.5666566002182662,2.8314716757904534e-06,0.0002831471675790451,success,
e72fcaca-ffc0-4ddc-9839-2aa1ec512b86,200_10_queue_impatience,200,10,mdpsolver_mpisor_init,1,0,0.99,0.001,0.5610342998988926,2.821194613034095e-06,0.0002821194613034092,success,
e72fcaca-ffc0-4ddc-9839-2aa1ec512b86,200_10_queue_impatience,200,10,mdpsolver_mpisor_init,2,1,0.99,0.001,0.559134199982509,2.821194613034095e-06,0.0002821194613034092,success,
e72fcaca-ffc0-4ddc-9839-2aa1ec512b86,200_10_queue_impatience,200,10,mdpsolver_mpisor_init,3,2,0.99,0.001,0.5701464999001473,2.821194613034095e-06,0.0002821194613034092,success,
e72fcaca-ffc0-4ddc-9839-2aa1ec512b86,500_10_inventory,499,10,mdptoolbox_vi,1,0,0.99,0.001,0.2741743999067694,4.3655745685100555e-11,4.365574568510051e-09,success,
e72fcaca-ffc0-4ddc-9839-2aa1ec512b86,500_10_inventory,499,10,mdptoolbox_vi,2,1,0.99,0.001,0.2784319999627769,4.3655745685100555e-11,4.365574568510051e-09,success,
e72fcaca-ffc0-4ddc-9839-2aa1ec512b86,500_10_inventory,499,10,mdptoolbox_vi,3,2,0.99,0.001,0.2712586000561714,4.3655745685100555e-11,4.365574568510051e-09,success,
e72fcaca-ffc0-4ddc-9839-2aa1ec512b86,500_10_inventory,499,10,mdptoolbox_vigs,1,0,0.99,0.001,nan,nan,nan,timeout,Trial exceeded timeout of 5 s
e72fcaca-ffc0-4ddc-9839-2aa1ec512b86,500_10_inventory,499,10,mdptoolbox_vigs,2,1,0.99,0.001,nan,nan,nan,timeout,Trial exceeded timeout of 5 s
e72fcaca-ffc0-4ddc-9839-2aa1ec512b86,500_10_inventory,499,10,mdptoolbox_vigs,3,2,0.99,0.001,nan,nan,nan,timeout,Trial exceeded timeout of 5 s
e72fcaca-ffc0-4ddc-9839-2aa1ec512b86,500_10_inventory,499,10,mdptoolbox_pi,1,0,0.99,0.001,0.052509000059217215,2.9103830456733704e-11,2.910383045673368e-09,success,
e72fcaca-ffc0-4ddc-9839-2aa1ec512b86,500_10_inventory,499,10,mdptoolbox_pi,2,1,0.99,0.001,0.056123399874195457,2.9103830456733704e-11,2.910383045673368e-09,success,
e72fcaca-ffc0-4ddc-9839-2aa1ec512b86,500_10_inventory,499,10,mdptoolbox_pi,3,2,0.99,0.001,0.05802310002036393,2.9103830456733704e-11,2.910383045673368e-09,success,
e72fcaca-ffc0-4ddc-9839-2aa1ec512b86,500_10_inventory,499,10,mdptoolbox_mpi,1,0,0.99,0.001,0.08701719995588064,5.820766091346741e-11,5.820766091346736e-09,success,
e72fcaca-ffc0-4ddc-9839-2aa1ec512b86,500_10_inventory,499,10,mdptoolbox_mpi,2,1,0.99,0.001,0.09310619998723269,5.820766091346741e-11,5.820766091346736e-09,success,
e72fcaca-ffc0-4ddc-9839-2aa1ec512b86,500_10_inventory,499,10,mdptoolbox_mpi,3,2,0.99,0.001,0.09740459988825023,5.820766091346741e-11,5.820766091346736e-09,success,
e72fcaca-ffc0-4ddc-9839-2aa1ec512b86,500_10_inventory,499,10,marmote_vi,1,0,0.99,0.001,0.17506080004386604,5.820766091346741e-11,5.820766091346736e-09,success,
e72fcaca-ffc0-4ddc-9839-2aa1ec512b86,500_10_inventory,499,10,marmote_vi,2,1,0.99,0.001,0.17258989997208118,5.820766091346741e-11,5.820766091346736e-09,success,
e72fcaca-ffc0-4ddc-9839-2aa1ec512b86,500_10_inventory,499,10,marmote_vi,3,2,0.99,0.001,0.17227940005250275,5.820766091346741e-11,5.820766091346736e-09,success,
e72fcaca-ffc0-4ddc-9839-2aa1ec512b86,500_10_inventory,499,10,marmote_vigs,1,0,0.99,0.001,0.15325929992832243,1.8000719137489796e-08,1.8000719137489779e-06,success,
e72fcaca-ffc0-4ddc-9839-2aa1ec512b86,500_10_inventory,499,10,marmote_vigs,2,1,0.99,0.001,0.1528626000508666,1.8000719137489796e-08,1.8000719137489779e-06,success,
e72fcaca-ffc0-4ddc-9839-2aa1ec512b86,500_10_inventory,499,10,marmote_vigs,3,2,0.99,0.001,0.1475069997832179,1.8000719137489796e-08,1.8000719137489779e-06,success,
e72fcaca-ffc0-4ddc-9839-2aa1ec512b86,500_10_inventory,499,10,marmote_mpi,1,0,0.99,0.001,0.1174938001204282,4.9253139877691865e-06,0.0004925313987769182,success,
e72fcaca-ffc0-4ddc-9839-2aa1ec512b86,500_10_inventory,499,10,marmote_mpi,2,1,0.99,0.001,0.11787490011192858,4.9253139877691865e-06,0.0004925313987769182,success,
e72fcaca-ffc0-4ddc-9839-2aa1ec512b86,500_10_inventory,499,10,marmote_mpi,3,2,0.99,0.001,0.11621730006299913,4.9253139877691865e-06,0.0004925313987769182,success,
e72fcaca-ffc0-4ddc-9839-2aa1ec512b86,500_10_inventory,499,10,marmote_mpigs,1,0,0.99,0.001,0.1150160999968648,4.934321623295546e-06,0.0004934321623295541,success,
e72fcaca-ffc0-4ddc-9839-2aa1ec512b86,500_10_inventory,499,10,marmote_mpigs,2,1,0.99,0.001,0.1149953999556601,4.934321623295546e-06,0.0004934321623295541,success,
e72fcaca-ffc0-4ddc-9839-2aa1ec512b86,500_10_inventory,499,10,marmote_mpigs,3,2,0.99,0.001,0.11517599993385375,4.934321623295546e-06,0.0004934321623295541,success,
e72fcaca-ffc0-4ddc-9839-2aa1ec512b86,500_10_inventory,499,10,mdpsolver_vi,1,0,0.99,0.001,0.10680390009656549,4.3655745685100555e-11,4.365574568510051e-09,success,
e72fcaca-ffc0-4ddc-9839-2aa1ec512b86,500_10_inventory,499,10,mdpsolver_vi,2,1,0.99,0.001,0.10380889987573028,4.3655745685100555e-11,4.365574568510051e-09,success,
e72fcaca-ffc0-4ddc-9839-2aa1ec512b86,500_10_inventory,499,10,mdpsolver_vi,3,2,0.99,0.001,0.10560879996046424,4.3655745685100555e-11,4.365574568510051e-09,success,
e72fcaca-ffc0-4ddc-9839-2aa1ec512b86,500_10_inventory,499,10,mdpsolver_vigs,1,0,0.99,0.001,0.18461009999737144,1.765147317200899e-08,1.7651473172008976e-06,success,
e72fcaca-ffc0-4ddc-9839-2aa1ec512b86,500_10_inventory,499,10,mdpsolver_vigs,2,1,0.99,0.001,0.18288690014742315,1.765147317200899e-08,1.7651473172008976e-06,success,
e72fcaca-ffc0-4ddc-9839-2aa1ec512b86,500_10_inventory,499,10,mdpsolver_vigs,3,2,0.99,0.001,0.18468840001150966,1.765147317200899e-08,1.7651473172008976e-06,success,
e72fcaca-ffc0-4ddc-9839-2aa1ec512b86,500_10_inventory,499,10,mdpsolver_visor,1,0,0.99,0.001,0.15331439999863505,2.3050233721733093e-08,2.305023372173307e-06,success,
e72fcaca-ffc0-4ddc-9839-2aa1ec512b86,500_10_inventory,499,10,mdpsolver_visor,2,1,0.99,0.001,0.1545740000437945,2.3050233721733093e-08,2.305023372173307e-06,success,
e72fcaca-ffc0-4ddc-9839-2aa1ec512b86,500_10_inventory,499,10,mdpsolver_visor,3,2,0.99,0.001,0.1573115000501275,2.3050233721733093e-08,2.305023372173307e-06,success,
e72fcaca-ffc0-4ddc-9839-2aa1ec512b86,500_10_inventory,499,10,mdpsolver_pi,1,0,0.99,0.001,0.12554260017350316,5.820766091346741e-11,5.820766091346736e-09,success,
e72fcaca-ffc0-4ddc-9839-2aa1ec512b86,500_10_inventory,499,10,mdpsolver_pi,2,1,0.99,0.001,0.1260039999615401,5.820766091346741e-11,5.820766091346736e-09,success,
e72fcaca-ffc0-4ddc-9839-2aa1ec512b86,500_10_inventory,499,10,mdpsolver_pi,3,2,0.99,0.001,0.126793900039047,5.820766091346741e-11,5.820766091346736e-09,success,
e72fcaca-ffc0-4ddc-9839-2aa1ec512b86,500_10_inventory,499,10,mdpsolver_mpi,1,0,0.99,0.001,0.10400040005333722,1.0186340659856796e-10,1.0186340659856788e-08,success,
e72fcaca-ffc0-4ddc-9839-2aa1ec512b86,500_10_inventory,499,10,mdpsolver_mpi,2,1,0.99,0.001,0.10872670006938279,1.0186340659856796e-10,1.0186340659856788e-08,success,
e72fcaca-ffc0-4ddc-9839-2aa1ec512b86,500_10_inventory,499,10,mdpsolver_mpi,3,2,0.99,0.001,0.10353589989244938,1.0186340659856796e-10,1.0186340659856788e-08,success,
e72fcaca-ffc0-4ddc-9839-2aa1ec512b86,500_10_inventory,499,10,mdpsolver_mpigs,1,0,0.99,0.001,0.11788609996438026,4.6714849304407835e-06,0.0004671484930440779,success,
e72fcaca-ffc0-4ddc-9839-2aa1ec512b86,500_10_inventory,499,10,mdpsolver_mpigs,2,1,0.99,0.001,0.11112649994902313,4.6714849304407835e-06,0.0004671484930440779,success,
e72fcaca-ffc0-4ddc-9839-2aa1ec512b86,500_10_inventory,499,10,mdpsolver_mpigs,3,2,0.99,0.001,0.10987000004388392,4.6714849304407835e-06,0.0004671484930440779,success,
e72fcaca-ffc0-4ddc-9839-2aa1ec512b86,500_10_inventory,499,10,mdpsolver_mpigs_init,1,0,0.99,0.001,0.11123630008660257,7.700873538851738e-07,7.700873538851731e-05,success,
e72fcaca-ffc0-4ddc-9839-2aa1ec512b86,500_10_inventory,499,10,mdpsolver_mpigs_init,2,1,0.99,0.001,0.1093512000516057,7.700873538851738e-07,7.700873538851731e-05,success,
e72fcaca-ffc0-4ddc-9839-2aa1ec512b86,500_10_inventory,499,10,mdpsolver_mpigs_init,3,2,0.99,0.001,0.1090349000878632,7.700873538851738e-07,7.700873538851731e-05,success,
e72fcaca-ffc0-4ddc-9839-2aa1ec512b86,500_10_inventory,499,10,mdpsolver_mpisor,1,0,0.99,0.001,0.10881470004096627,4.6714849304407835e-06,0.0004671484930440779,success,
e72fcaca-ffc0-4ddc-9839-2aa1ec512b86,500_10_inventory,499,10,mdpsolver_mpisor,2,1,0.99,0.001,0.10867300000973046,4.6714849304407835e-06,0.0004671484930440779,success,
e72fcaca-ffc0-4ddc-9839-2aa1ec512b86,500_10_inventory,499,10,mdpsolver_mpisor,3,2,0.99,0.001,0.10972189996391535,4.6714849304407835e-06,0.0004671484930440779,success,
e72fcaca-ffc0-4ddc-9839-2aa1ec512b86,500_10_inventory,499,10,mdpsolver_mpisor_init,1,0,0.99,0.001,0.10678270016796887,7.700873538851738e-07,7.700873538851731e-05,success,
e72fcaca-ffc0-4ddc-9839-2aa1ec512b86,500_10_inventory,499,10,mdpsolver_mpisor_init,2,1,0.99,0.001,0.11219629994593561,7.700873538851738e-07,7.700873538851731e-05,success,
e72fcaca-ffc0-4ddc-9839-2aa1ec512b86,500_10_inventory,499,10,mdpsolver_mpisor_init,3,2,0.99,0.001,0.11414330010302365,7.700873538851738e-07,7.700873538851731e-05,success,
e72fcaca-ffc0-4ddc-9839-2aa1ec512b86,100_10_inventory_leadtime_9_9,100,10,mdptoolbox_vi,1,0,0.99,0.001,0.05132580013014376,2.3037188157104538e-08,2.3037188157104517e-06,success,
e72fcaca-ffc0-4ddc-9839-2aa1ec512b86,100_10_inventory_leadtime_9_9,100,10,mdptoolbox_vi,2,1,0.99,0.001,0.04578169994056225,2.3037188157104538e-08,2.3037188157104517e-06,success,
e72fcaca-ffc0-4ddc-9839-2aa1ec512b86,100_10_inventory_leadtime_9_9,100,10,mdptoolbox_vi,3,2,0.99,0.001,0.045488799922168255,2.3037188157104538e-08,2.3037188157104517e-06,success,
e72fcaca-ffc0-4ddc-9839-2aa1ec512b86,100_10_inventory_leadtime_9_9,100,10,mdptoolbox_vigs,1,0,0.99,0.001,0.7700987001881003,7.14988559025187e-07,7.149885590251863e-05,success,
e72fcaca-ffc0-4ddc-9839-2aa1ec512b86,100_10_inventory_leadtime_9_9,100,10,mdptoolbox_vigs,2,1,0.99,0.001,0.7472661000210792,7.14988559025187e-07,7.149885590251863e-05,success,
e72fcaca-ffc0-4ddc-9839-2aa1ec512b86,100_10_inventory_leadtime_9_9,100,10,mdptoolbox_vigs,3,2,0.99,0.001,0.7377463998273015,7.14988559025187e-07,7.149885590251863e-05,success,
e72fcaca-ffc0-4ddc-9839-2aa1ec512b86,100_10_inventory_leadtime_9_9,100,10,mdptoolbox_pi,1,0,0.99,0.001,0.0060138998087495565,1.4210854715202004e-14,1.4210854715201992e-12,success,
e72fcaca-ffc0-4ddc-9839-2aa1ec512b86,100_10_inventory_leadtime_9_9,100,10,mdptoolbox_pi,2,1,0.99,0.001,0.007299500051885843,1.4210854715202004e-14,1.4210854715201992e-12,success,
e72fcaca-ffc0-4ddc-9839-2aa1ec512b86,100_10_inventory_leadtime_9_9,100,10,mdptoolbox_pi,3,2,0.99,0.001,0.006175300106406212,1.4210854715202004e-14,1.4210854715201992e-12,success,
e72fcaca-ffc0-4ddc-9839-2aa1ec512b86,100_10_inventory_leadtime_9_9,100,10,mdptoolbox_mpi,1,0,0.99,0.001,0.005225700093433261,1.598073993136495e-07,1.5980739931364938e-05,success,
e72fcaca-ffc0-4ddc-9839-2aa1ec512b86,100_10_inventory_leadtime_9_9,100,10,mdptoolbox_mpi,2,1,0.99,0.001,0.004478200105950236,1.598073993136495e-07,1.5980739931364938e-05,success,
e72fcaca-ffc0-4ddc-9839-2aa1ec512b86,100_10_inventory_leadtime_9_9,100,10,mdptoolbox_mpi,3,2,0.99,0.001,0.004319799831137061,1.598073993136495e-07,1.5980739931364938e-05,success,
e72fcaca-ffc0-4ddc-9839-2aa1ec512b86,100_10_inventory_leadtime_9_9,100,10,marmote_vi,1,0,0.99,0.001,0.029388800030574203,1.4210854715202004e-14,1.4210854715201992e-12,success,
e72fcaca-ffc0-4ddc-9839-2aa1ec512b86,100_10_inventory_leadtime_9_9,100,10,marmote_vi,2,1,0.99,0.001,0.029291999991983175,1.4210854715202004e-14,1.4210854715201992e-12,success,
e72fcaca-ffc0-4ddc-9839-2aa1ec512b86,100_10_inventory_leadtime_9_9,100,10,marmote_vi,3,2,0.99,0.001,0.02915980014950037,1.4210854715202004e-14,1.4210854715201992e-12,success,
e72fcaca-ffc0-4ddc-9839-2aa1ec512b86,100_10_inventory_leadtime_9_9,100,10,marmote_vigs,1,0,0.99,0.001,0.027879200177267194,2.4847210511325102e-08,2.484721051132508e-06,success,
e72fcaca-ffc0-4ddc-9839-2aa1ec512b86,100_10_inventory_leadtime_9_9,100,10,marmote_vigs,2,1,0.99,0.001,0.02857850003056228,2.4847210511325102e-08,2.484721051132508e-06,success,
e72fcaca-ffc0-4ddc-9839-2aa1ec512b86,100_10_inventory_leadtime_9_9,100,10,marmote_vigs,3,2,0.99,0.001,0.02817819989286363,2.4847210511325102e-08,2.484721051132508e-06,success,
e72fcaca-ffc0-4ddc-9839-2aa1ec512b86,100_10_inventory_leadtime_9_9,100,10,marmote_mpi,1,0,0.99,0.001,0.022654500091448426,4.909652687956623e-06,0.0004909652687956618,success,
e72fcaca-ffc0-4ddc-9839-2aa1ec512b86,100_10_inventory_leadtime_9_9,100,10,marmote_mpi,2,1,0.99,0.001,0.02327600005082786,4.909652687956623e-06,0.0004909652687956618,success,
e72fcaca-ffc0-4ddc-9839-2aa1ec512b86,100_10_inventory_leadtime_9_9,100,10,marmote_mpi,3,2,0.99,0.001,0.022796799894422293,4.909652687956623e-06,0.0004909652687956618,success,
e72fcaca-ffc0-4ddc-9839-2aa1ec512b86,100_10_inventory_leadtime_9_9,100,10,marmote_mpigs,1,0,0.99,0.001,0.022569600027054548,4.92033001364689e-06,0.0004920330013646885,success,
e72fcaca-ffc0-4ddc-9839-2aa1ec512b86,100_10_inventory_leadtime_9_9,100,10,marmote_mpigs,2,1,0.99,0.001,0.02245820011012256,4.92033001364689e-06,0.0004920330013646885,success,
e72fcaca-ffc0-4ddc-9839-2aa1ec512b86,100_10_inventory_leadtime_9_9,100,10,marmote_mpigs,3,2,0.99,0.001,0.023926699999719858,4.92033001364689e-06,0.0004920330013646885,success,
e72fcaca-ffc0-4ddc-9839-2aa1ec512b86,100_10_inventory_leadtime_9_9,100,10,mdpsolver_vi,1,0,0.99,0.001,0.020964100025594234,1.1403230359974259e-08,1.1403230359974248e-06,success,
e72fcaca-ffc0-4ddc-9839-2aa1ec512b86,100_10_inventory_leadtime_9_9,100,10,mdpsolver_vi,2,1,0.99,0.001,0.020105900010094047,1.1403230359974259e-08,1.1403230359974248e-06,success,
e72fcaca-ffc0-4ddc-9839-2aa1ec512b86,100_10_inventory_leadtime_9_9,100,10,mdpsolver_vi,3,2,0.99,0.001,0.02145120012573898,1.1403230359974259e-08,1.1403230359974248e-06,success,
e72fcaca-ffc0-4ddc-9839-2aa1ec512b86,100_10_inventory_leadtime_9_9,100,10,mdpsolver_vigs,1,0,0.99,0.001,0.03462789999321103,2.460568282458553e-08,2.4605682824585507e-06,success,
e72fcaca-ffc0-4ddc-9839-2aa1ec512b86,100_10_inventory_leadtime_9_9,100,10,mdpsolver_vigs,2,1,0.99,0.001,0.033325100084766746,2.460568282458553e-08,2.4605682824585507e-06,success,
e72fcaca-ffc0-4ddc-9839-2aa1ec512b86,100_10_inventory_leadtime_9_9,100,10,mdpsolver_vigs,3,2,0.99,0.001,0.03338199993595481,2.460568282458553e-08,2.4605682824585507e-06,success,
e72fcaca-ffc0-4ddc-9839-2aa1ec512b86,100_10_inventory_leadtime_9_9,100,10,mdpsolver_visor,1,0,0.99,0.001,0.025051599834114313,nan,nan,error,RuntimeError: VI precision not reached: error bound 97.796 > 0.001
e72fcaca-ffc0-4ddc-9839-2aa1ec512b86,100_10_inventory_leadtime_9_9,100,10,mdpsolver_visor,2,1,0.99,0.001,0.025754899950698018,nan,nan,error,RuntimeError: VI precision not reached: error bound 97.796 > 0.001
e72fcaca-ffc0-4ddc-9839-2aa1ec512b86,100_10_inventory_leadtime_9_9,100,10,mdpsolver_visor,3,2,0.99,0.001,0.024886799976229668,nan,nan,error,RuntimeError: VI precision not reached: error bound 97.796 > 0.001
e72fcaca-ffc0-4ddc-9839-2aa1ec512b86,100_10_inventory_leadtime_9_9,100,10,mdpsolver_pi,1,0,0.99,0.001,0.020659599918872118,6.517488060353571e-07,6.517488060353566e-05,success,
e72fcaca-ffc0-4ddc-9839-2aa1ec512b86,100_10_inventory_leadtime_9_9,100,10,mdpsolver_pi,2,1,0.99,0.001,0.020305000012740493,6.517488060353571e-07,6.517488060353566e-05,success,
e72fcaca-ffc0-4ddc-9839-2aa1ec512b86,100_10_inventory_leadtime_9_9,100,10,mdpsolver_pi,3,2,0.99,0.001,0.020144500071182847,6.517488060353571e-07,6.517488060353566e-05,success,
e72fcaca-ffc0-4ddc-9839-2aa1ec512b86,100_10_inventory_leadtime_9_9,100,10,mdpsolver_mpi,1,0,0.99,0.001,0.019855600083246827,1.3185734388798664e-06,0.00013185734388798654,success,
e72fcaca-ffc0-4ddc-9839-2aa1ec512b86,100_10_inventory_leadtime_9_9,100,10,mdpsolver_mpi,2,1,0.99,0.001,0.019798299996182323,1.3185734388798664e-06,0.00013185734388798654,success,
e72fcaca-ffc0-4ddc-9839-2aa1ec512b86,100_10_inventory_leadtime_9_9,100,10,mdpsolver_mpi,3,2,0.99,0.001,0.020137399900704622,1.3185734388798664e-06,0.00013185734388798654,success,
e72fcaca-ffc0-4ddc-9839-2aa1ec512b86,100_10_inventory_leadtime_9_9,100,10,mdpsolver_mpigs,1,0,0.99,0.001,0.020327100064605474,4.484746341404389e-06,0.0004484746341404385,success,
e72fcaca-ffc0-4ddc-9839-2aa1ec512b86,100_10_inventory_leadtime_9_9,100,10,mdpsolver_mpigs,2,1,0.99,0.001,0.02071050019003451,4.484746341404389e-06,0.0004484746341404385,success,
e72fcaca-ffc0-4ddc-9839-2aa1ec512b86,100_10_inventory_leadtime_9_9,100,10,mdpsolver_mpigs,3,2,0.99,0.001,0.020700199995189905,4.484746341404389e-06,0.0004484746341404385,success,
e72fcaca-ffc0-4ddc-9839-2aa1ec512b86,100_10_inventory_leadtime_9_9,100,10,mdpsolver_mpigs_init,1,0,0.99,0.001,0.02017190004698932,4.484746341404389e-06,0.0004484746341404385,success,
e72fcaca-ffc0-4ddc-9839-2aa1ec512b86,100_10_inventory_leadtime_9_9,100,10,mdpsolver_mpigs_init,2,1,0.99,0.001,0.020800699945539236,4.484746341404389e-06,0.0004484746341404385,success,
e72fcaca-ffc0-4ddc-9839-2aa1ec512b86,100_10_inventory_leadtime_9_9,100,10,mdpsolver_mpigs_init,3,2,0.99,0.001,0.02029690006747842,4.484746341404389e-06,0.0004484746341404385,success,
e72fcaca-ffc0-4ddc-9839-2aa1ec512b86,100_10_inventory_leadtime_9_9,100,10,mdpsolver_mpisor,1,0,0.99,0.001,0.021287599811330438,4.484746341404389e-06,0.0004484746341404385,success,
e72fcaca-ffc0-4ddc-9839-2aa1ec512b86,100_10_inventory_leadtime_9_9,100,10,mdpsolver_mpisor,2,1,0.99,0.001,0.021936999866738915,4.484746341404389e-06,0.0004484746341404385,success,
e72fcaca-ffc0-4ddc-9839-2aa1ec512b86,100_10_inventory_leadtime_9_9,100,10,mdpsolver_mpisor,3,2,0.99,0.001,0.02046710019931197,4.484746341404389e-06,0.0004484746341404385,success,
e72fcaca-ffc0-4ddc-9839-2aa1ec512b86,100_10_inventory_leadtime_9_9,100,10,mdpsolver_mpisor_init,1,0,0.99,0.001,0.02110430016182363,4.484746341404389e-06,0.0004484746341404385,success,
e72fcaca-ffc0-4ddc-9839-2aa1ec512b86,100_10_inventory_leadtime_9_9,100,10,mdpsolver_mpisor_init,2,1,0.99,0.001,0.020934100029990077,4.484746341404389e-06,0.0004484746341404385,success,
e72fcaca-ffc0-4ddc-9839-2aa1ec512b86,100_10_inventory_leadtime_9_9,100,10,mdpsolver_mpisor_init,3,2,0.99,0.001,0.021408400032669306,4.484746341404389e-06,0.0004484746341404385,success,
e72fcaca-ffc0-4ddc-9839-2aa1ec512b86,49_4_local_perception_grid_world,49,4,mdptoolbox_vi,1,0,0.99,0.001,0.0424879000056535,4.986802082385111e-08,4.986802082385107e-06,success,
e72fcaca-ffc0-4ddc-9839-2aa1ec512b86,49_4_local_perception_grid_world,49,4,mdptoolbox_vi,2,1,0.99,0.001,0.04439749987795949,4.986802082385111e-08,4.986802082385107e-06,success,
e72fcaca-ffc0-4ddc-9839-2aa1ec512b86,49_4_local_perception_grid_world,49,4,mdptoolbox_vi,3,2,0.99,0.001,0.04292930010706186,4.986802082385111e-08,4.986802082385107e-06,success,
e72fcaca-ffc0-4ddc-9839-2aa1ec512b86,49_4_local_perception_grid_world,49,4,mdptoolbox_vigs,1,0,0.99,0.001,0.2434648999478668,4.936934772103996e-08,4.9369347721039915e-06,success,
e72fcaca-ffc0-4ddc-9839-2aa1ec512b86,49_4_local_perception_grid_world,49,4,mdptoolbox_vigs,2,1,0.99,0.001,0.22972170007415116,4.936934772103996e-08,4.9369347721039915e-06,success,
e72fcaca-ffc0-4ddc-9839-2aa1ec512b86,49_4_local_perception_grid_world,49,4,mdptoolbox_vigs,3,2,0.99,0.001,0.23145400010980666,4.936934772103996e-08,4.9369347721039915e-06,success,
e72fcaca-ffc0-4ddc-9839-2aa1ec512b86,49_4_local_perception_grid_world,49,4,mdptoolbox_pi,1,0,0.99,0.001,0.005174200050532818,3.552713678800501e-15,3.552713678800498e-13,success,
e72fcaca-ffc0-4ddc-9839-2aa1ec512b86,49_4_local_perception_grid_world,49,4,mdptoolbox_pi,2,1,0.99,0.001,0.00502580008469522,3.552713678800501e-15,3.552713678800498e-13,success,
e72fcaca-ffc0-4ddc-9839-2aa1ec512b86,49_4_local_perception_grid_world,49,4,mdptoolbox_pi,3,2,0.99,0.001,0.0062281000427901745,3.552713678800501e-15,3.552713678800498e-13,success,
e72fcaca-ffc0-4ddc-9839-2aa1ec512b86,49_4_local_perception_grid_world,49,4,mdptoolbox_mpi,1,0,0.99,0.001,0.035713399993255734,4.926496833590477e-06,0.0004926496833590473,success,
e72fcaca-ffc0-4ddc-9839-2aa1ec512b86,49_4_local_perception_grid_world,49,4,mdptoolbox_mpi,2,1,0.99,0.001,0.035442400025203824,4.926496833590477e-06,0.0004926496833590473,success,
e72fcaca-ffc0-4ddc-9839-2aa1ec512b86,49_4_local_perception_grid_world,49,4,mdptoolbox_mpi,3,2,0.99,0.001,0.03565009986050427,4.926496833590477e-06,0.0004926496833590473,success,
e72fcaca-ffc0-4ddc-9839-2aa1ec512b86,49_4_local_perception_grid_world,49,4,marmote_vi,1,0,0.99,0.001,0.003698500106111169,2.492588180302846e-08,2.492588180302844e-06,success,
e72fcaca-ffc0-4ddc-9839-2aa1ec512b86,49_4_local_perception_grid_world,49,4,marmote_vi,2,1,0.99,0.001,0.0036188000813126564,2.492588180302846e-08,2.492588180302844e-06,success,
e72fcaca-ffc0-4ddc-9839-2aa1ec512b86,49_4_local_perception_grid_world,49,4,marmote_vi,3,2,0.99,0.001,0.0035691000521183014,2.492588180302846e-08,2.492588180302844e-06,success,
e72fcaca-ffc0-4ddc-9839-2aa1ec512b86,49_4_local_perception_grid_world,49,4,marmote_vigs,1,0,0.99,0.001,0.0037261000834405422,2.492588180302846e-08,2.492588180302844e-06,success,
e72fcaca-ffc0-4ddc-9839-2aa1ec512b86,49_4_local_perception_grid_world,49,4,marmote_vigs,2,1,0.99,0.001,0.0036879999097436666,2.492588180302846e-08,2.492588180302844e-06,success,
e72fcaca-ffc0-4ddc-9839-2aa1ec512b86,49_4_local_perception_grid_world,49,4,marmote_vigs,3,2,0.99,0.001,0.0035667000338435173,2.492588180302846e-08,2.492588180302844e-06,success,
e72fcaca-ffc0-4ddc-9839-2aa1ec512b86,49_4_local_perception_grid_world,49,4,marmote_mpi,1,0,0.99,0.001,0.0022770999930799007,4.9248910904964305e-06,0.0004924891090496426,success,
e72fcaca-ffc0-4ddc-9839-2aa1ec512b86,49_4_local_perception_grid_world,49,4,marmote_mpi,2,1,0.99,0.001,0.002756000030785799,4.9248910904964305e-06,0.0004924891090496426,success,
e72fcaca-ffc0-4ddc-9839-2aa1ec512b86,49_4_local_perception_grid_world,49,4,marmote_mpi,3,2,0.99,0.001,0.0022875999566167593,4.9248910904964305e-06,0.0004924891090496426,success,
e72fcaca-ffc0-4ddc-9839-2aa1ec512b86,49_4_local_perception_grid_world,49,4,marmote_mpigs,1,0,0.99,0.001,0.002278900006785989,4.7786169012908886e-06,0.0004778616901290884,success,
e72fcaca-ffc0-4ddc-9839-2aa1ec512b86,49_4_local_perception_grid_world,49,4,marmote_mpigs,2,1,0.99,0.001,0.0022473998833447695,4.7786169012908886e-06,0.0004778616901290884,success,
e72fcaca-ffc0-4ddc-9839-2aa1ec512b86,49_4_local_perception_grid_world,49,4,marmote_mpigs,3,2,0.99,0.001,0.0022716999519616365,4.7786169012908886e-06,0.0004778616901290884,success,
e72fcaca-ffc0-4ddc-9839-2aa1ec512b86,49_4_local_perception_grid_world,49,4,mdpsolver_vi,1,0,0.99,0.001,0.003958200104534626,4.936934772103996e-08,4.9369347721039915e-06,success,
e72fcaca-ffc0-4ddc-9839-2aa1ec512b86,49_4_local_perception_grid_world,49,4,mdpsolver_vi,2,1,0.99,0.001,0.003908799961209297,4.936934772103996e-08,4.9369347721039915e-06,success,
e72fcaca-ffc0-4ddc-9839-2aa1ec512b86,49_4_local_perception_grid_world,49,4,mdpsolver_vi,3,2,0.99,0.001,0.003821499878540635,4.936934772103996e-08,4.9369347721039915e-06,success,
e72fcaca-ffc0-4ddc-9839-2aa1ec512b86,49_4_local_perception_grid_world,49,4,mdpsolver_vigs,1,0,0.99,0.001,0.0039483001455664635,2.4676626964037496e-08,2.4676626964037475e-06,success,
e72fcaca-ffc0-4ddc-9839-2aa1ec512b86,49_4_local_perception_grid_world,49,4,mdpsolver_vigs,2,1,0.99,0.001,0.0038137000519782305,2.4676626964037496e-08,2.4676626964037475e-06,success,
e72fcaca-ffc0-4ddc-9839-2aa1ec512b86,49_4_local_perception_grid_world,49,4,mdpsolver_vigs,3,2,0.99,0.001,0.0039496999233961105,2.4676626964037496e-08,2.4676626964037475e-06,success,
e72fcaca-ffc0-4ddc-9839-2aa1ec512b86,49_4_local_perception_grid_world,49,4,mdpsolver_visor,1,0,0.99,0.001,0.0018082000315189362,nan,nan,error,RuntimeError: VI precision not reached: error bound 99060 > 0.001
e72fcaca-ffc0-4ddc-9839-2aa1ec512b86,49_4_local_perception_grid_world,49,4,mdpsolver_visor,2,1,0.99,0.001,0.0019075002055615187,nan,nan,error,RuntimeError: VI precision not reached: error bound 99060 > 0.001
e72fcaca-ffc0-4ddc-9839-2aa1ec512b86,49_4_local_perception_grid_world,49,4,mdpsolver_visor,3,2,0.99,0.001,0.0022450999822467566,nan,nan,error,RuntimeError: VI precision not reached: error bound 99060 > 0.001
e72fcaca-ffc0-4ddc-9839-2aa1ec512b86,49_4_local_perception_grid_world,49,4,mdpsolver_pi,1,0,0.99,0.001,0.0022019001189619303,4.152756972075622e-06,0.0004152756972075618,success,
e72fcaca-ffc0-4ddc-9839-2aa1ec512b86,49_4_local_perception_grid_world,49,4,mdpsolver_pi,2,1,0.99,0.001,0.0021484000608325005,4.152756972075622e-06,0.0004152756972075618,success,
e72fcaca-ffc0-4ddc-9839-2aa1ec512b86,49_4_local_perception_grid_world,49,4,mdpsolver_pi,3,2,0.99,0.001,0.0021051999647170305,4.152756972075622e-06,0.0004152756972075618,success,
e72fcaca-ffc0-4ddc-9839-2aa1ec512b86,49_4_local_perception_grid_world,49,4,mdpsolver_mpi,1,0,0.99,0.001,0.0021568001247942448,9.852993667180954e-06,0.0009852993667180945,success,
e72fcaca-ffc0-4ddc-9839-2aa1ec512b86,49_4_local_perception_grid_world,49,4,mdpsolver_mpi,2,1,0.99,0.001,0.0021776999346911907,9.852993667180954e-06,0.0009852993667180945,success,
e72fcaca-ffc0-4ddc-9839-2aa1ec512b86,49_4_local_perception_grid_world,49,4,mdpsolver_mpi,3,2,0.99,0.001,0.002230199985206127,9.852993667180954e-06,0.0009852993667180945,success,
e72fcaca-ffc0-4ddc-9839-2aa1ec512b86,49_4_local_perception_grid_world,49,4,mdpsolver_mpigs,1,0,0.99,0.001,0.001932400045916438,0.0,0.0,success,
e72fcaca-ffc0-4ddc-9839-2aa1ec512b86,49_4_local_perception_grid_world,49,4,mdpsolver_mpigs,2,1,0.99,0.001,0.0017570999916642904,0.0,0.0,success,
e72fcaca-ffc0-4ddc-9839-2aa1ec512b86,49_4_local_perception_grid_world,49,4,mdpsolver_mpigs,3,2,0.99,0.001,0.0017558999825268984,0.0,0.0,success,
e72fcaca-ffc0-4ddc-9839-2aa1ec512b86,49_4_local_perception_grid_world,49,4,mdpsolver_mpigs_init,1,0,0.99,0.001,0.001986500108614564,0.0,0.0,success,
e72fcaca-ffc0-4ddc-9839-2aa1ec512b86,49_4_local_perception_grid_world,49,4,mdpsolver_mpigs_init,2,1,0.99,0.001,0.0028435999993234873,0.0,0.0,success,
e72fcaca-ffc0-4ddc-9839-2aa1ec512b86,49_4_local_perception_grid_world,49,4,mdpsolver_mpigs_init,3,2,0.99,0.001,0.0016707000322639942,0.0,0.0,success,
e72fcaca-ffc0-4ddc-9839-2aa1ec512b86,49_4_local_perception_grid_world,49,4,mdpsolver_mpisor,1,0,0.99,0.001,0.001794799929484725,0.0,0.0,success,
e72fcaca-ffc0-4ddc-9839-2aa1ec512b86,49_4_local_perception_grid_world,49,4,mdpsolver_mpisor,2,1,0.99,0.001,0.0017627000343054533,0.0,0.0,success,
e72fcaca-ffc0-4ddc-9839-2aa1ec512b86,49_4_local_perception_grid_world,49,4,mdpsolver_mpisor,3,2,0.99,0.001,0.0016920999623835087,0.0,0.0,success,
e72fcaca-ffc0-4ddc-9839-2aa1ec512b86,49_4_local_perception_grid_world,49,4,mdpsolver_mpisor_init,1,0,0.99,0.001,0.0017949999310076237,0.0,0.0,success,
e72fcaca-ffc0-4ddc-9839-2aa1ec512b86,49_4_local_perception_grid_world,49,4,mdpsolver_mpisor_init,2,1,0.99,0.001,0.0020300999749451876,0.0,0.0,success,
e72fcaca-ffc0-4ddc-9839-2aa1ec512b86,49_4_local_perception_grid_world,49,4,mdpsolver_mpisor_init,3,2,0.99,0.001,0.0017891000024974346,0.0,0.0,success,
e72fcaca-ffc0-4ddc-9839-2aa1ec512b86,100_10_lqr,100,10,mdptoolbox_vi,1,0,0.99,0.001,0.04836999997496605,4.1229253122665455e-08,4.122925312266542e-06,success,
e72fcaca-ffc0-4ddc-9839-2aa1ec512b86,100_10_lqr,100,10,mdptoolbox_vi,2,1,0.99,0.001,0.04829989979043603,4.1229253122665455e-08,4.122925312266542e-06,success,
e72fcaca-ffc0-4ddc-9839-2aa1ec512b86,100_10_lqr,100,10,mdptoolbox_vi,3,2,0.99,0.001,0.047750000143423676,4.1229253122665455e-08,4.122925312266542e-06,success,
e72fcaca-ffc0-4ddc-9839-2aa1ec512b86,100_10_lqr,100,10,mdptoolbox_vigs,1,0,0.99,0.001,0.2951362000312656,6.754329699987238e-07,6.754329699987233e-05,success,
e72fcaca-ffc0-4ddc-9839-2aa1ec512b86,100_10_lqr,100,10,mdptoolbox_vigs,2,1,0.99,0.001,0.3527457998134196,6.754329699987238e-07,6.754329699987233e-05,success,
e72fcaca-ffc0-4ddc-9839-2aa1ec512b86,100_10_lqr,100,10,mdptoolbox_vigs,3,2,0.99,0.001,0.3030139999464154,6.754329699987238e-07,6.754329699987233e-05,success,
e72fcaca-ffc0-4ddc-9839-2aa1ec512b86,100_10_lqr,100,10,mdptoolbox_pi,1,0,0.99,0.001,0.010564399883151054,1.7763568394002505e-15,1.776356839400249e-13,success,
e72fcaca-ffc0-4ddc-9839-2aa1ec512b86,100_10_lqr,100,10,mdptoolbox_pi,2,1,0.99,0.001,0.010664100060239434,1.7763568394002505e-15,1.776356839400249e-13,success,
e72fcaca-ffc0-4ddc-9839-2aa1ec512b86,100_10_lqr,100,10,mdptoolbox_pi,3,2,0.99,0.001,0.012367499992251396,1.7763568394002505e-15,1.776356839400249e-13,success,
e72fcaca-ffc0-4ddc-9839-2aa1ec512b86,100_10_lqr,100,10,mdptoolbox_mpi,1,0,0.99,0.001,0.010234699817374349,4.2866580380884756e-06,0.0004286658038088472,success,
e72fcaca-ffc0-4ddc-9839-2aa1ec512b86,100_10_lqr,100,10,mdptoolbox_mpi,2,1,0.99,0.001,0.010306099895387888,4.2866580380884756e-06,0.0004286658038088472,success,
e72fcaca-ffc0-4ddc-9839-2aa1ec512b86,100_10_lqr,100,10,mdptoolbox_mpi,3,2,0.99,0.001,0.011730999918654561,4.2866580380884756e-06,0.0004286658038088472,success,
e72fcaca-ffc0-4ddc-9839-2aa1ec512b86,100_10_lqr,100,10,marmote_vi,1,0,0.99,0.001,0.02726150001399219,8.881784197001252e-16,8.881784197001245e-14,success,
e72fcaca-ffc0-4ddc-9839-2aa1ec512b86,100_10_lqr,100,10,marmote_vi,2,1,0.99,0.001,0.02742930012755096,8.881784197001252e-16,8.881784197001245e-14,success,
e72fcaca-ffc0-4ddc-9839-2aa1ec512b86,100_10_lqr,100,10,marmote_vi,3,2,0.99,0.001,0.028231199830770493,8.881784197001252e-16,8.881784197001245e-14,success,
e72fcaca-ffc0-4ddc-9839-2aa1ec512b86,100_10_lqr,100,10,marmote_vigs,1,0,0.99,0.001,0.02477219980210066,2.4511923157888305e-08,2.4511923157888283e-06,success,
e72fcaca-ffc0-4ddc-9839-2aa1ec512b86,100_10_lqr,100,10,marmote_vigs,2,1,0.99,0.001,0.025107000023126602,2.4511923157888305e-08,2.4511923157888283e-06,success,
e72fcaca-ffc0-4ddc-9839-2aa1ec512b86,100_10_lqr,100,10,marmote_vigs,3,2,0.99,0.001,0.024949300102889538,2.4511923157888305e-08,2.4511923157888283e-06,success,
e72fcaca-ffc0-4ddc-9839-2aa1ec512b86,100_10_lqr,100,10,marmote_mpi,1,0,0.99,0.001,0.022763899993151426,4.924281991947055e-06,0.000492428199194705,success,
e72fcaca-ffc0-4ddc-9839-2aa1ec512b86,100_10_lqr,100,10,marmote_mpi,2,1,0.99,0.001,0.022971699945628643,4.924281991947055e-06,0.000492428199194705,success,
e72fcaca-ffc0-4ddc-9839-2aa1ec512b86,100_10_lqr,100,10,marmote_mpi,3,2,0.99,0.001,0.02298620017245412,4.924281991947055e-06,0.000492428199194705,success,
e72fcaca-ffc0-4ddc-9839-2aa1ec512b86,100_10_lqr,100,10,marmote_mpigs,1,0,0.99,0.001,0.02232640003785491,4.79112819551375e-06,0.00047911281955137454,success,
e72fcaca-ffc0-4ddc-9839-2aa1ec512b86,100_10_lqr,100,10,marmote_mpigs,2,1,0.99,0.001,0.02246550004929304,4.79112819551375e-06,0.00047911281955137454,success,
e72fcaca-ffc0-4ddc-9839-2aa1ec512b86,100_10_lqr,100,10,marmote_mpigs,3,2,0.99,0.001,0.02263729996047914,4.79112819551375e-06,0.00047911281955137454,success,
e72fcaca-ffc0-4ddc-9839-2aa1ec512b86,100_10_lqr,100,10,mdpsolver_vi,1,0,0.99,0.001,0.020793800009414554,3.673531012715614e-08,3.6735310127156106e-06,success,
e72fcaca-ffc0-4ddc-9839-2aa1ec512b86,100_10_lqr,100,10,mdpsolver_vi,2,1,0.99,0.001,0.02054559998214245,3.673531012715614e-08,3.6735310127156106e-06,success,
e72fcaca-ffc0-4ddc-9839-2aa1ec512b86,100_10_lqr,100,10,mdpsolver_vi,3,2,0.99,0.001,0.021242199931293726,3.673531012715614e-08,3.6735310127156106e-06,success,
e72fcaca-ffc0-4ddc-9839-2aa1ec512b86,100_10_lqr,100,10,mdpsolver_vigs,1,0,0.99,0.001,0.027955499943345785,2.4011844956817185e-08,2.4011844956817164e-06,success,
e72fcaca-ffc0-4ddc-9839-2aa1ec512b86,100_10_lqr,100,10,mdpsolver_vigs,2,1,0.99,0.001,0.02787919994443655,2.4011844956817185e-08,2.4011844956817164e-06,success,
e72fcaca-ffc0-4ddc-9839-2aa1ec512b86,100_10_lqr,100,10,mdpsolver_vigs,3,2,0.99,0.001,0.030324800172820687,2.4011844956817185e-08,2.4011844956817164e-06,success,
e72fcaca-ffc0-4ddc-9839-2aa1ec512b86,100_10_lqr,100,10,mdpsolver_visor,1,0,0.99,0.001,0.03145740018226206,nan,nan,error,RuntimeError: VI precision not reached: error bound 4.93827 > 0.001
e72fcaca-ffc0-4ddc-9839-2aa1ec512b86,100_10_lqr,100,10,mdpsolver_visor,2,1,0.99,0.001,0.031173700001090765,nan,nan,error,RuntimeError: VI precision not reached: error bound 4.93827 > 0.001
e72fcaca-ffc0-4ddc-9839-2aa1ec512b86,100_10_lqr,100,10,mdpsolver_visor,3,2,0.99,0.001,0.03104400006122887,nan,nan,error,RuntimeError: VI precision not reached: error bound 4.93827 > 0.001
e72fcaca-ffc0-4ddc-9839-2aa1ec512b86,100_10_lqr,100,10,mdpsolver_pi,1,0,0.99,0.001,0.02068630000576377,2.7680521959005944e-06,0.00027680521959005917,success,
e72fcaca-ffc0-4ddc-9839-2aa1ec512b86,100_10_lqr,100,10,mdpsolver_pi,2,1,0.99,0.001,0.02045769989490509,2.7680521959005944e-06,0.00027680521959005917,success,
e72fcaca-ffc0-4ddc-9839-2aa1ec512b86,100_10_lqr,100,10,mdpsolver_pi,3,2,0.99,0.001,0.02044470002874732,2.7680521959005944e-06,0.00027680521959005917,success,
e72fcaca-ffc0-4ddc-9839-2aa1ec512b86,100_10_lqr,100,10,mdpsolver_mpi,1,0,0.99,0.001,0.01968599995598197,9.51063099208227e-06,0.0009510630992082261,success,
e72fcaca-ffc0-4ddc-9839-2aa1ec512b86,100_10_lqr,100,10,mdpsolver_mpi,2,1,0.99,0.001,0.01983000012114644,9.51063099208227e-06,0.0009510630992082261,success,
e72fcaca-ffc0-4ddc-9839-2aa1ec512b86,100_10_lqr,100,10,mdpsolver_mpi,3,2,0.99,0.001,0.01988469995558262,9.51063099208227e-06,0.0009510630992082261,success,
e72fcaca-ffc0-4ddc-9839-2aa1ec512b86,100_10_lqr,100,10,mdpsolver_mpigs,1,0,0.99,0.001,0.027841199887916446,4.763412244201959e-06,0.00047634122442019545,success,
e72fcaca-ffc0-4ddc-9839-2aa1ec512b86,100_10_lqr,100,10,mdpsolver_mpigs,2,1,0.99,0.001,0.021110899979248643,4.763412244201959e-06,0.00047634122442019545,success,
e72fcaca-ffc0-4ddc-9839-2aa1ec512b86,100_10_lqr,100,10,mdpsolver_mpigs,3,2,0.99,0.001,0.021586500108242035,4.763412244201959e-06,0.00047634122442019545,success,
e72fcaca-ffc0-4ddc-9839-2aa1ec512b86,100_10_lqr,100,10,mdpsolver_mpigs_init,1,0,0.99,0.001,0.028477299958467484,4.842858064790789e-06,0.0004842858064790785,success,
e72fcaca-ffc0-4ddc-9839-2aa1ec512b86,100_10_lqr,100,10,mdpsolver_mpigs_init,2,1,0.99,0.001,0.021788900019600987,4.842858064790789e-06,0.0004842858064790785,success,
e72fcaca-ffc0-4ddc-9839-2aa1ec512b86,100_10_lqr,100,10,mdpsolver_mpigs_init,3,2,0.99,0.001,0.021592900156974792,4.842858064790789e-06,0.0004842858064790785,success,
e72fcaca-ffc0-4ddc-9839-2aa1ec512b86,100_10_lqr,100,10,mdpsolver_mpisor,1,0,0.99,0.001,0.023443100042641163,4.763412244201959e-06,0.00047634122442019545,success,
e72fcaca-ffc0-4ddc-9839-2aa1ec512b86,100_10_lqr,100,10,mdpsolver_mpisor,2,1,0.99,0.001,0.021843999857082963,4.763412244201959e-06,0.00047634122442019545,success,
e72fcaca-ffc0-4ddc-9839-2aa1ec512b86,100_10_lqr,100,10,mdpsolver_mpisor,3,2,0.99,0.001,0.02182110003195703,4.763412244201959e-06,0.00047634122442019545,success,
e72fcaca-ffc0-4ddc-9839-2aa1ec512b86,100_10_lqr,100,10,mdpsolver_mpisor_init,1,0,0.99,0.001,0.022879800060763955,4.842858064790789e-06,0.0004842858064790785,success,
e72fcaca-ffc0-4ddc-9839-2aa1ec512b86,100_10_lqr,100,10,mdpsolver_mpisor_init,2,1,0.99,0.001,0.02172630000859499,4.842858064790789e-06,0.0004842858064790785,success,
e72fcaca-ffc0-4ddc-9839-2aa1ec512b86,100_10_lqr,100,10,mdpsolver_mpisor_init,3,2,0.99,0.001,0.021101800026372075,4.842858064790789e-06,0.0004842858064790785,success,
e72fcaca-ffc0-4ddc-9839-2aa1ec512b86,81_4_m_maze,81,4,mdptoolbox_vi,1,0,0.99,0.001,0.05150990001857281,4.986802082385111e-08,4.986802082385107e-06,success,
e72fcaca-ffc0-4ddc-9839-2aa1ec512b86,81_4_m_maze,81,4,mdptoolbox_vi,2,1,0.99,0.001,0.04899280006065965,4.986802082385111e-08,4.986802082385107e-06,success,
e72fcaca-ffc0-4ddc-9839-2aa1ec512b86,81_4_m_maze,81,4,mdptoolbox_vi,3,2,0.99,0.001,0.04978539980947971,4.986802082385111e-08,4.986802082385107e-06,success,
e72fcaca-ffc0-4ddc-9839-2aa1ec512b86,81_4_m_maze,81,4,mdptoolbox_vigs,1,0,0.99,0.001,0.3819457998033613,4.936934772103996e-08,4.9369347721039915e-06,success,
e72fcaca-ffc0-4ddc-9839-2aa1ec512b86,81_4_m_maze,81,4,mdptoolbox_vigs,2,1,0.99,0.001,0.38303649984300137,4.936934772103996e-08,4.9369347721039915e-06,success,
e72fcaca-ffc0-4ddc-9839-2aa1ec512b86,81_4_m_maze,81,4,mdptoolbox_vigs,3,2,0.99,0.001,0.3861289999913424,4.936934772103996e-08,4.9369347721039915e-06,success,
e72fcaca-ffc0-4ddc-9839-2aa1ec512b86,81_4_m_maze,81,4,mdptoolbox_pi,1,0,0.99,0.001,0.007511100033298135,3.552713678800501e-15,3.552713678800498e-13,success,
e72fcaca-ffc0-4ddc-9839-2aa1ec512b86,81_4_m_maze,81,4,mdptoolbox_pi,2,1,0.99,0.001,0.007786700036376715,3.552713678800501e-15,3.552713678800498e-13,success,
e72fcaca-ffc0-4ddc-9839-2aa1ec512b86,81_4_m_maze,81,4,mdptoolbox_pi,3,2,0.99,0.001,0.00824860017746687,3.552713678800501e-15,3.552713678800498e-13,success,
e72fcaca-ffc0-4ddc-9839-2aa1ec512b86,81_4_m_maze,81,4,mdptoolbox_mpi,1,0,0.99,0.001,0.037304700119420886,4.926496835366834e-06,0.0004926496835366829,success,
e72fcaca-ffc0-4ddc-9839-2aa1ec512b86,81_4_m_maze,81,4,mdptoolbox_mpi,2,1,0.99,0.001,0.03692129999399185,4.926496835366834e-06,0.0004926496835366829,success,
e72fcaca-ffc0-4ddc-9839-2aa1ec512b86,81_4_m_maze,81,4,mdptoolbox_mpi,3,2,0.99,0.001,0.036467500030994415,4.926496835366834e-06,0.0004926496835366829,success,
e72fcaca-ffc0-4ddc-9839-2aa1ec512b86,81_4_m_maze,81,4,marmote_vi,1,0,0.99,0.001,0.006449799984693527,2.492588180302846e-08,2.492588180302844e-06,success,
e72fcaca-ffc0-4ddc-9839-2aa1ec512b86,81_4_m_maze,81,4,marmote_vi,2,1,0.99,0.001,0.006455699913203716,2.492588180302846e-08,2.492588180302844e-06,success,
e72fcaca-ffc0-4ddc-9839-2aa1ec512b86,81_4_m_maze,81,4,marmote_vi,3,2,0.99,0.001,0.006330500124022365,2.492588180302846e-08,2.492588180302844e-06,success,
e72fcaca-ffc0-4ddc-9839-2aa1ec512b86,81_4_m_maze,81,4,marmote_vigs,1,0,0.99,0.001,0.0064816998783499,2.492588180302846e-08,2.492588180302844e-06,success,
e72fcaca-ffc0-4ddc-9839-2aa1ec512b86,81_4_m_maze,81,4,marmote_vigs,2,1,0.99,0.001,0.006848799996078014,2.492588180302846e-08,2.492588180302844e-06,success,
e72fcaca-ffc0-4ddc-9839-2aa1ec512b86,81_4_m_maze,81,4,marmote_vigs,3,2,0.99,0.001,0.006224900018423796,2.492588180302846e-08,2.492588180302844e-06,success,
e72fcaca-ffc0-4ddc-9839-2aa1ec512b86,81_4_m_maze,81,4,marmote_mpi,1,0,0.99,0.001,0.004415299976244569,4.924891094049144e-06,0.000492489109404914,success,
e72fcaca-ffc0-4ddc-9839-2aa1ec512b86,81_4_m_maze,81,4,marmote_mpi,2,1,0.99,0.001,0.004657600075006485,4.924891094049144e-06,0.000492489109404914,success,
e72fcaca-ffc0-4ddc-9839-2aa1ec512b86,81_4_m_maze,81,4,marmote_mpi,3,2,0.99,0.001,0.004357700003311038,4.924891094049144e-06,0.000492489109404914,success,
e72fcaca-ffc0-4ddc-9839-2aa1ec512b86,81_4_m_maze,81,4,marmote_mpigs,1,0,0.99,0.001,0.004884900059551001,4.686943412934852e-06,0.00046869434129348476,success,
e72fcaca-ffc0-4ddc-9839-2aa1ec512b86,81_4_m_maze,81,4,marmote_mpigs,2,1,0.99,0.001,0.004176300019025803,4.686943412934852e-06,0.00046869434129348476,success,
e72fcaca-ffc0-4ddc-9839-2aa1ec512b86,81_4_m_maze,81,4,marmote_mpigs,3,2,0.99,0.001,0.004146500024944544,4.686943412934852e-06,0.00046869434129348476,success,
e72fcaca-ffc0-4ddc-9839-2aa1ec512b86,81_4_m_maze,81,4,mdpsolver_vi,1,0,0.99,0.001,0.006991399917751551,4.936934772103996e-08,4.9369347721039915e-06,success,
e72fcaca-ffc0-4ddc-9839-2aa1ec512b86,81_4_m_maze,81,4,mdpsolver_vi,2,1,0.99,0.001,0.006911299889907241,4.936934772103996e-08,4.9369347721039915e-06,success,
e72fcaca-ffc0-4ddc-9839-2aa1ec512b86,81_4_m_maze,81,4,mdpsolver_vi,3,2,0.99,0.001,0.007780299987643957,4.936934772103996e-08,4.9369347721039915e-06,success,
e72fcaca-ffc0-4ddc-9839-2aa1ec512b86,81_4_m_maze,81,4,mdpsolver_vigs,1,0,0.99,0.001,0.006965799955651164,2.4676624730601773e-08,2.467662473060175e-06,success,
e72fcaca-ffc0-4ddc-9839-2aa1ec512b86,81_4_m_maze,81,4,mdpsolver_vigs,2,1,0.99,0.001,0.007103699957951903,2.4676624730601773e-08,2.467662473060175e-06,success,
e72fcaca-ffc0-4ddc-9839-2aa1ec512b86,81_4_m_maze,81,4,mdpsolver_vigs,3,2,0.99,0.001,0.007158499909564853,2.4676624730601773e-08,2.467662473060175e-06,success,
e72fcaca-ffc0-4ddc-9839-2aa1ec512b86,81_4_m_maze,81,4,mdpsolver_visor,1,0,0.99,0.001,0.0037847000639885664,nan,nan,error,RuntimeError: VI precision not reached: error bound 111439 > 0.001
e72fcaca-ffc0-4ddc-9839-2aa1ec512b86,81_4_m_maze,81,4,mdpsolver_visor,2,1,0.99,0.001,0.0037641001399606466,nan,nan,error,RuntimeError: VI precision not reached: error bound 111439 > 0.001
e72fcaca-ffc0-4ddc-9839-2aa1ec512b86,81_4_m_maze,81,4,mdpsolver_visor,3,2,0.99,0.001,0.003669500118121505,nan,nan,error,RuntimeError: VI precision not reached: error bound 111439 > 0.001
e72fcaca-ffc0-4ddc-9839-2aa1ec512b86,81_4_m_maze,81,4,mdpsolver_pi,1,0,0.99,0.001,0.0042264999356120825,2.34626297768159e-06,0.0002346262977681588,success,
e72fcaca-ffc0-4ddc-9839-2aa1ec512b86,81_4_m_maze,81,4,mdpsolver_pi,2,1,0.99,0.001,0.004423900041729212,2.34626297768159e-06,0.0002346262977681588,success,
e72fcaca-ffc0-4ddc-9839-2aa1ec512b86,81_4_m_maze,81,4,mdpsolver_pi,3,2,0.99,0.001,0.004363699816167355,2.34626297768159e-06,0.0002346262977681588,success,
e72fcaca-ffc0-4ddc-9839-2aa1ec512b86,81_4_m_maze,81,4,mdpsolver_mpi,1,0,0.99,0.001,0.00419900007545948,9.852993667180954e-06,0.0009852993667180945,success,
e72fcaca-ffc0-4ddc-9839-2aa1ec512b86,81_4_m_maze,81,4,mdpsolver_mpi,2,1,0.99,0.001,0.004320700187236071,9.852993667180954e-06,0.0009852993667180945,success,
e72fcaca-ffc0-4ddc-9839-2aa1ec512b86,81_4_m_maze,81,4,mdpsolver_mpi,3,2,0.99,0.001,0.004230499966070056,9.852993667180954e-06,0.0009852993667180945,success,
e72fcaca-ffc0-4ddc-9839-2aa1ec512b86,81_4_m_maze,81,4,mdpsolver_mpigs,1,0,0.99,0.001,0.003368800040334463,3.552713678800501e-15,3.552713678800498e-13,success,
e72fcaca-ffc0-4ddc-9839-2aa1ec512b86,81_4_m_maze,81,4,mdpsolver_mpigs,2,1,0.99,0.001,0.0033596998546272516,3.552713678800501e-15,3.552713678800498e-13,success,
e72fcaca-ffc0-4ddc-9839-2aa1ec512b86,81_4_m_maze,81,4,mdpsolver_mpigs,3,2,0.99,0.001,0.0033585999626666307,3.552713678800501e-15,3.552713678800498e-13,success,
e72fcaca-ffc0-4ddc-9839-2aa1ec512b86,81_4_m_maze,81,4,mdpsolver_mpigs_init,1,0,0.99,0.001,0.003776300000026822,3.552713678800501e-15,3.552713678800498e-13,success,
e72fcaca-ffc0-4ddc-9839-2aa1ec512b86,81_4_m_maze,81,4,mdpsolver_mpigs_init,2,1,0.99,0.001,0.003742100205272436,3.552713678800501e-15,3.552713678800498e-13,success,
e72fcaca-ffc0-4ddc-9839-2aa1ec512b86,81_4_m_maze,81,4,mdpsolver_mpigs_init,3,2,0.99,0.001,0.003397200023755431,3.552713678800501e-15,3.552713678800498e-13,success,
e72fcaca-ffc0-4ddc-9839-2aa1ec512b86,81_4_m_maze,81,4,mdpsolver_mpisor,1,0,0.99,0.001,0.003340299939736724,3.552713678800501e-15,3.552713678800498e-13,success,
e72fcaca-ffc0-4ddc-9839-2aa1ec512b86,81_4_m_maze,81,4,mdpsolver_mpisor,2,1,0.99,0.001,0.0033488001208752394,3.552713678800501e-15,3.552713678800498e-13,success,
e72fcaca-ffc0-4ddc-9839-2aa1ec512b86,81_4_m_maze,81,4,mdpsolver_mpisor,3,2,0.99,0.001,0.003368500154465437,3.552713678800501e-15,3.552713678800498e-13,success,
e72fcaca-ffc0-4ddc-9839-2aa1ec512b86,81_4_m_maze,81,4,mdpsolver_mpisor_init,1,0,0.99,0.001,0.003361999988555908,3.552713678800501e-15,3.552713678800498e-13,success,
e72fcaca-ffc0-4ddc-9839-2aa1ec512b86,81_4_m_maze,81,4,mdpsolver_mpisor_init,2,1,0.99,0.001,0.003659500041976571,3.552713678800501e-15,3.552713678800498e-13,success,
e72fcaca-ffc0-4ddc-9839-2aa1ec512b86,81_4_m_maze,81,4,mdpsolver_mpisor_init,3,2,0.99,0.001,0.0034664999693632126,3.552713678800501e-15,3.552713678800498e-13,success,
e72fcaca-ffc0-4ddc-9839-2aa1ec512b86,100_4_maintenance,100,4,mdptoolbox_vi,1,0,0.99,0.001,0.019466100027784705,3.492488076517475e-08,3.492488076517472e-06,success,
e72fcaca-ffc0-4ddc-9839-2aa1ec512b86,100_4_maintenance,100,4,mdptoolbox_vi,2,1,0.99,0.001,0.019997899886220694,3.492488076517475e-08,3.492488076517472e-06,success,
e72fcaca-ffc0-4ddc-9839-2aa1ec512b86,100_4_maintenance,100,4,mdptoolbox_vi,3,2,0.99,0.001,0.020740499952808022,3.492488076517475e-08,3.492488076517472e-06,success,
e72fcaca-ffc0-4ddc-9839-2aa1ec512b86,100_4_maintenance,100,4,mdptoolbox_vigs,1,0,0.99,0.001,0.34324479987844825,2.012897255099233e-06,0.0002012897255099231,success,
e72fcaca-ffc0-4ddc-9839-2aa1ec512b86,100_4_maintenance,100,4,mdptoolbox_vigs,2,1,0.99,0.001,0.34302889998070896,2.012897255099233e-06,0.0002012897255099231,success,
e72fcaca-ffc0-4ddc-9839-2aa1ec512b86,100_4_maintenance,100,4,mdptoolbox_vigs,3,2,0.99,0.001,0.3390168999321759,2.012897255099233e-06,0.0002012897255099231,success,
e72fcaca-ffc0-4ddc-9839-2aa1ec512b86,100_4_maintenance,100,4,mdptoolbox_pi,1,0,0.99,0.001,0.005893799941986799,5.684341886080802e-14,5.684341886080797e-12,success,
e72fcaca-ffc0-4ddc-9839-2aa1ec512b86,100_4_maintenance,100,4,mdptoolbox_pi,2,1,0.99,0.001,0.005740300053730607,5.684341886080802e-14,5.684341886080797e-12,success,
e72fcaca-ffc0-4ddc-9839-2aa1ec512b86,100_4_maintenance,100,4,mdptoolbox_pi,3,2,0.99,0.001,0.006569199962541461,5.684341886080802e-14,5.684341886080797e-12,success,
e72fcaca-ffc0-4ddc-9839-2aa1ec512b86,100_4_maintenance,100,4,mdptoolbox_mpi,1,0,0.99,0.001,0.004170900210738182,3.508044983391301e-07,3.5080449833912974e-05,success,
e72fcaca-ffc0-4ddc-9839-2aa1ec512b86,100_4_maintenance,100,4,mdptoolbox_mpi,2,1,0.99,0.001,0.004127199994400144,3.508044983391301e-07,3.5080449833912974e-05,success,
e72fcaca-ffc0-4ddc-9839-2aa1ec512b86,100_4_maintenance,100,4,mdptoolbox_mpi,3,2,0.99,0.001,0.004088900052011013,3.508044983391301e-07,3.5080449833912974e-05,success,
e72fcaca-ffc0-4ddc-9839-2aa1ec512b86,100_4_maintenance,100,4,marmote_vi,1,0,0.99,0.001,0.011119399918243289,5.684341886080802e-14,5.684341886080797e-12,success,
e72fcaca-ffc0-4ddc-9839-2aa1ec512b86,100_4_maintenance,100,4,marmote_vi,2,1,0.99,0.001,0.011273500043898821,5.684341886080802e-14,5.684341886080797e-12,success,
e72fcaca-ffc0-4ddc-9839-2aa1ec512b86,100_4_maintenance,100,4,marmote_vi,3,2,0.99,0.001,0.010149500099942088,5.684341886080802e-14,5.684341886080797e-12,success,
e72fcaca-ffc0-4ddc-9839-2aa1ec512b86,100_4_maintenance,100,4,marmote_vigs,1,0,0.99,0.001,0.010172000154852867,2.470886784067261e-08,2.470886784067259e-06,success,
e72fcaca-ffc0-4ddc-9839-2aa1ec512b86,100_4_maintenance,100,4,marmote_vigs,2,1,0.99,0.001,0.0099373001139611,2.470886784067261e-08,2.470886784067259e-06,success,
e72fcaca-ffc0-4ddc-9839-2aa1ec512b86,100_4_maintenance,100,4,marmote_vigs,3,2,0.99,0.001,0.010752300033345819,2.470886784067261e-08,2.470886784067259e-06,success,
e72fcaca-ffc0-4ddc-9839-2aa1ec512b86,100_4_maintenance,100,4,marmote_mpi,1,0,0.99,0.001,0.007884800201281905,4.8970884733989806e-06,0.0004897088473398976,success,
e72fcaca-ffc0-4ddc-9839-2aa1ec512b86,100_4_maintenance,100,4,marmote_mpi,2,1,0.99,0.001,0.007720099994912744,4.8970884733989806e-06,0.0004897088473398976,success,
e72fcaca-ffc0-4ddc-9839-2aa1ec512b86,100_4_maintenance,100,4,marmote_mpi,3,2,0.99,0.001,0.007853500079363585,4.8970884733989806e-06,0.0004897088473398976,success,
e72fcaca-ffc0-4ddc-9839-2aa1ec512b86,100_4_maintenance,100,4,marmote_mpigs,1,0,0.99,0.001,0.0077003000769764185,4.867253210250055e-06,0.0004867253210250051,success,
e72fcaca-ffc0-4ddc-9839-2aa1ec512b86,100_4_maintenance,100,4,marmote_mpigs,2,1,0.99,0.001,0.007458799984306097,4.867253210250055e-06,0.0004867253210250051,success,
e72fcaca-ffc0-4ddc-9839-2aa1ec512b86,100_4_maintenance,100,4,marmote_mpigs,3,2,0.99,0.001,0.008311100071296096,4.867253210250055e-06,0.0004867253210250051,success,
e72fcaca-ffc0-4ddc-9839-2aa1ec512b86,100_4_maintenance,100,4,mdpsolver_vi,1,0,0.99,0.001,0.006753199966624379,2.692496536838007e-08,2.6924965368380046e-06,success,
e72fcaca-ffc0-4ddc-9839-2aa1ec512b86,100_4_maintenance,100,4,mdpsolver_vi,2,1,0.99,0.001,0.006553699960932136,2.692496536838007e-08,2.6924965368380046e-06,success,
e72fcaca-ffc0-4ddc-9839-2aa1ec512b86,100_4_maintenance,100,4,mdpsolver_vi,3,2,0.99,0.001,0.006964599946513772,2.692496536838007e-08,2.6924965368380046e-06,success,
e72fcaca-ffc0-4ddc-9839-2aa1ec512b86,100_4_maintenance,100,4,mdpsolver_vigs,1,0,0.99,0.001,0.01179210003465414,2.4578952206866234e-08,2.4578952206866212e-06,success,
e72fcaca-ffc0-4ddc-9839-2aa1ec512b86,100_4_maintenance,100,4,mdpsolver_vigs,2,1,0.99,0.001,0.01235329988412559,2.4578952206866234e-08,2.4578952206866212e-06,success,
e72fcaca-ffc0-4ddc-9839-2aa1ec512b86,100_4_maintenance,100,4,mdpsolver_vigs,3,2,0.99,0.001,0.011884999927133322,2.4578952206866234e-08,2.4578952206866212e-06,success,
e72fcaca-ffc0-4ddc-9839-2aa1ec512b86,100_4_maintenance,100,4,mdpsolver_visor,1,0,0.99,0.001,0.009839099831879139,nan,nan,error,RuntimeError: VI precision not reached: error bound 101.02 > 0.001
e72fcaca-ffc0-4ddc-9839-2aa1ec512b86,100_4_maintenance,100,4,mdpsolver_visor,2,1,0.99,0.001,0.010111599927768111,nan,nan,error,RuntimeError: VI precision not reached: error bound 101.02 > 0.001
e72fcaca-ffc0-4ddc-9839-2aa1ec512b86,100_4_maintenance,100,4,mdpsolver_visor,3,2,0.99,0.001,0.00978869991376996,nan,nan,error,RuntimeError: VI precision not reached: error bound 101.02 > 0.001
e72fcaca-ffc0-4ddc-9839-2aa1ec512b86,100_4_maintenance,100,4,mdpsolver_pi,1,0,0.99,0.001,0.006856800056993961,2.603084794827737e-06,0.0002603084794827735,success,
e72fcaca-ffc0-4ddc-9839-2aa1ec512b86,100_4_maintenance,100,4,mdpsolver_pi,2,1,0.99,0.001,0.006812700070440769,2.603084794827737e-06,0.0002603084794827735,success,
e72fcaca-ffc0-4ddc-9839-2aa1ec512b86,100_4_maintenance,100,4,mdpsolver_pi,3,2,0.99,0.001,0.007065299898386002,2.603084794827737e-06,0.0002603084794827735,success,
e72fcaca-ffc0-4ddc-9839-2aa1ec512b86,100_4_maintenance,100,4,mdpsolver_mpi,1,0,0.99,0.001,0.006416300078853965,5.038768023268858e-06,0.0005038768023268854,success,
e72fcaca-ffc0-4ddc-9839-2aa1ec512b86,100_4_maintenance,100,4,mdpsolver_mpi,2,1,0.99,0.001,0.006366099929437041,5.038768023268858e-06,0.0005038768023268854,success,
e72fcaca-ffc0-4ddc-9839-2aa1ec512b86,100_4_maintenance,100,4,mdpsolver_mpi,3,2,0.99,0.001,0.006310800090432167,5.038768023268858e-06,0.0005038768023268854,success,
e72fcaca-ffc0-4ddc-9839-2aa1ec512b86,100_4_maintenance,100,4,mdpsolver_mpigs,1,0,0.99,0.001,0.007035000016912818,2.1733403059442935e-06,0.00021733403059442916,success,
e72fcaca-ffc0-4ddc-9839-2aa1ec512b86,100_4_maintenance,100,4,mdpsolver_mpigs,2,1,0.99,0.001,0.007152100093662739,2.1733403059442935e-06,0.00021733403059442916,success,
e72fcaca-ffc0-4ddc-9839-2aa1ec512b86,100_4_maintenance,100,4,mdpsolver_mpigs,3,2,0.99,0.001,0.007451900048181415,2.1733403059442935e-06,0.00021733403059442916,success,
e72fcaca-ffc0-4ddc-9839-2aa1ec512b86,100_4_maintenance,100,4,mdpsolver_mpigs_init,1,0,0.99,0.001,0.007690399885177612,2.1408469592643087e-06,0.00021408469592643068,success,
e72fcaca-ffc0-4ddc-9839-2aa1ec512b86,100_4_maintenance,100,4,mdpsolver_mpigs_init,2,1,0.99,0.001,0.00724199996329844,2.1408469592643087e-06,0.00021408469592643068,success,
e72fcaca-ffc0-4ddc-9839-2aa1ec512b86,100_4_maintenance,100,4,mdpsolver_mpigs_init,3,2,0.99,0.001,0.0075853001326322556,2.1408469592643087e-06,0.00021408469592643068,success,
e72fcaca-ffc0-4ddc-9839-2aa1ec512b86,100_4_maintenance,100,4,mdpsolver_mpisor,1,0,0.99,0.001,0.007201399886980653,2.1733403059442935e-06,0.00021733403059442916,success,
e72fcaca-ffc0-4ddc-9839-2aa1ec512b86,100_4_maintenance,100,4,mdpsolver_mpisor,2,1,0.99,0.001,0.007199399871751666,2.1733403059442935e-06,0.00021733403059442916,success,
e72fcaca-ffc0-4ddc-9839-2aa1ec512b86,100_4_maintenance,100,4,mdpsolver_mpisor,3,2,0.99,0.001,0.007059199968352914,2.1733403059442935e-06,0.00021733403059442916,success,
e72fcaca-ffc0-4ddc-9839-2aa1ec512b86,100_4_maintenance,100,4,mdpsolver_mpisor_init,1,0,0.99,0.001,0.007313100155442953,2.1408469592643087e-06,0.00021408469592643068,success,
e72fcaca-ffc0-4ddc-9839-2aa1ec512b86,100_4_maintenance,100,4,mdpsolver_mpisor_init,2,1,0.99,0.001,0.007784700021147728,2.1408469592643087e-06,0.00021408469592643068,success,
e72fcaca-ffc0-4ddc-9839-2aa1ec512b86,100_4_maintenance,100,4,mdpsolver_mpisor_init,3,2,0.99,0.001,0.007335699861869216,2.1408469592643087e-06,0.00021408469592643068,success,
e72fcaca-ffc0-4ddc-9839-2aa1ec512b86,100_4_mazebacktrack,100,4,mdptoolbox_vi,1,0,0.99,0.001,0.01936579984612763,0.0,0.0,success,
e72fcaca-ffc0-4ddc-9839-2aa1ec512b86,100_4_mazebacktrack,100,4,mdptoolbox_vi,2,1,0.99,0.001,0.020540399942547083,0.0,0.0,success,
e72fcaca-ffc0-4ddc-9839-2aa1ec512b86,100_4_mazebacktrack,100,4,mdptoolbox_vi,3,2,0.99,0.001,0.020135500002652407,0.0,0.0,success,
e72fcaca-ffc0-4ddc-9839-2aa1ec512b86,100_4_mazebacktrack,100,4,mdptoolbox_vigs,1,0,0.99,0.001,0.013021700084209442,0.0,0.0,success,
e72fcaca-ffc0-4ddc-9839-2aa1ec512b86,100_4_mazebacktrack,100,4,mdptoolbox_vigs,2,1,0.99,0.001,0.01314350008033216,0.0,0.0,success,
e72fcaca-ffc0-4ddc-9839-2aa1ec512b86,100_4_mazebacktrack,100,4,mdptoolbox_vigs,3,2,0.99,0.001,0.0134334999602288,0.0,0.0,success,
e72fcaca-ffc0-4ddc-9839-2aa1ec512b86,100_4_mazebacktrack,100,4,mdptoolbox_pi,1,0,0.99,0.001,0.01466790004633367,3.552713678800501e-15,3.552713678800498e-13,success,
e72fcaca-ffc0-4ddc-9839-2aa1ec512b86,100_4_mazebacktrack,100,4,mdptoolbox_pi,2,1,0.99,0.001,0.014400400221347809,3.552713678800501e-15,3.552713678800498e-13,success,
e72fcaca-ffc0-4ddc-9839-2aa1ec512b86,100_4_mazebacktrack,100,4,mdptoolbox_pi,3,2,0.99,0.001,0.01389350020326674,3.552713678800501e-15,3.552713678800498e-13,success,
e72fcaca-ffc0-4ddc-9839-2aa1ec512b86,100_4_mazebacktrack,100,4,mdptoolbox_mpi,1,0,0.99,0.001,0.009779899846762419,2.842170943040401e-14,2.8421709430403983e-12,success,
e72fcaca-ffc0-4ddc-9839-2aa1ec512b86,100_4_mazebacktrack,100,4,mdptoolbox_mpi,2,1,0.99,0.001,0.00936069991439581,2.842170943040401e-14,2.8421709430403983e-12,success,
e72fcaca-ffc0-4ddc-9839-2aa1ec512b86,100_4_mazebacktrack,100,4,mdptoolbox_mpi,3,2,0.99,0.001,0.010013399878516793,2.842170943040401e-14,2.8421709430403983e-12,success,
e72fcaca-ffc0-4ddc-9839-2aa1ec512b86,100_4_mazebacktrack,100,4,marmote_vi,1,0,0.99,0.001,0.0037407998461276293,0.0,0.0,success,
e72fcaca-ffc0-4ddc-9839-2aa1ec512b86,100_4_mazebacktrack,100,4,marmote_vi,2,1,0.99,0.001,0.0036847000010311604,0.0,0.0,success,
e72fcaca-ffc0-4ddc-9839-2aa1ec512b86,100_4_mazebacktrack,100,4,marmote_vi,3,2,0.99,0.001,0.0037692999467253685,0.0,0.0,success,
e72fcaca-ffc0-4ddc-9839-2aa1ec512b86,100_4_mazebacktrack,100,4,marmote_vigs,1,0,0.99,0.001,0.003748200135305524,0.0,0.0,success,
e72fcaca-ffc0-4ddc-9839-2aa1ec512b86,100_4_mazebacktrack,100,4,marmote_vigs,2,1,0.99,0.001,0.0036681999918073416,0.0,0.0,success,
e72fcaca-ffc0-4ddc-9839-2aa1ec512b86,100_4_mazebacktrack,100,4,marmote_vigs,3,2,0.99,0.001,0.0036896001547574997,0.0,0.0,success,
e72fcaca-ffc0-4ddc-9839-2aa1ec512b86,100_4_mazebacktrack,100,4,marmote_mpi,1,0,0.99,0.001,0.004084399901330471,4.924891094049144e-06,0.000492489109404914,success,
e72fcaca-ffc0-4ddc-9839-2aa1ec512b86,100_4_mazebacktrack,100,4,marmote_mpi,2,1,0.99,0.001,0.004302900051698089,4.924891094049144e-06,0.000492489109404914,success,
e72fcaca-ffc0-4ddc-9839-2aa1ec512b86,100_4_mazebacktrack,100,4,marmote_mpi,3,2,0.99,0.001,0.004201200092211366,4.924891094049144e-06,0.000492489109404914,success,
e72fcaca-ffc0-4ddc-9839-2aa1ec512b86,100_4_mazebacktrack,100,4,marmote_mpigs,1,0,0.99,0.001,0.00406669988296926,4.849682744278994e-06,0.0004849682744278989,success,
e72fcaca-ffc0-4ddc-9839-2aa1ec512b86,100_4_mazebacktrack,100,4,marmote_mpigs,2,1,0.99,0.001,0.004041800042614341,4.849682744278994e-06,0.0004849682744278989,success,
e72fcaca-ffc0-4ddc-9839-2aa1ec512b86,100_4_mazebacktrack,100,4,marmote_mpigs,3,2,0.99,0.001,0.004311299882829189,4.849682744278994e-06,0.0004849682744278989,success,
e72fcaca-ffc0-4ddc-9839-2aa1ec512b86,100_4_mazebacktrack,100,4,mdpsolver_vi,1,0,0.99,0.001,0.003463400062173605,4.263256414560601e-14,4.263256414560597e-12,success,
e72fcaca-ffc0-4ddc-9839-2aa1ec512b86,100_4_mazebacktrack,100,4,mdpsolver_vi,2,1,0.99,0.001,0.0036317999474704266,4.263256414560601e-14,4.263256414560597e-12,success,
e72fcaca-ffc0-4ddc-9839-2aa1ec512b86,100_4_mazebacktrack,100,4,mdpsolver_vi,3,2,0.99,0.001,0.0033385001588612795,4.263256414560601e-14,4.263256414560597e-12,success,
e72fcaca-ffc0-4ddc-9839-2aa1ec512b86,100_4_mazebacktrack,100,4,mdpsolver_vigs,1,0,0.99,0.001,0.0075523999985307455,2.4676626964037496e-08,2.4676626964037475e-06,success,
e72fcaca-ffc0-4ddc-9839-2aa1ec512b86,100_4_mazebacktrack,100,4,mdpsolver_vigs,2,1,0.99,0.001,0.007513000164180994,2.4676626964037496e-08,2.4676626964037475e-06,success,
e72fcaca-ffc0-4ddc-9839-2aa1ec512b86,100_4_mazebacktrack,100,4,mdpsolver_vigs,3,2,0.99,0.001,0.007278800010681152,2.4676626964037496e-08,2.4676626964037475e-06,success,
e72fcaca-ffc0-4ddc-9839-2aa1ec512b86,100_4_mazebacktrack,100,4,mdpsolver_visor,1,0,0.99,0.001,0.003218800062313676,0.0,0.0,success,
e72fcaca-ffc0-4ddc-9839-2aa1ec512b86,100_4_mazebacktrack,100,4,mdpsolver_visor,2,1,0.99,0.001,0.0033447002060711384,0.0,0.0,success,
e72fcaca-ffc0-4ddc-9839-2aa1ec512b86,100_4_mazebacktrack,100,4,mdpsolver_visor,3,2,0.99,0.001,0.003436800092458725,0.0,0.0,success,
e72fcaca-ffc0-4ddc-9839-2aa1ec512b86,100_4_mazebacktrack,100,4,mdpsolver_pi,1,0,0.99,0.001,0.00394669990055263,0.0,0.0,success,
e72fcaca-ffc0-4ddc-9839-2aa1ec512b86,100_4_mazebacktrack,100,4,mdpsolver_pi,2,1,0.99,0.001,0.004056300036609173,0.0,0.0,success,
e72fcaca-ffc0-4ddc-9839-2aa1ec512b86,100_4_mazebacktrack,100,4,mdpsolver_pi,3,2,0.99,0.001,0.0038928999565541744,0.0,0.0,success,
e72fcaca-ffc0-4ddc-9839-2aa1ec512b86,100_4_mazebacktrack,100,4,mdpsolver_mpi,1,0,0.99,0.001,0.0033682999201118946,2.842170943040401e-14,2.8421709430403983e-12,success,
e72fcaca-ffc0-4ddc-9839-2aa1ec512b86,100_4_mazebacktrack,100,4,mdpsolver_mpi,2,1,0.99,0.001,0.0032730000093579292,2.842170943040401e-14,2.8421709430403983e-12,success,
e72fcaca-ffc0-4ddc-9839-2aa1ec512b86,100_4_mazebacktrack,100,4,mdpsolver_mpi,3,2,0.99,0.001,0.0032590001355856657,2.842170943040401e-14,2.8421709430403983e-12,success,
e72fcaca-ffc0-4ddc-9839-2aa1ec512b86,100_4_mazebacktrack,100,4,mdpsolver_mpigs,1,0,0.99,0.001,0.0031186998821794987,0.0,0.0,success,
e72fcaca-ffc0-4ddc-9839-2aa1ec512b86,100_4_mazebacktrack,100,4,mdpsolver_mpigs,2,1,0.99,0.001,0.003165300004184246,0.0,0.0,success,
e72fcaca-ffc0-4ddc-9839-2aa1ec512b86,100_4_mazebacktrack,100,4,mdpsolver_mpigs,3,2,0.99,0.001,0.0032746000215411186,0.0,0.0,success,
e72fcaca-ffc0-4ddc-9839-2aa1ec512b86,100_4_mazebacktrack,100,4,mdpsolver_mpigs_init,1,0,0.99,0.001,0.0033412000630050898,0.0,0.0,success,
e72fcaca-ffc0-4ddc-9839-2aa1ec512b86,100_4_mazebacktrack,100,4,mdpsolver_mpigs_init,2,1,0.99,0.001,0.003101599868386984,0.0,0.0,success,
e72fcaca-ffc0-4ddc-9839-2aa1ec512b86,100_4_mazebacktrack,100,4,mdpsolver_mpigs_init,3,2,0.99,0.001,0.003144799964502454,0.0,0.0,success,
e72fcaca-ffc0-4ddc-9839-2aa1ec512b86,100_4_mazebacktrack,100,4,mdpsolver_mpisor,1,0,0.99,0.001,0.0032051000744104385,0.0,0.0,success,
e72fcaca-ffc0-4ddc-9839-2aa1ec512b86,100_4_mazebacktrack,100,4,mdpsolver_mpisor,2,1,0.99,0.001,0.0032929000444710255,0.0,0.0,success,
e72fcaca-ffc0-4ddc-9839-2aa1ec512b86,100_4_mazebacktrack,100,4,mdpsolver_mpisor,3,2,0.99,0.001,0.0032162999268621206,0.0,0.0,success,
e72fcaca-ffc0-4ddc-9839-2aa1ec512b86,100_4_mazebacktrack,100,4,mdpsolver_mpisor_init,1,0,0.99,0.001,0.0030994999688118696,0.0,0.0,success,
e72fcaca-ffc0-4ddc-9839-2aa1ec512b86,100_4_mazebacktrack,100,4,mdpsolver_mpisor_init,2,1,0.99,0.001,0.003216500161215663,0.0,0.0,success,
e72fcaca-ffc0-4ddc-9839-2aa1ec512b86,100_4_mazebacktrack,100,4,mdpsolver_mpisor_init,3,2,0.99,0.001,0.003112599952146411,0.0,0.0,success,
e72fcaca-ffc0-4ddc-9839-2aa1ec512b86,100_4_mazeprims,100,4,mdptoolbox_vi,1,0,0.99,0.001,0.019267200026661158,0.0,0.0,success,
e72fcaca-ffc0-4ddc-9839-2aa1ec512b86,100_4_mazeprims,100,4,mdptoolbox_vi,2,1,0.99,0.001,0.019746400183066726,0.0,0.0,success,
e72fcaca-ffc0-4ddc-9839-2aa1ec512b86,100_4_mazeprims,100,4,mdptoolbox_vi,3,2,0.99,0.001,0.020157999824732542,0.0,0.0,success,
e72fcaca-ffc0-4ddc-9839-2aa1ec512b86,100_4_mazeprims,100,4,mdptoolbox_vigs,1,0,0.99,0.001,0.008689400041475892,0.0,0.0,success,
e72fcaca-ffc0-4ddc-9839-2aa1ec512b86,100_4_mazeprims,100,4,mdptoolbox_vigs,2,1,0.99,0.001,0.008711599977687001,0.0,0.0,success,
e72fcaca-ffc0-4ddc-9839-2aa1ec512b86,100_4_mazeprims,100,4,mdptoolbox_vigs,3,2,0.99,0.001,0.008742399979382753,0.0,0.0,success,
e72fcaca-ffc0-4ddc-9839-2aa1ec512b86,100_4_mazeprims,100,4,mdptoolbox_pi,1,0,0.99,0.001,0.012724099913612008,3.552713678800501e-15,3.552713678800498e-13,success,
e72fcaca-ffc0-4ddc-9839-2aa1ec512b86,100_4_mazeprims,100,4,mdptoolbox_pi,2,1,0.99,0.001,0.011905099963769317,3.552713678800501e-15,3.552713678800498e-13,success,
e72fcaca-ffc0-4ddc-9839-2aa1ec512b86,100_4_mazeprims,100,4,mdptoolbox_pi,3,2,0.99,0.001,0.011978500057011843,3.552713678800501e-15,3.552713678800498e-13,success,
e72fcaca-ffc0-4ddc-9839-2aa1ec512b86,100_4_mazeprims,100,4,mdptoolbox_mpi,1,0,0.99,0.001,0.008189700078219175,1.4210854715202004e-14,1.4210854715201992e-12,success,
e72fcaca-ffc0-4ddc-9839-2aa1ec512b86,100_4_mazeprims,100,4,mdptoolbox_mpi,2,1,0.99,0.001,0.00791019992902875,1.4210854715202004e-14,1.4210854715201992e-12,success,
e72fcaca-ffc0-4ddc-9839-2aa1ec512b86,100_4_mazeprims,100,4,mdptoolbox_mpi,3,2,0.99,0.001,0.007775399833917618,1.4210854715202004e-14,1.4210854715201992e-12,success,
e72fcaca-ffc0-4ddc-9839-2aa1ec512b86,100_4_mazeprims,100,4,marmote_vi,1,0,0.99,0.001,0.003700499888509512,0.0,0.0,success,
e72fcaca-ffc0-4ddc-9839-2aa1ec512b86,100_4_mazeprims,100,4,marmote_vi,2,1,0.99,0.001,0.004468200029805303,0.0,0.0,success,
e72fcaca-ffc0-4ddc-9839-2aa1ec512b86,100_4_mazeprims,100,4,marmote_vi,3,2,0.99,0.001,0.003609300125390291,0.0,0.0,success,
e72fcaca-ffc0-4ddc-9839-2aa1ec512b86,100_4_mazeprims,100,4,marmote_vigs,1,0,0.99,0.001,0.0036017000675201416,0.0,0.0,success,
e72fcaca-ffc0-4ddc-9839-2aa1ec512b86,100_4_mazeprims,100,4,marmote_vigs,2,1,0.99,0.001,0.003623400116339326,0.0,0.0,success,
e72fcaca-ffc0-4ddc-9839-2aa1ec512b86,100_4_mazeprims,100,4,marmote_vigs,3,2,0.99,0.001,0.0036175998393446207,0.0,0.0,success,
e72fcaca-ffc0-4ddc-9839-2aa1ec512b86,100_4_mazeprims,100,4,marmote_mpi,1,0,0.99,0.001,0.004279599990695715,4.924891094049144e-06,0.000492489109404914,success,
e72fcaca-ffc0-4ddc-9839-2aa1ec512b86,100_4_mazeprims,100,4,marmote_mpi,2,1,0.99,0.001,0.00416309991851449,4.924891094049144e-06,0.000492489109404914,success,
e72fcaca-ffc0-4ddc-9839-2aa1ec512b86,100_4_mazeprims,100,4,marmote_mpi,3,2,0.99,0.001,0.004103200044482946,4.924891094049144e-06,0.000492489109404914,success,
e72fcaca-ffc0-4ddc-9839-2aa1ec512b86,100_4_mazeprims,100,4,marmote_mpigs,1,0,0.99,0.001,0.004028999945148826,4.948150946759711e-06,0.0004948150946759706,success,
e72fcaca-ffc0-4ddc-9839-2aa1ec512b86,100_4_mazeprims,100,4,marmote_mpigs,2,1,0.99,0.001,0.004259699955582619,4.948150946759711e-06,0.0004948150946759706,success,
e72fcaca-ffc0-4ddc-9839-2aa1ec512b86,100_4_mazeprims,100,4,marmote_mpigs,3,2,0.99,0.001,0.004048200091347098,4.948150946759711e-06,0.0004948150946759706,success,
e72fcaca-ffc0-4ddc-9839-2aa1ec512b86,100_4_mazeprims,100,4,mdpsolver_vi,1,0,0.99,0.001,0.0032371000852435827,5.684341886080802e-14,5.684341886080797e-12,success,
e72fcaca-ffc0-4ddc-9839-2aa1ec512b86,100_4_mazeprims,100,4,mdpsolver_vi,2,1,0.99,0.001,0.0033347001299262047,5.684341886080802e-14,5.684341886080797e-12,success,
e72fcaca-ffc0-4ddc-9839-2aa1ec512b86,100_4_mazeprims,100,4,mdpsolver_vi,3,2,0.99,0.001,0.0034030000679194927,5.684341886080802e-14,5.684341886080797e-12,success,
e72fcaca-ffc0-4ddc-9839-2aa1ec512b86,100_4_mazeprims,100,4,mdpsolver_vigs,1,0,0.99,0.001,0.007799300132319331,2.4676626964037496e-08,2.4676626964037475e-06,success,
e72fcaca-ffc0-4ddc-9839-2aa1ec512b86,100_4_mazeprims,100,4,mdpsolver_vigs,2,1,0.99,0.001,0.0076766000129282475,2.4676626964037496e-08,2.4676626964037475e-06,success,
e72fcaca-ffc0-4ddc-9839-2aa1ec512b86,100_4_mazeprims,100,4,mdpsolver_vigs,3,2,0.99,0.001,0.007638199953362346,2.4676626964037496e-08,2.4676626964037475e-06,success,
e72fcaca-ffc0-4ddc-9839-2aa1ec512b86,100_4_mazeprims,100,4,mdpsolver_visor,1,0,0.99,0.001,0.0038505999837070704,0.0,0.0,success,
e72fcaca-ffc0-4ddc-9839-2aa1ec512b86,100_4_mazeprims,100,4,mdpsolver_visor,2,1,0.99,0.001,0.003252800088375807,0.0,0.0,success,
e72fcaca-ffc0-4ddc-9839-2aa1ec512b86,100_4_mazeprims,100,4,mdpsolver_visor,3,2,0.99,0.001,0.003522499930113554,0.0,0.0,success,
e72fcaca-ffc0-4ddc-9839-2aa1ec512b86,100_4_mazeprims,100,4,mdpsolver_pi,1,0,0.99,0.001,0.0040716000366955996,0.0,0.0,success,
e72fcaca-ffc0-4ddc-9839-2aa1ec512b86,100_4_mazeprims,100,4,mdpsolver_pi,2,1,0.99,0.001,0.003942399984225631,0.0,0.0,success,
e72fcaca-ffc0-4ddc-9839-2aa1ec512b86,100_4_mazeprims,100,4,mdpsolver_pi,3,2,0.99,0.001,0.004007100127637386,0.0,0.0,success,
e72fcaca-ffc0-4ddc-9839-2aa1ec512b86,100_4_mazeprims,100,4,mdpsolver_mpi,1,0,0.99,0.001,0.0032285000197589397,1.7763568394002505e-14,1.7763568394002488e-12,success,
e72fcaca-ffc0-4ddc-9839-2aa1ec512b86,100_4_mazeprims,100,4,mdpsolver_mpi,2,1,0.99,0.001,0.0032779001630842686,1.7763568394002505e-14,1.7763568394002488e-12,success,
e72fcaca-ffc0-4ddc-9839-2aa1ec512b86,100_4_mazeprims,100,4,mdpsolver_mpi,3,2,0.99,0.001,0.003181600011885166,1.7763568394002505e-14,1.7763568394002488e-12,success,
e72fcaca-ffc0-4ddc-9839-2aa1ec512b86,100_4_mazeprims,100,4,mdpsolver_mpigs,1,0,0.99,0.001,0.00316169997677207,0.0,0.0,success,
e72fcaca-ffc0-4ddc-9839-2aa1ec512b86,100_4_mazeprims,100,4,mdpsolver_mpigs,2,1,0.99,0.001,0.003247200045734644,0.0,0.0,success,
e72fcaca-ffc0-4ddc-9839-2aa1ec512b86,100_4_mazeprims,100,4,mdpsolver_mpigs,3,2,0.99,0.001,0.003407999873161316,0.0,0.0,success,
e72fcaca-ffc0-4ddc-9839-2aa1ec512b86,100_4_mazeprims,100,4,mdpsolver_mpigs_init,1,0,0.99,0.001,0.003235700074583292,0.0,0.0,success,
e72fcaca-ffc0-4ddc-9839-2aa1ec512b86,100_4_mazeprims,100,4,mdpsolver_mpigs_init,2,1,0.99,0.001,0.003326099831610918,0.0,0.0,success,
e72fcaca-ffc0-4ddc-9839-2aa1ec512b86,100_4_mazeprims,100,4,mdpsolver_mpigs_init,3,2,0.99,0.001,0.0032273000106215477,0.0,0.0,success,
e72fcaca-ffc0-4ddc-9839-2aa1ec512b86,100_4_mazeprims,100,4,mdpsolver_mpisor,1,0,0.99,0.001,0.003075200133025646,0.0,0.0,success,
e72fcaca-ffc0-4ddc-9839-2aa1ec512b86,100_4_mazeprims,100,4,mdpsolver_mpisor,2,1,0.99,0.001,0.0030921001452952623,0.0,0.0,success,
e72fcaca-ffc0-4ddc-9839-2aa1ec512b86,100_4_mazeprims,100,4,mdpsolver_mpisor,3,2,0.99,0.001,0.0031238000374287367,0.0,0.0,success,
e72fcaca-ffc0-4ddc-9839-2aa1ec512b86,100_4_mazeprims,100,4,mdpsolver_mpisor_init,1,0,0.99,0.001,0.0031757999677211046,0.0,0.0,success,
e72fcaca-ffc0-4ddc-9839-2aa1ec512b86,100_4_mazeprims,100,4,mdpsolver_mpisor_init,2,1,0.99,0.001,0.0033370000310242176,0.0,0.0,success,
e72fcaca-ffc0-4ddc-9839-2aa1ec512b86,100_4_mazeprims,100,4,mdpsolver_mpisor_init,3,2,0.99,0.001,0.0034344999585300684,0.0,0.0,success,
e72fcaca-ffc0-4ddc-9839-2aa1ec512b86,100_4_mazewilson,100,4,mdptoolbox_vi,1,0,0.99,0.001,0.01881649997085333,0.0,0.0,success,
e72fcaca-ffc0-4ddc-9839-2aa1ec512b86,100_4_mazewilson,100,4,mdptoolbox_vi,2,1,0.99,0.001,0.019818800035864115,0.0,0.0,success,
e72fcaca-ffc0-4ddc-9839-2aa1ec512b86,100_4_mazewilson,100,4,mdptoolbox_vi,3,2,0.99,0.001,0.020060400012880564,0.0,0.0,success,
e72fcaca-ffc0-4ddc-9839-2aa1ec512b86,100_4_mazewilson,100,4,mdptoolbox_vigs,1,0,0.99,0.001,0.00912700011394918,0.0,0.0,success,
e72fcaca-ffc0-4ddc-9839-2aa1ec512b86,100_4_mazewilson,100,4,mdptoolbox_vigs,2,1,0.99,0.001,0.009303799830377102,0.0,0.0,success,
e72fcaca-ffc0-4ddc-9839-2aa1ec512b86,100_4_mazewilson,100,4,mdptoolbox_vigs,3,2,0.99,0.001,0.008910499978810549,0.0,0.0,success,
e72fcaca-ffc0-4ddc-9839-2aa1ec512b86,100_4_mazewilson,100,4,mdptoolbox_pi,1,0,0.99,0.001,0.011792600154876709,3.552713678800501e-15,3.552713678800498e-13,success,
e72fcaca-ffc0-4ddc-9839-2aa1ec512b86,100_4_mazewilson,100,4,mdptoolbox_pi,2,1,0.99,0.001,0.011444099945947528,3.552713678800501e-15,3.552713678800498e-13,success,
e72fcaca-ffc0-4ddc-9839-2aa1ec512b86,100_4_mazewilson,100,4,mdptoolbox_pi,3,2,0.99,0.001,0.010674000019207597,3.552713678800501e-15,3.552713678800498e-13,success,
e72fcaca-ffc0-4ddc-9839-2aa1ec512b86,100_4_mazewilson,100,4,mdptoolbox_mpi,1,0,0.99,0.001,0.007224400062114,1.4210854715202004e-14,1.4210854715201992e-12,success,
e72fcaca-ffc0-4ddc-9839-2aa1ec512b86,100_4_mazewilson,100,4,mdptoolbox_mpi,2,1,0.99,0.001,0.00760039989836514,1.4210854715202004e-14,1.4210854715201992e-12,success,
e72fcaca-ffc0-4ddc-9839-2aa1ec512b86,100_4_mazewilson,100,4,mdptoolbox_mpi,3,2,0.99,0.001,0.007647200021892786,1.4210854715202004e-14,1.4210854715201992e-12,success,
e72fcaca-ffc0-4ddc-9839-2aa1ec512b86,100_4_mazewilson,100,4,marmote_vi,1,0,0.99,0.001,0.0035969000309705734,0.0,0.0,success,
e72fcaca-ffc0-4ddc-9839-2aa1ec512b86,100_4_mazewilson,100,4,marmote_vi,2,1,0.99,0.001,0.003693399950861931,0.0,0.0,success,
e72fcaca-ffc0-4ddc-9839-2aa1ec512b86,100_4_mazewilson,100,4,marmote_vi,3,2,0.99,0.001,0.003589299973100424,0.0,0.0,success,
e72fcaca-ffc0-4ddc-9839-2aa1ec512b86,100_4_mazewilson,100,4,marmote_vigs,1,0,0.99,0.001,0.00363610009662807,0.0,0.0,success,
e72fcaca-ffc0-4ddc-9839-2aa1ec512b86,100_4_mazewilson,100,4,marmote_vigs,2,1,0.99,0.001,0.0036127001512795687,0.0,0.0,success,
e72fcaca-ffc0-4ddc-9839-2aa1ec512b86,100_4_mazewilson,100,4,marmote_vigs,3,2,0.99,0.001,0.0038593001663684845,0.0,0.0,success,
e72fcaca-ffc0-4ddc-9839-2aa1ec512b86,100_4_mazewilson,100,4,marmote_mpi,1,0,0.99,0.001,0.004333899822086096,4.924891094049144e-06,0.000492489109404914,success,
e72fcaca-ffc0-4ddc-9839-2aa1ec512b86,100_4_mazewilson,100,4,marmote_mpi,2,1,0.99,0.001,0.004052600124850869,4.924891094049144e-06,0.000492489109404914,success,
e72fcaca-ffc0-4ddc-9839-2aa1ec512b86,100_4_mazewilson,100,4,marmote_mpi,3,2,0.99,0.001,0.003998999949544668,4.924891094049144e-06,0.000492489109404914,success,
e72fcaca-ffc0-4ddc-9839-2aa1ec512b86,100_4_mazewilson,100,4,marmote_mpigs,1,0,0.99,0.001,0.004053100012242794,4.948150950312424e-06,0.000494815095031242,success,
e72fcaca-ffc0-4ddc-9839-2aa1ec512b86,100_4_mazewilson,100,4,marmote_mpigs,2,1,0.99,0.001,0.004113599890843034,4.948150950312424e-06,0.000494815095031242,success,
e72fcaca-ffc0-4ddc-9839-2aa1ec512b86,100_4_mazewilson,100,4,marmote_mpigs,3,2,0.99,0.001,0.004152599954977632,4.948150950312424e-06,0.000494815095031242,success,
e72fcaca-ffc0-4ddc-9839-2aa1ec512b86,100_4_mazewilson,100,4,mdpsolver_vi,1,0,0.99,0.001,0.0032766000367701054,4.973799150320701e-14,4.973799150320697e-12,success,
e72fcaca-ffc0-4ddc-9839-2aa1ec512b86,100_4_mazewilson,100,4,mdpsolver_vi,2,1,0.99,0.001,0.0034160001669079065,4.973799150320701e-14,4.973799150320697e-12,success,
e72fcaca-ffc0-4ddc-9839-2aa1ec512b86,100_4_mazewilson,100,4,mdpsolver_vi,3,2,0.99,0.001,0.0033495998941361904,4.973799150320701e-14,4.973799150320697e-12,success,
e72fcaca-ffc0-4ddc-9839-2aa1ec512b86,100_4_mazewilson,100,4,mdpsolver_vigs,1,0,0.99,0.001,0.007348099956288934,2.4676626964037496e-08,2.4676626964037475e-06,success,
e72fcaca-ffc0-4ddc-9839-2aa1ec512b86,100_4_mazewilson,100,4,mdpsolver_vigs,2,1,0.99,0.001,0.007840599864721298,2.4676626964037496e-08,2.4676626964037475e-06,success,
e72fcaca-ffc0-4ddc-9839-2aa1ec512b86,100_4_mazewilson,100,4,mdpsolver_vigs,3,2,0.99,0.001,0.007749199867248535,2.4676626964037496e-08,2.4676626964037475e-06,success,
e72fcaca-ffc0-4ddc-9839-2aa1ec512b86,100_4_mazewilson,100,4,mdpsolver_visor,1,0,0.99,0.001,0.0032504000701010227,0.0,0.0,success,
e72fcaca-ffc0-4ddc-9839-2aa1ec512b86,100_4_mazewilson,100,4,mdpsolver_visor,2,1,0.99,0.001,0.0032695000991225243,0.0,0.0,success,
e72fcaca-ffc0-4ddc-9839-2aa1ec512b86,100_4_mazewilson,100,4,mdpsolver_visor,3,2,0.99,0.001,0.0032371000852435827,0.0,0.0,success,
e72fcaca-ffc0-4ddc-9839-2aa1ec512b86,100_4_mazewilson,100,4,mdpsolver_pi,1,0,0.99,0.001,0.0038430001586675644,0.0,0.0,success,
e72fcaca-ffc0-4ddc-9839-2aa1ec512b86,100_4_mazewilson,100,4,mdpsolver_pi,2,1,0.99,0.001,0.0039721999783068895,0.0,0.0,success,
e72fcaca-ffc0-4ddc-9839-2aa1ec512b86,100_4_mazewilson,100,4,mdpsolver_pi,3,2,0.99,0.001,0.003981199814006686,0.0,0.0,success,
e72fcaca-ffc0-4ddc-9839-2aa1ec512b86,100_4_mazewilson,100,4,mdpsolver_mpi,1,0,0.99,0.001,0.0031830999068915844,3.907985046680551e-14,3.907985046680548e-12,success,
e72fcaca-ffc0-4ddc-9839-2aa1ec512b86,100_4_mazewilson,100,4,mdpsolver_mpi,2,1,0.99,0.001,0.0032078998629003763,3.907985046680551e-14,3.907985046680548e-12,success,
e72fcaca-ffc0-4ddc-9839-2aa1ec512b86,100_4_mazewilson,100,4,mdpsolver_mpi,3,2,0.99,0.001,0.0032505998387932777,3.907985046680551e-14,3.907985046680548e-12,success,
e72fcaca-ffc0-4ddc-9839-2aa1ec512b86,100_4_mazewilson,100,4,mdpsolver_mpigs,1,0,0.99,0.001,0.0031417999416589737,0.0,0.0,success,
e72fcaca-ffc0-4ddc-9839-2aa1ec512b86,100_4_mazewilson,100,4,mdpsolver_mpigs,2,1,0.99,0.001,0.0031632999889552593,0.0,0.0,success,
e72fcaca-ffc0-4ddc-9839-2aa1ec512b86,100_4_mazewilson,100,4,mdpsolver_mpigs,3,2,0.99,0.001,0.003189499955624342,0.0,0.0,success,
e72fcaca-ffc0-4ddc-9839-2aa1ec512b86,100_4_mazewilson,100,4,mdpsolver_mpigs_init,1,0,0.99,0.001,0.0031455999705940485,0.0,0.0,success,
e72fcaca-ffc0-4ddc-9839-2aa1ec512b86,100_4_mazewilson,100,4,mdpsolver_mpigs_init,2,1,0.99,0.001,0.003152499906718731,0.0,0.0,success,
e72fcaca-ffc0-4ddc-9839-2aa1ec512b86,100_4_mazewilson,100,4,mdpsolver_mpigs_init,3,2,0.99,0.001,0.0031472998671233654,0.0,0.0,success,
e72fcaca-ffc0-4ddc-9839-2aa1ec512b86,100_4_mazewilson,100,4,mdpsolver_mpisor,1,0,0.99,0.001,0.003242800012230873,0.0,0.0,success,
e72fcaca-ffc0-4ddc-9839-2aa1ec512b86,100_4_mazewilson,100,4,mdpsolver_mpisor,2,1,0.99,0.001,0.003128400072455406,0.0,0.0,success,
e72fcaca-ffc0-4ddc-9839-2aa1ec512b86,100_4_mazewilson,100,4,mdpsolver_mpisor,3,2,0.99,0.001,0.003199000144377351,0.0,0.0,success,
e72fcaca-ffc0-4ddc-9839-2aa1ec512b86,100_4_mazewilson,100,4,mdpsolver_mpisor_init,1,0,0.99,0.001,0.0032990998588502407,0.0,0.0,success,
e72fcaca-ffc0-4ddc-9839-2aa1ec512b86,100_4_mazewilson,100,4,mdpsolver_mpisor_init,2,1,0.99,0.001,0.0031422001775354147,0.0,0.0,success,
e72fcaca-ffc0-4ddc-9839-2aa1ec512b86,100_4_mazewilson,100,4,mdpsolver_mpisor_init,3,2,0.99,0.001,0.0031190000008791685,0.0,0.0,success,
e72fcaca-ffc0-4ddc-9839-2aa1ec512b86,100_3_mountain_10_10,100,3,mdptoolbox_vi,1,0,0.99,0.001,0.014630200108513236,0.0,0.0,success,
e72fcaca-ffc0-4ddc-9839-2aa1ec512b86,100_3_mountain_10_10,100,3,mdptoolbox_vi,2,1,0.99,0.001,0.014152699848636985,0.0,0.0,success,
e72fcaca-ffc0-4ddc-9839-2aa1ec512b86,100_3_mountain_10_10,100,3,mdptoolbox_vi,3,2,0.99,0.001,0.0137253999710083,0.0,0.0,success,
e72fcaca-ffc0-4ddc-9839-2aa1ec512b86,100_3_mountain_10_10,100,3,mdptoolbox_vigs,1,0,0.99,0.001,0.2596923001110554,4.926496828261406e-06,0.0004926496828261402,success,
e72fcaca-ffc0-4ddc-9839-2aa1ec512b86,100_3_mountain_10_10,100,3,mdptoolbox_vigs,2,1,0.99,0.001,0.25679320003837347,4.926496828261406e-06,0.0004926496828261402,success,
e72fcaca-ffc0-4ddc-9839-2aa1ec512b86,100_3_mountain_10_10,100,3,mdptoolbox_vigs,3,2,0.99,0.001,0.2584959000814706,4.926496828261406e-06,0.0004926496828261402,success,
e72fcaca-ffc0-4ddc-9839-2aa1ec512b86,100_3_mountain_10_10,100,3,mdptoolbox_pi,1,0,0.99,0.001,0.0033927999902516603,0.0,0.0,success,
e72fcaca-ffc0-4ddc-9839-2aa1ec512b86,100_3_mountain_10_10,100,3,mdptoolbox_pi,2,1,0.99,0.001,0.00312810018658638,0.0,0.0,success,
e72fcaca-ffc0-4ddc-9839-2aa1ec512b86,100_3_mountain_10_10,100,3,mdptoolbox_pi,3,2,0.99,0.001,0.0029959999956190586,0.0,0.0,success,
e72fcaca-ffc0-4ddc-9839-2aa1ec512b86,100_3_mountain_10_10,100,3,mdptoolbox_mpi,1,0,0.99,0.001,0.0019208001904189587,0.0,0.0,success,
e72fcaca-ffc0-4ddc-9839-2aa1ec512b86,100_3_mountain_10_10,100,3,mdptoolbox_mpi,2,1,0.99,0.001,0.001899300143122673,0.0,0.0,success,
e72fcaca-ffc0-4ddc-9839-2aa1ec512b86,100_3_mountain_10_10,100,3,mdptoolbox_mpi,3,2,0.99,0.001,0.0018402000423520803,0.0,0.0,success,
e72fcaca-ffc0-4ddc-9839-2aa1ec512b86,100_3_mountain_10_10,100,3,marmote_vi,1,0,0.99,0.001,0.005154400132596493,0.0,0.0,success,
e72fcaca-ffc0-4ddc-9839-2aa1ec512b86,100_3_mountain_10_10,100,3,marmote_vi,2,1,0.99,0.001,0.005228100111708045,0.0,0.0,success,
e72fcaca-ffc0-4ddc-9839-2aa1ec512b86,100_3_mountain_10_10,100,3,marmote_vi,3,2,0.99,0.001,0.005191100062802434,0.0,0.0,success,
e72fcaca-ffc0-4ddc-9839-2aa1ec512b86,100_3_mountain_10_10,100,3,marmote_vigs,1,0,0.99,0.001,0.00523729994893074,2.492588180302846e-08,2.492588180302844e-06,success,
e72fcaca-ffc0-4ddc-9839-2aa1ec512b86,100_3_mountain_10_10,100,3,marmote_vigs,2,1,0.99,0.001,0.0054438000079244375,2.492588180302846e-08,2.492588180302844e-06,success,
e72fcaca-ffc0-4ddc-9839-2aa1ec512b86,100_3_mountain_10_10,100,3,marmote_vigs,3,2,0.99,0.001,0.005282000172883272,2.492588180302846e-08,2.492588180302844e-06,success,
e72fcaca-ffc0-4ddc-9839-2aa1ec512b86,100_3_mountain_10_10,100,3,marmote_mpi,1,0,0.99,0.001,0.0029358998872339725,0.0,0.0,success,
e72fcaca-ffc0-4ddc-9839-2aa1ec512b86,100_3_mountain_10_10,100,3,marmote_mpi,2,1,0.99,0.001,0.002929900074377656,0.0,0.0,success,
e72fcaca-ffc0-4ddc-9839-2aa1ec512b86,100_3_mountain_10_10,100,3,marmote_mpi,3,2,0.99,0.001,0.00292630004696548,0.0,0.0,success,
e72fcaca-ffc0-4ddc-9839-2aa1ec512b86,100_3_mountain_10_10,100,3,marmote_mpigs,1,0,0.99,0.001,0.002863900037482381,0.0,0.0,success,
e72fcaca-ffc0-4ddc-9839-2aa1ec512b86,100_3_mountain_10_10,100,3,marmote_mpigs,2,1,0.99,0.001,0.0029513000044971704,0.0,0.0,success,
e72fcaca-ffc0-4ddc-9839-2aa1ec512b86,100_3_mountain_10_10,100,3,marmote_mpigs,3,2,0.99,0.001,0.002969499910250306,0.0,0.0,success,
e72fcaca-ffc0-4ddc-9839-2aa1ec512b86,100_3_mountain_10_10,100,3,mdpsolver_vi,1,0,0.99,0.001,0.0028603000100702047,0.0,0.0,success,
e72fcaca-ffc0-4ddc-9839-2aa1ec512b86,100_3_mountain_10_10,100,3,mdpsolver_vi,2,1,0.99,0.001,0.0028269002214074135,0.0,0.0,success,
e72fcaca-ffc0-4ddc-9839-2aa1ec512b86,100_3_mountain_10_10,100,3,mdpsolver_vi,3,2,0.99,0.001,0.002720799995586276,0.0,0.0,success,
e72fcaca-ffc0-4ddc-9839-2aa1ec512b86,100_3_mountain_10_10,100,3,mdpsolver_vigs,1,0,0.99,0.001,0.002714599948376417,0.0,0.0,success,
e72fcaca-ffc0-4ddc-9839-2aa1ec512b86,100_3_mountain_10_10,100,3,mdpsolver_vigs,2,1,0.99,0.001,0.0027222998905926943,0.0,0.0,success,
e72fcaca-ffc0-4ddc-9839-2aa1ec512b86,100_3_mountain_10_10,100,3,mdpsolver_vigs,3,2,0.99,0.001,0.0027535001281648874,0.0,0.0,success,
e72fcaca-ffc0-4ddc-9839-2aa1ec512b86,100_3_mountain_10_10,100,3,mdpsolver_visor,1,0,0.99,0.001,0.0029733001720160246,0.0,0.0,success,
e72fcaca-ffc0-4ddc-9839-2aa1ec512b86,100_3_mountain_10_10,100,3,mdpsolver_visor,2,1,0.99,0.001,0.0027534000109881163,0.0,0.0,success,
e72fcaca-ffc0-4ddc-9839-2aa1ec512b86,100_3_mountain_10_10,100,3,mdpsolver_visor,3,2,0.99,0.001,0.0027763000689446926,0.0,0.0,success,
e72fcaca-ffc0-4ddc-9839-2aa1ec512b86,100_3_mountain_10_10,100,3,mdpsolver_pi,1,0,0.99,0.001,0.0027929998468607664,0.0,0.0,success,
e72fcaca-ffc0-4ddc-9839-2aa1ec512b86,100_3_mountain_10_10,100,3,mdpsolver_pi,2,1,0.99,0.001,0.0027323001995682716,0.0,0.0,success,
e72fcaca-ffc0-4ddc-9839-2aa1ec512b86,100_3_mountain_10_10,100,3,mdpsolver_pi,3,2,0.99,0.001,0.002724700141698122,0.0,0.0,success,
e72fcaca-ffc0-4ddc-9839-2aa1ec512b86,100_3_mountain_10_10,100,3,mdpsolver_mpi,1,0,0.99,0.001,0.0026480001397430897,0.0,0.0,success,
e72fcaca-ffc0-4ddc-9839-2aa1ec512b86,100_3_mountain_10_10,100,3,mdpsolver_mpi,2,1,0.99,0.001,0.0026247999630868435,0.0,0.0,success,
e72fcaca-ffc0-4ddc-9839-2aa1ec512b86,100_3_mountain_10_10,100,3,mdpsolver_mpi,3,2,0.99,0.001,0.0026191999204456806,0.0,0.0,success,
e72fcaca-ffc0-4ddc-9839-2aa1ec512b86,100_3_mountain_10_10,100,3,mdpsolver_mpigs,1,0,0.99,0.001,0.0026318999007344246,0.0,0.0,success,
e72fcaca-ffc0-4ddc-9839-2aa1ec512b86,100_3_mountain_10_10,100,3,mdpsolver_mpigs,2,1,0.99,0.001,0.0026358000468462706,0.0,0.0,success,
e72fcaca-ffc0-4ddc-9839-2aa1ec512b86,100_3_mountain_10_10,100,3,mdpsolver_mpigs,3,2,0.99,0.001,0.0027447999455034733,0.0,0.0,success,
e72fcaca-ffc0-4ddc-9839-2aa1ec512b86,100_3_mountain_10_10,100,3,mdpsolver_mpigs_init,1,0,0.99,0.001,0.0026744999922811985,0.0,0.0,success,
e72fcaca-ffc0-4ddc-9839-2aa1ec512b86,100_3_mountain_10_10,100,3,mdpsolver_mpigs_init,2,1,0.99,0.001,0.0026257000863552094,0.0,0.0,success,
e72fcaca-ffc0-4ddc-9839-2aa1ec512b86,100_3_mountain_10_10,100,3,mdpsolver_mpigs_init,3,2,0.99,0.001,0.0026046999264508486,0.0,0.0,success,
e72fcaca-ffc0-4ddc-9839-2aa1ec512b86,100_3_mountain_10_10,100,3,mdpsolver_mpisor,1,0,0.99,0.001,0.002583299996331334,0.0,0.0,success,
e72fcaca-ffc0-4ddc-9839-2aa1ec512b86,100_3_mountain_10_10,100,3,mdpsolver_mpisor,2,1,0.99,0.001,0.0028834999538958073,0.0,0.0,success,
e72fcaca-ffc0-4ddc-9839-2aa1ec512b86,100_3_mountain_10_10,100,3,mdpsolver_mpisor,3,2,0.99,0.001,0.00262740021571517,0.0,0.0,success,
e72fcaca-ffc0-4ddc-9839-2aa1ec512b86,100_3_mountain_10_10,100,3,mdpsolver_mpisor_init,1,0,0.99,0.001,0.0025997997727245092,0.0,0.0,success,
e72fcaca-ffc0-4ddc-9839-2aa1ec512b86,100_3_mountain_10_10,100,3,mdpsolver_mpisor_init,2,1,0.99,0.001,0.002615500008687377,0.0,0.0,success,
e72fcaca-ffc0-4ddc-9839-2aa1ec512b86,100_3_mountain_10_10,100,3,mdpsolver_mpisor_init,3,2,0.99,0.001,0.0025943999644368887,0.0,0.0,success,
e72fcaca-ffc0-4ddc-9839-2aa1ec512b86,81_4_9_rooms,81,4,mdptoolbox_vi,1,0,0.99,0.001,0.01710639987140894,9.065882267123015e-09,9.065882267123007e-07,success,
e72fcaca-ffc0-4ddc-9839-2aa1ec512b86,81_4_9_rooms,81,4,mdptoolbox_vi,2,1,0.99,0.001,0.016750500071793795,9.065882267123015e-09,9.065882267123007e-07,success,
e72fcaca-ffc0-4ddc-9839-2aa1ec512b86,81_4_9_rooms,81,4,mdptoolbox_vi,3,2,0.99,0.001,0.01662639994174242,9.065882267123015e-09,9.065882267123007e-07,success,
e72fcaca-ffc0-4ddc-9839-2aa1ec512b86,81_4_9_rooms,81,4,mdptoolbox_vigs,1,0,0.99,0.001,0.008672500029206276,7.856897354940884e-10,7.856897354940877e-08,success,
e72fcaca-ffc0-4ddc-9839-2aa1ec512b86,81_4_9_rooms,81,4,mdptoolbox_vigs,2,1,0.99,0.001,0.008284700103104115,7.856897354940884e-10,7.856897354940877e-08,success,
e72fcaca-ffc0-4ddc-9839-2aa1ec512b86,81_4_9_rooms,81,4,mdptoolbox_vigs,3,2,0.99,0.001,0.00823230016976595,7.856897354940884e-10,7.856897354940877e-08,success,
e72fcaca-ffc0-4ddc-9839-2aa1ec512b86,81_4_9_rooms,81,4,mdptoolbox_pi,1,0,0.99,0.001,nan,nan,nan,timeout,Trial exceeded timeout of 5 s
e72fcaca-ffc0-4ddc-9839-2aa1ec512b86,81_4_9_rooms,81,4,mdptoolbox_pi,2,1,0.99,0.001,nan,nan,nan,timeout,Trial exceeded timeout of 5 s
e72fcaca-ffc0-4ddc-9839-2aa1ec512b86,81_4_9_rooms,81,4,mdptoolbox_pi,3,2,0.99,0.001,nan,nan,nan,timeout,Trial exceeded timeout of 5 s
e72fcaca-ffc0-4ddc-9839-2aa1ec512b86,81_4_9_rooms,81,4,mdptoolbox_mpi,1,0,0.99,0.001,0.004889100091531873,6.992150147766552e-08,6.992150147766546e-06,success,
e72fcaca-ffc0-4ddc-9839-2aa1ec512b86,81_4_9_rooms,81,4,mdptoolbox_mpi,2,1,0.99,0.001,0.004877799889072776,6.992150147766552e-08,6.992150147766546e-06,success,
e72fcaca-ffc0-4ddc-9839-2aa1ec512b86,81_4_9_rooms,81,4,mdptoolbox_mpi,3,2,0.99,0.001,0.004973999923095107,6.992150147766552e-08,6.992150147766546e-06,success,
e72fcaca-ffc0-4ddc-9839-2aa1ec512b86,81_4_9_rooms,81,4,marmote_vi,1,0,0.99,0.001,0.004701199941337109,2.8237217009063897e-09,2.823721700906387e-07,success,
e72fcaca-ffc0-4ddc-9839-2aa1ec512b86,81_4_9_rooms,81,4,marmote_vi,2,1,0.99,0.001,0.004698399920016527,2.8237217009063897e-09,2.823721700906387e-07,success,
e72fcaca-ffc0-4ddc-9839-2aa1ec512b86,81_4_9_rooms,81,4,marmote_vi,3,2,0.99,0.001,0.004711099900305271,2.8237217009063897e-09,2.823721700906387e-07,success,
e72fcaca-ffc0-4ddc-9839-2aa1ec512b86,81_4_9_rooms,81,4,marmote_vigs,1,0,0.99,0.001,0.004722399869933724,3.4795455405856046e-09,3.4795455405856014e-07,success,
e72fcaca-ffc0-4ddc-9839-2aa1ec512b86,81_4_9_rooms,81,4,marmote_vigs,2,1,0.99,0.001,0.0048599999863654375,3.4795455405856046e-09,3.4795455405856014e-07,success,
e72fcaca-ffc0-4ddc-9839-2aa1ec512b86,81_4_9_rooms,81,4,marmote_vigs,3,2,0.99,0.001,0.004667900037020445,3.4795455405856046e-09,3.4795455405856014e-07,success,
e72fcaca-ffc0-4ddc-9839-2aa1ec512b86,81_4_9_rooms,81,4,marmote_mpi,1,0,0.99,0.001,0.006528800120577216,4.924891088720074e-06,0.0004924891088720069,success,
e72fcaca-ffc0-4ddc-9839-2aa1ec512b86,81_4_9_rooms,81,4,marmote_mpi,2,1,0.99,0.001,0.005057899979874492,4.924891088720074e-06,0.0004924891088720069,success,
e72fcaca-ffc0-4ddc-9839-2aa1ec512b86,81_4_9_rooms,81,4,marmote_mpi,3,2,0.99,0.001,0.005312700057402253,4.924891088720074e-06,0.0004924891088720069,success,
e72fcaca-ffc0-4ddc-9839-2aa1ec512b86,81_4_9_rooms,81,4,marmote_mpigs,1,0,0.99,0.001,0.005132799968123436,4.8268857546496235e-06,0.0004826885754649619,success,
e72fcaca-ffc0-4ddc-9839-2aa1ec512b86,81_4_9_rooms,81,4,marmote_mpigs,2,1,0.99,0.001,0.005089400103315711,4.8268857546496235e-06,0.0004826885754649619,success,
e72fcaca-ffc0-4ddc-9839-2aa1ec512b86,81_4_9_rooms,81,4,marmote_mpigs,3,2,0.99,0.001,0.005087999859824777,4.8268857546496235e-06,0.0004826885754649619,success,
e72fcaca-ffc0-4ddc-9839-2aa1ec512b86,81_4_9_rooms,81,4,mdpsolver_vi,1,0,0.99,0.001,0.004252099897712469,2.8237288063337473e-09,2.8237288063337447e-07,success,
e72fcaca-ffc0-4ddc-9839-2aa1ec512b86,81_4_9_rooms,81,4,mdpsolver_vi,2,1,0.99,0.001,0.004292000085115433,2.8237288063337473e-09,2.8237288063337447e-07,success,
e72fcaca-ffc0-4ddc-9839-2aa1ec512b86,81_4_9_rooms,81,4,mdpsolver_vi,3,2,0.99,0.001,0.004424199927598238,2.8237288063337473e-09,2.8237288063337447e-07,success,
e72fcaca-ffc0-4ddc-9839-2aa1ec512b86,81_4_9_rooms,81,4,mdpsolver_vigs,1,0,0.99,0.001,0.008270399877801538,2.0431956349042935e-08,2.0431956349042918e-06,success,
e72fcaca-ffc0-4ddc-9839-2aa1ec512b86,81_4_9_rooms,81,4,mdpsolver_vigs,2,1,0.99,0.001,0.008930300129577518,2.0431956349042935e-08,2.0431956349042918e-06,success,
e72fcaca-ffc0-4ddc-9839-2aa1ec512b86,81_4_9_rooms,81,4,mdpsolver_vigs,3,2,0.99,0.001,0.008226800011470914,2.0431956349042935e-08,2.0431956349042918e-06,success,
e72fcaca-ffc0-4ddc-9839-2aa1ec512b86,81_4_9_rooms,81,4,mdpsolver_visor,1,0,0.99,0.001,0.004274700069800019,1.7763568394002505e-15,1.776356839400249e-13,success,
e72fcaca-ffc0-4ddc-9839-2aa1ec512b86,81_4_9_rooms,81,4,mdpsolver_visor,2,1,0.99,0.001,0.004244999960064888,1.7763568394002505e-15,1.776356839400249e-13,success,
e72fcaca-ffc0-4ddc-9839-2aa1ec512b86,81_4_9_rooms,81,4,mdpsolver_visor,3,2,0.99,0.001,0.004391700029373169,1.7763568394002505e-15,1.776356839400249e-13,success,
e72fcaca-ffc0-4ddc-9839-2aa1ec512b86,81_4_9_rooms,81,4,mdpsolver_pi,1,0,0.99,0.001,0.00503010000102222,8.117917360550564e-08,8.117917360550557e-06,success,
e72fcaca-ffc0-4ddc-9839-2aa1ec512b86,81_4_9_rooms,81,4,mdpsolver_pi,2,1,0.99,0.001,0.005240499973297119,8.117917360550564e-08,8.117917360550557e-06,success,
e72fcaca-ffc0-4ddc-9839-2aa1ec512b86,81_4_9_rooms,81,4,mdpsolver_pi,3,2,0.99,0.001,0.005350799998268485,8.117917360550564e-08,8.117917360550557e-06,success,
e72fcaca-ffc0-4ddc-9839-2aa1ec512b86,81_4_9_rooms,81,4,mdpsolver_mpi,1,0,0.99,0.001,0.004228799836710095,1.3984299229719e-07,1.3984299229718988e-05,success,
e72fcaca-ffc0-4ddc-9839-2aa1ec512b86,81_4_9_rooms,81,4,mdpsolver_mpi,2,1,0.99,0.001,0.00422860006801784,1.3984299229719e-07,1.3984299229718988e-05,success,
e72fcaca-ffc0-4ddc-9839-2aa1ec512b86,81_4_9_rooms,81,4,mdpsolver_mpi,3,2,0.99,0.001,0.0042184998746961355,1.3984299229719e-07,1.3984299229718988e-05,success,
e72fcaca-ffc0-4ddc-9839-2aa1ec512b86,81_4_9_rooms,81,4,mdpsolver_mpigs,1,0,0.99,0.001,0.004586600000038743,1.7763568394002505e-15,1.776356839400249e-13,success,
e72fcaca-ffc0-4ddc-9839-2aa1ec512b86,81_4_9_rooms,81,4,mdpsolver_mpigs,2,1,0.99,0.001,0.004135099938139319,1.7763568394002505e-15,1.776356839400249e-13,success,
e72fcaca-ffc0-4ddc-9839-2aa1ec512b86,81_4_9_rooms,81,4,mdpsolver_mpigs,3,2,0.99,0.001,0.004165999824181199,1.7763568394002505e-15,1.776356839400249e-13,success,
e72fcaca-ffc0-4ddc-9839-2aa1ec512b86,81_4_9_rooms,81,4,mdpsolver_mpigs_init,1,0,0.99,0.001,0.004541900008916855,1.7763568394002505e-15,1.776356839400249e-13,success,
e72fcaca-ffc0-4ddc-9839-2aa1ec512b86,81_4_9_rooms,81,4,mdpsolver_mpigs_init,2,1,0.99,0.001,0.00433690007776022,1.7763568394002505e-15,1.776356839400249e-13,success,
e72fcaca-ffc0-4ddc-9839-2aa1ec512b86,81_4_9_rooms,81,4,mdpsolver_mpigs_init,3,2,0.99,0.001,0.004736799979582429,1.7763568394002505e-15,1.776356839400249e-13,success,
e72fcaca-ffc0-4ddc-9839-2aa1ec512b86,81_4_9_rooms,81,4,mdpsolver_mpisor,1,0,0.99,0.001,0.004238999914377928,1.7763568394002505e-15,1.776356839400249e-13,success,
e72fcaca-ffc0-4ddc-9839-2aa1ec512b86,81_4_9_rooms,81,4,mdpsolver_mpisor,2,1,0.99,0.001,0.004195000045001507,1.7763568394002505e-15,1.776356839400249e-13,success,
e72fcaca-ffc0-4ddc-9839-2aa1ec512b86,81_4_9_rooms,81,4,mdpsolver_mpisor,3,2,0.99,0.001,0.004696300020441413,1.7763568394002505e-15,1.776356839400249e-13,success,
e72fcaca-ffc0-4ddc-9839-2aa1ec512b86,81_4_9_rooms,81,4,mdpsolver_mpisor_init,1,0,0.99,0.001,0.004606100032106042,1.7763568394002505e-15,1.776356839400249e-13,success,
e72fcaca-ffc0-4ddc-9839-2aa1ec512b86,81_4_9_rooms,81,4,mdpsolver_mpisor_init,2,1,0.99,0.001,0.004245299845933914,1.7763568394002505e-15,1.776356839400249e-13,success,
e72fcaca-ffc0-4ddc-9839-2aa1ec512b86,81_4_9_rooms,81,4,mdpsolver_mpisor_init,3,2,0.99,0.001,0.004552799975499511,1.7763568394002505e-15,1.776356839400249e-13,success,
e72fcaca-ffc0-4ddc-9839-2aa1ec512b86,100_4_office_world,100,4,mdptoolbox_vi,1,0,0.99,0.001,0.0190504000056535,0.0,0.0,success,
e72fcaca-ffc0-4ddc-9839-2aa1ec512b86,100_4_office_world,100,4,mdptoolbox_vi,2,1,0.99,0.001,0.01952590001747012,0.0,0.0,success,
e72fcaca-ffc0-4ddc-9839-2aa1ec512b86,100_4_office_world,100,4,mdptoolbox_vi,3,2,0.99,0.001,0.02090570004656911,0.0,0.0,success,
e72fcaca-ffc0-4ddc-9839-2aa1ec512b86,100_4_office_world,100,4,mdptoolbox_vigs,1,0,0.99,0.001,0.003797600045800209,0.0,0.0,success,
e72fcaca-ffc0-4ddc-9839-2aa1ec512b86,100_4_office_world,100,4,mdptoolbox_vigs,2,1,0.99,0.001,0.003465699963271618,0.0,0.0,success,
e72fcaca-ffc0-4ddc-9839-2aa1ec512b86,100_4_office_world,100,4,mdptoolbox_vigs,3,2,0.99,0.001,0.0035267998464405537,0.0,0.0,success,
e72fcaca-ffc0-4ddc-9839-2aa1ec512b86,100_4_office_world,100,4,mdptoolbox_pi,1,0,0.99,0.001,0.008010400226339698,7.105427357601002e-15,7.105427357600996e-13,success,
e72fcaca-ffc0-4ddc-9839-2aa1ec512b86,100_4_office_world,100,4,mdptoolbox_pi,2,1,0.99,0.001,0.007238500053063035,7.105427357601002e-15,7.105427357600996e-13,success,
e72fcaca-ffc0-4ddc-9839-2aa1ec512b86,100_4_office_world,100,4,mdptoolbox_pi,3,2,0.99,0.001,0.0075310999527573586,7.105427357601002e-15,7.105427357600996e-13,success,
e72fcaca-ffc0-4ddc-9839-2aa1ec512b86,100_4_office_world,100,4,mdptoolbox_mpi,1,0,0.99,0.001,0.004616399994120002,7.815970093361102e-14,7.815970093361096e-12,success,
e72fcaca-ffc0-4ddc-9839-2aa1ec512b86,100_4_office_world,100,4,mdptoolbox_mpi,2,1,0.99,0.001,0.0047241998836398125,7.815970093361102e-14,7.815970093361096e-12,success,
e72fcaca-ffc0-4ddc-9839-2aa1ec512b86,100_4_office_world,100,4,mdptoolbox_mpi,3,2,0.99,0.001,0.005212200107052922,7.815970093361102e-14,7.815970093361096e-12,success,
e72fcaca-ffc0-4ddc-9839-2aa1ec512b86,100_4_office_world,100,4,marmote_vi,1,0,0.99,0.001,0.003603799967095256,0.0,0.0,success,
e72fcaca-ffc0-4ddc-9839-2aa1ec512b86,100_4_office_world,100,4,marmote_vi,2,1,0.99,0.001,0.003636999987065792,0.0,0.0,success,
e72fcaca-ffc0-4ddc-9839-2aa1ec512b86,100_4_office_world,100,4,marmote_vi,3,2,0.99,0.001,0.0036079001147300005,0.0,0.0,success,
e72fcaca-ffc0-4ddc-9839-2aa1ec512b86,100_4_office_world,100,4,marmote_vigs,1,0,0.99,0.001,0.0038300000596791506,0.0,0.0,success,
e72fcaca-ffc0-4ddc-9839-2aa1ec512b86,100_4_office_world,100,4,marmote_vigs,2,1,0.99,0.001,0.003691100049763918,0.0,0.0,success,
e72fcaca-ffc0-4ddc-9839-2aa1ec512b86,100_4_office_world,100,4,marmote_vigs,3,2,0.99,0.001,0.0037248998414725065,0.0,0.0,success,
e72fcaca-ffc0-4ddc-9839-2aa1ec512b86,100_4_office_world,100,4,marmote_mpi,1,0,0.99,0.001,0.00435890001244843,4.9301052911232546e-06,0.000493010529112325,success,
e72fcaca-ffc0-4ddc-9839-2aa1ec512b86,100_4_office_world,100,4,marmote_mpi,2,1,0.99,0.001,0.00576650002039969,4.9301052911232546e-06,0.000493010529112325,success,
e72fcaca-ffc0-4ddc-9839-2aa1ec512b86,100_4_office_world,100,4,marmote_mpi,3,2,0.99,0.001,0.004335900070145726,4.9301052911232546e-06,0.000493010529112325,success,
e72fcaca-ffc0-4ddc-9839-2aa1ec512b86,100_4_office_world,100,4,marmote_mpigs,1,0,0.99,0.001,0.004754699999466538,4.783676224917599e-06,0.00047836762249175947,success,
e72fcaca-ffc0-4ddc-9839-2aa1ec512b86,100_4_office_world,100,4,marmote_mpigs,2,1,0.99,0.001,0.004220600007101893,4.783676224917599e-06,0.00047836762249175947,success,
e72fcaca-ffc0-4ddc-9839-2aa1ec512b86,100_4_office_world,100,4,marmote_mpigs,3,2,0.99,0.001,0.004464100115001202,4.783676224917599e-06,0.00047836762249175947,success,
e72fcaca-ffc0-4ddc-9839-2aa1ec512b86,100_4_office_world,100,4,mdpsolver_vi,1,0,0.99,0.001,0.0033233999274671078,1.4210854715202004e-14,1.4210854715201992e-12,success,
e72fcaca-ffc0-4ddc-9839-2aa1ec512b86,100_4_office_world,100,4,mdpsolver_vi,2,1,0.99,0.001,0.0034090999979525805,1.4210854715202004e-14,1.4210854715201992e-12,success,
e72fcaca-ffc0-4ddc-9839-2aa1ec512b86,100_4_office_world,100,4,mdpsolver_vi,3,2,0.99,0.001,0.0032975999638438225,1.4210854715202004e-14,1.4210854715201992e-12,success,
e72fcaca-ffc0-4ddc-9839-2aa1ec512b86,100_4_office_world,100,4,mdpsolver_vigs,1,0,0.99,0.001,0.00795370014384389,2.4676630516751175e-08,2.4676630516751153e-06,success,
e72fcaca-ffc0-4ddc-9839-2aa1ec512b86,100_4_office_world,100,4,mdpsolver_vigs,2,1,0.99,0.001,0.007574099814519286,2.4676630516751175e-08,2.4676630516751153e-06,success,
e72fcaca-ffc0-4ddc-9839-2aa1ec512b86,100_4_office_world,100,4,mdpsolver_vigs,3,2,0.99,0.001,0.007126099895685911,2.4676630516751175e-08,2.4676630516751153e-06,success,
e72fcaca-ffc0-4ddc-9839-2aa1ec512b86,100_4_office_world,100,4,mdpsolver_visor,1,0,0.99,0.001,0.003263500053435564,nan,nan,error,RuntimeError: VI precision not reached: error bound 247575 > 0.001
e72fcaca-ffc0-4ddc-9839-2aa1ec512b86,100_4_office_world,100,4,mdpsolver_visor,2,1,0.99,0.001,0.003729599993675947,nan,nan,error,RuntimeError: VI precision not reached: error bound 247575 > 0.001
e72fcaca-ffc0-4ddc-9839-2aa1ec512b86,100_4_office_world,100,4,mdpsolver_visor,3,2,0.99,0.001,0.0034850998781621456,nan,nan,error,RuntimeError: VI precision not reached: error bound 247575 > 0.001
e72fcaca-ffc0-4ddc-9839-2aa1ec512b86,100_4_office_world,100,4,mdpsolver_pi,1,0,0.99,0.001,0.0042715000454336405,0.0,0.0,success,
e72fcaca-ffc0-4ddc-9839-2aa1ec512b86,100_4_office_world,100,4,mdpsolver_pi,2,1,0.99,0.001,0.004153499845415354,0.0,0.0,success,
e72fcaca-ffc0-4ddc-9839-2aa1ec512b86,100_4_office_world,100,4,mdpsolver_pi,3,2,0.99,0.001,0.004098099889233708,0.0,0.0,success,
e72fcaca-ffc0-4ddc-9839-2aa1ec512b86,100_4_office_world,100,4,mdpsolver_mpi,1,0,0.99,0.001,0.0032516000792384148,7.105427357601002e-15,7.105427357600996e-13,success,
e72fcaca-ffc0-4ddc-9839-2aa1ec512b86,100_4_office_world,100,4,mdpsolver_mpi,2,1,0.99,0.001,0.0032851998694241047,7.105427357601002e-15,7.105427357600996e-13,success,
e72fcaca-ffc0-4ddc-9839-2aa1ec512b86,100_4_office_world,100,4,mdpsolver_mpi,3,2,0.99,0.001,0.003172200173139572,7.105427357601002e-15,7.105427357600996e-13,success,
e72fcaca-ffc0-4ddc-9839-2aa1ec512b86,100_4_office_world,100,4,mdpsolver_mpigs,1,0,0.99,0.001,0.003170499810948968,0.0,0.0,success,
e72fcaca-ffc0-4ddc-9839-2aa1ec512b86,100_4_office_world,100,4,mdpsolver_mpigs,2,1,0.99,0.001,0.0034199999645352364,0.0,0.0,success,
e72fcaca-ffc0-4ddc-9839-2aa1ec512b86,100_4_office_world,100,4,mdpsolver_mpigs,3,2,0.99,0.001,0.0033257000613957644,0.0,0.0,success,
e72fcaca-ffc0-4ddc-9839-2aa1ec512b86,100_4_office_world,100,4,mdpsolver_mpigs_init,1,0,0.99,0.001,0.0031655998900532722,0.0,0.0,success,
e72fcaca-ffc0-4ddc-9839-2aa1ec512b86,100_4_office_world,100,4,mdpsolver_mpigs_init,2,1,0.99,0.001,0.0034268000163137913,0.0,0.0,success,
e72fcaca-ffc0-4ddc-9839-2aa1ec512b86,100_4_office_world,100,4,mdpsolver_mpigs_init,3,2,0.99,0.001,0.00314839999191463,0.0,0.0,success,
e72fcaca-ffc0-4ddc-9839-2aa1ec512b86,100_4_office_world,100,4,mdpsolver_mpisor,1,0,0.99,0.001,0.0033587999641895294,0.0,0.0,success,
e72fcaca-ffc0-4ddc-9839-2aa1ec512b86,100_4_office_world,100,4,mdpsolver_mpisor,2,1,0.99,0.001,0.003272299887612462,0.0,0.0,success,
e72fcaca-ffc0-4ddc-9839-2aa1ec512b86,100_4_office_world,100,4,mdpsolver_mpisor,3,2,0.99,0.001,0.0031827001366764307,0.0,0.0,success,
e72fcaca-ffc0-4ddc-9839-2aa1ec512b86,100_4_office_world,100,4,mdpsolver_mpisor_init,1,0,0.99,0.001,0.0032458999194204807,0.0,0.0,success,
e72fcaca-ffc0-4ddc-9839-2aa1ec512b86,100_4_office_world,100,4,mdpsolver_mpisor_init,2,1,0.99,0.001,0.0034403998870402575,0.0,0.0,success,
e72fcaca-ffc0-4ddc-9839-2aa1ec512b86,100_4_office_world,100,4,mdpsolver_mpisor_init,3,2,0.99,0.001,0.003183100139722228,0.0,0.0,success,
e72fcaca-ffc0-4ddc-9839-2aa1ec512b86,100_10_oil,100,10,mdptoolbox_vi,1,0,0.99,0.001,0.04404660011641681,7.105427357601002e-15,7.105427357600996e-13,success,
e72fcaca-ffc0-4ddc-9839-2aa1ec512b86,100_10_oil,100,10,mdptoolbox_vi,2,1,0.99,0.001,0.04494350007735193,7.105427357601002e-15,7.105427357600996e-13,success,
e72fcaca-ffc0-4ddc-9839-2aa1ec512b86,100_10_oil,100,10,mdptoolbox_vi,3,2,0.99,0.001,0.043485499918460846,7.105427357601002e-15,7.105427357600996e-13,success,
e72fcaca-ffc0-4ddc-9839-2aa1ec512b86,100_10_oil,100,10,mdptoolbox_vigs,1,0,0.99,0.001,0.7894452998880297,1.6628094101633906e-06,0.00016628094101633892,success,
e72fcaca-ffc0-4ddc-9839-2aa1ec512b86,100_10_oil,100,10,mdptoolbox_vigs,2,1,0.99,0.001,0.7882377000059932,1.6628094101633906e-06,0.00016628094101633892,success,
e72fcaca-ffc0-4ddc-9839-2aa1ec512b86,100_10_oil,100,10,mdptoolbox_vigs,3,2,0.99,0.001,0.7897061998955905,1.6628094101633906e-06,0.00016628094101633892,success,
e72fcaca-ffc0-4ddc-9839-2aa1ec512b86,100_10_oil,100,10,mdptoolbox_pi,1,0,0.99,0.001,0.006565999938175082,2.1316282072803006e-14,2.1316282072802985e-12,success,
e72fcaca-ffc0-4ddc-9839-2aa1ec512b86,100_10_oil,100,10,mdptoolbox_pi,2,1,0.99,0.001,0.0070958000142127275,2.1316282072803006e-14,2.1316282072802985e-12,success,
e72fcaca-ffc0-4ddc-9839-2aa1ec512b86,100_10_oil,100,10,mdptoolbox_pi,3,2,0.99,0.001,0.010336900129914284,2.1316282072803006e-14,2.1316282072802985e-12,success,
e72fcaca-ffc0-4ddc-9839-2aa1ec512b86,100_10_oil,100,10,mdptoolbox_mpi,1,0,0.99,0.001,0.005291000008583069,7.105427357601002e-15,7.105427357600996e-13,success,
e72fcaca-ffc0-4ddc-9839-2aa1ec512b86,100_10_oil,100,10,mdptoolbox_mpi,2,1,0.99,0.001,0.005172899924218655,7.105427357601002e-15,7.105427357600996e-13,success,
e72fcaca-ffc0-4ddc-9839-2aa1ec512b86,100_10_oil,100,10,mdptoolbox_mpi,3,2,0.99,0.001,0.005034799920395017,7.105427357601002e-15,7.105427357600996e-13,success,
e72fcaca-ffc0-4ddc-9839-2aa1ec512b86,100_10_oil,100,10,marmote_vi,1,0,0.99,0.001,0.015209099976345897,0.0,0.0,success,
e72fcaca-ffc0-4ddc-9839-2aa1ec512b86,100_10_oil,100,10,marmote_vi,2,1,0.99,0.001,0.015147400088608265,0.0,0.0,success,
e72fcaca-ffc0-4ddc-9839-2aa1ec512b86,100_10_oil,100,10,marmote_vi,3,2,0.99,0.001,0.014740000013262033,0.0,0.0,success,
e72fcaca-ffc0-4ddc-9839-2aa1ec512b86,100_10_oil,100,10,marmote_vigs,1,0,0.99,0.001,0.015018000034615397,2.4908857199079648e-08,2.4908857199079627e-06,success,
e72fcaca-ffc0-4ddc-9839-2aa1ec512b86,100_10_oil,100,10,marmote_vigs,2,1,0.99,0.001,0.01473770011216402,2.4908857199079648e-08,2.4908857199079627e-06,success,
e72fcaca-ffc0-4ddc-9839-2aa1ec512b86,100_10_oil,100,10,marmote_vigs,3,2,0.99,0.001,0.01559399999678135,2.4908857199079648e-08,2.4908857199079627e-06,success,
e72fcaca-ffc0-4ddc-9839-2aa1ec512b86,100_10_oil,100,10,marmote_mpi,1,0,0.99,0.001,0.00915629998780787,4.9435186326718394e-06,0.0004943518632671835,success,
e72fcaca-ffc0-4ddc-9839-2aa1ec512b86,100_10_oil,100,10,marmote_mpi,2,1,0.99,0.001,0.008925099857151508,4.9435186326718394e-06,0.0004943518632671835,success,
e72fcaca-ffc0-4ddc-9839-2aa1ec512b86,100_10_oil,100,10,marmote_mpi,3,2,0.99,0.001,0.00913699995726347,4.9435186326718394e-06,0.0004943518632671835,success,
e72fcaca-ffc0-4ddc-9839-2aa1ec512b86,100_10_oil,100,10,marmote_mpigs,1,0,0.99,0.001,0.00884870020672679,4.916900650187017e-06,0.0004916900650187013,success,
e72fcaca-ffc0-4ddc-9839-2aa1ec512b86,100_10_oil,100,10,marmote_mpigs,2,1,0.99,0.001,0.00906320009380579,4.916900650187017e-06,0.0004916900650187013,success,
e72fcaca-ffc0-4ddc-9839-2aa1ec512b86,100_10_oil,100,10,marmote_mpigs,3,2,0.99,0.001,0.008958700112998486,4.916900650187017e-06,0.0004916900650187013,success,
e72fcaca-ffc0-4ddc-9839-2aa1ec512b86,100_10_oil,100,10,mdpsolver_vi,1,0,0.99,0.001,0.007464800029993057,7.105427357601002e-15,7.105427357600996e-13,success,
e72fcaca-ffc0-4ddc-9839-2aa1ec512b86,100_10_oil,100,10,mdpsolver_vi,2,1,0.99,0.001,0.007749600103124976,7.105427357601002e-15,7.105427357600996e-13,success,
e72fcaca-ffc0-4ddc-9839-2aa1ec512b86,100_10_oil,100,10,mdpsolver_vi,3,2,0.99,0.001,0.007299399934709072,7.105427357601002e-15,7.105427357600996e-13,success,
e72fcaca-ffc0-4ddc-9839-2aa1ec512b86,100_10_oil,100,10,mdpsolver_vigs,1,0,0.99,0.001,0.01475690002553165,2.4676012344571063e-08,2.4676012344571042e-06,success,
e72fcaca-ffc0-4ddc-9839-2aa1ec512b86,100_10_oil,100,10,mdpsolver_vigs,2,1,0.99,0.001,0.016590400133281946,2.4676012344571063e-08,2.4676012344571042e-06,success,
e72fcaca-ffc0-4ddc-9839-2aa1ec512b86,100_10_oil,100,10,mdpsolver_vigs,3,2,0.99,0.001,0.01458070008084178,2.4676012344571063e-08,2.4676012344571042e-06,success,
e72fcaca-ffc0-4ddc-9839-2aa1ec512b86,100_10_oil,100,10,mdpsolver_visor,1,0,0.99,0.001,0.007828899892047048,nan,nan,error,RuntimeError: VI precision not reached: error bound 132.207 > 0.001
e72fcaca-ffc0-4ddc-9839-2aa1ec512b86,100_10_oil,100,10,mdpsolver_visor,2,1,0.99,0.001,0.007563699968159199,nan,nan,error,RuntimeError: VI precision not reached: error bound 132.207 > 0.001
e72fcaca-ffc0-4ddc-9839-2aa1ec512b86,100_10_oil,100,10,mdpsolver_visor,3,2,0.99,0.001,0.007868099957704544,nan,nan,error,RuntimeError: VI precision not reached: error bound 132.207 > 0.001
e72fcaca-ffc0-4ddc-9839-2aa1ec512b86,100_10_oil,100,10,mdpsolver_pi,1,0,0.99,0.001,0.007459399988874793,7.105427357601002e-15,7.105427357600996e-13,success,
e72fcaca-ffc0-4ddc-9839-2aa1ec512b86,100_10_oil,100,10,mdpsolver_pi,2,1,0.99,0.001,0.007423100061714649,7.105427357601002e-15,7.105427357600996e-13,success,
e72fcaca-ffc0-4ddc-9839-2aa1ec512b86,100_10_oil,100,10,mdpsolver_pi,3,2,0.99,0.001,0.007519199978560209,7.105427357601002e-15,7.105427357600996e-13,success,
e72fcaca-ffc0-4ddc-9839-2aa1ec512b86,100_10_oil,100,10,mdpsolver_mpi,1,0,0.99,0.001,0.007113499799743295,0.0,0.0,success,
e72fcaca-ffc0-4ddc-9839-2aa1ec512b86,100_10_oil,100,10,mdpsolver_mpi,2,1,0.99,0.001,0.007343899924308062,0.0,0.0,success,
e72fcaca-ffc0-4ddc-9839-2aa1ec512b86,100_10_oil,100,10,mdpsolver_mpi,3,2,0.99,0.001,0.007566600106656551,0.0,0.0,success,
e72fcaca-ffc0-4ddc-9839-2aa1ec512b86,100_10_oil,100,10,mdpsolver_mpigs,1,0,0.99,0.001,0.007184399990364909,0.0,0.0,success,
e72fcaca-ffc0-4ddc-9839-2aa1ec512b86,100_10_oil,100,10,mdpsolver_mpigs,2,1,0.99,0.001,0.007395399967208505,0.0,0.0,success,
e72fcaca-ffc0-4ddc-9839-2aa1ec512b86,100_10_oil,100,10,mdpsolver_mpigs,3,2,0.99,0.001,0.007809200091287494,0.0,0.0,success,
e72fcaca-ffc0-4ddc-9839-2aa1ec512b86,100_10_oil,100,10,mdpsolver_mpigs_init,1,0,0.99,0.001,0.007328599924221635,0.0,0.0,success,
e72fcaca-ffc0-4ddc-9839-2aa1ec512b86,100_10_oil,100,10,mdpsolver_mpigs_init,2,1,0.99,0.001,0.009260599967092276,0.0,0.0,success,
e72fcaca-ffc0-4ddc-9839-2aa1ec512b86,100_10_oil,100,10,mdpsolver_mpigs_init,3,2,0.99,0.001,0.0072351000271737576,0.0,0.0,success,
e72fcaca-ffc0-4ddc-9839-2aa1ec512b86,100_10_oil,100,10,mdpsolver_mpisor,1,0,0.99,0.001,0.007238700054585934,0.0,0.0,success,
e72fcaca-ffc0-4ddc-9839-2aa1ec512b86,100_10_oil,100,10,mdpsolver_mpisor,2,1,0.99,0.001,0.007134699961170554,0.0,0.0,success,
e72fcaca-ffc0-4ddc-9839-2aa1ec512b86,100_10_oil,100,10,mdpsolver_mpisor,3,2,0.99,0.001,0.007613800000399351,0.0,0.0,success,
e72fcaca-ffc0-4ddc-9839-2aa1ec512b86,100_10_oil,100,10,mdpsolver_mpisor_init,1,0,0.99,0.001,0.007150300079956651,0.0,0.0,success,
e72fcaca-ffc0-4ddc-9839-2aa1ec512b86,100_10_oil,100,10,mdpsolver_mpisor_init,2,1,0.99,0.001,0.007268799934536219,0.0,0.0,success,
e72fcaca-ffc0-4ddc-9839-2aa1ec512b86,100_10_oil,100,10,mdpsolver_mpisor_init,3,2,0.99,0.001,0.0071465999353677034,0.0,0.0,success,
e72fcaca-ffc0-4ddc-9839-2aa1ec512b86,50_10_oil_discovery,50,10,mdptoolbox_vi,1,0,0.99,0.001,0.055439700139686465,4.89548028781428e-08,4.895480287814276e-06,success,
e72fcaca-ffc0-4ddc-9839-2aa1ec512b86,50_10_oil_discovery,50,10,mdptoolbox_vi,2,1,0.99,0.001,0.058387700002640486,4.89548028781428e-08,4.895480287814276e-06,success,
e72fcaca-ffc0-4ddc-9839-2aa1ec512b86,50_10_oil_discovery,50,10,mdptoolbox_vi,3,2,0.99,0.001,0.05816169991157949,4.89548028781428e-08,4.895480287814276e-06,success,
e72fcaca-ffc0-4ddc-9839-2aa1ec512b86,50_10_oil_discovery,50,10,mdptoolbox_vigs,1,0,0.99,0.001,0.4194826998282224,1.3389831110544037e-07,1.3389831110544025e-05,success,
e72fcaca-ffc0-4ddc-9839-2aa1ec512b86,50_10_oil_discovery,50,10,mdptoolbox_vigs,2,1,0.99,0.001,0.4185120000038296,1.3389831110544037e-07,1.3389831110544025e-05,success,
e72fcaca-ffc0-4ddc-9839-2aa1ec512b86,50_10_oil_discovery,50,10,mdptoolbox_vigs,3,2,0.99,0.001,0.4155844000633806,1.3389831110544037e-07,1.3389831110544025e-05,success,
e72fcaca-ffc0-4ddc-9839-2aa1ec512b86,50_10_oil_discovery,50,10,mdptoolbox_pi,1,0,0.99,0.001,0.00443170010112226,3.410605131648481e-13,3.4106051316484777e-11,success,
e72fcaca-ffc0-4ddc-9839-2aa1ec512b86,50_10_oil_discovery,50,10,mdptoolbox_pi,2,1,0.99,0.001,0.0046623998787254095,3.410605131648481e-13,3.4106051316484777e-11,success,
e72fcaca-ffc0-4ddc-9839-2aa1ec512b86,50_10_oil_discovery,50,10,mdptoolbox_pi,3,2,0.99,0.001,0.004570099990814924,3.410605131648481e-13,3.4106051316484777e-11,success,
e72fcaca-ffc0-4ddc-9839-2aa1ec512b86,50_10_oil_discovery,50,10,mdptoolbox_mpi,1,0,0.99,0.001,0.035003599943593144,4.741200655189459e-06,0.0004741200655189455,success,
e72fcaca-ffc0-4ddc-9839-2aa1ec512b86,50_10_oil_discovery,50,10,mdptoolbox_mpi,2,1,0.99,0.001,0.03440849995240569,4.741200655189459e-06,0.0004741200655189455,success,
e72fcaca-ffc0-4ddc-9839-2aa1ec512b86,50_10_oil_discovery,50,10,mdptoolbox_mpi,3,2,0.99,0.001,0.03222960000857711,4.741200655189459e-06,0.0004741200655189455,success,
e72fcaca-ffc0-4ddc-9839-2aa1ec512b86,50_10_oil_discovery,50,10,marmote_vi,1,0,0.99,0.001,0.044847500044852495,3.410605131648481e-13,3.4106051316484777e-11,success,
e72fcaca-ffc0-4ddc-9839-2aa1ec512b86,50_10_oil_discovery,50,10,marmote_vi,2,1,0.99,0.001,0.044611799996346235,3.410605131648481e-13,3.4106051316484777e-11,success,
e72fcaca-ffc0-4ddc-9839-2aa1ec512b86,50_10_oil_discovery,50,10,marmote_vi,3,2,0.99,0.001,0.04461570014245808,3.410605131648481e-13,3.4106051316484777e-11,success,
e72fcaca-ffc0-4ddc-9839-2aa1ec512b86,50_10_oil_discovery,50,10,marmote_vigs,1,0,0.99,0.001,0.0427838999312371,1.373859959130641e-08,1.3738599591306398e-06,success,
e72fcaca-ffc0-4ddc-9839-2aa1ec512b86,50_10_oil_discovery,50,10,marmote_vigs,2,1,0.99,0.001,0.04241629992611706,1.373859959130641e-08,1.3738599591306398e-06,success,
e72fcaca-ffc0-4ddc-9839-2aa1ec512b86,50_10_oil_discovery,50,10,marmote_vigs,3,2,0.99,0.001,0.042020299937576056,1.373859959130641e-08,1.3738599591306398e-06,success,
e72fcaca-ffc0-4ddc-9839-2aa1ec512b86,50_10_oil_discovery,50,10,marmote_mpi,1,0,0.99,0.001,0.037239099852740765,4.9275290621153545e-06,0.000492752906211535,success,
e72fcaca-ffc0-4ddc-9839-2aa1ec512b86,50_10_oil_discovery,50,10,marmote_mpi,2,1,0.99,0.001,0.03803129983134568,4.9275290621153545e-06,0.000492752906211535,success,
e72fcaca-ffc0-4ddc-9839-2aa1ec512b86,50_10_oil_discovery,50,10,marmote_mpi,3,2,0.99,0.001,0.03719379985705018,4.9275290621153545e-06,0.000492752906211535,success,
e72fcaca-ffc0-4ddc-9839-2aa1ec512b86,50_10_oil_discovery,50,10,marmote_mpigs,1,0,0.99,0.001,0.038427900057286024,4.249829544278327e-06,0.00042498295442783236,success,
e72fcaca-ffc0-4ddc-9839-2aa1ec512b86,50_10_oil_discovery,50,10,marmote_mpigs,2,1,0.99,0.001,0.038031499832868576,4.249829544278327e-06,0.00042498295442783236,success,
e72fcaca-ffc0-4ddc-9839-2aa1ec512b86,50_10_oil_discovery,50,10,marmote_mpigs,3,2,0.99,0.001,0.0374464001506567,4.249829544278327e-06,0.00042498295442783236,success,
e72fcaca-ffc0-4ddc-9839-2aa1ec512b86,50_10_oil_discovery,50,10,mdpsolver_vi,1,0,0.99,0.001,0.04458099999465048,4.809464826394105e-08,4.809464826394101e-06,success,
e72fcaca-ffc0-4ddc-9839-2aa1ec512b86,50_10_oil_discovery,50,10,mdpsolver_vi,2,1,0.99,0.001,0.04519500001333654,4.809464826394105e-08,4.809464826394101e-06,success,
e72fcaca-ffc0-4ddc-9839-2aa1ec512b86,50_10_oil_discovery,50,10,mdpsolver_vi,3,2,0.99,0.001,0.04554190021008253,4.809464826394105e-08,4.809464826394101e-06,success,
e72fcaca-ffc0-4ddc-9839-2aa1ec512b86,50_10_oil_discovery,50,10,mdpsolver_vigs,1,0,0.99,0.001,0.053608999820426106,1.3416979527391959e-08,1.3416979527391946e-06,success,
e72fcaca-ffc0-4ddc-9839-2aa1ec512b86,50_10_oil_discovery,50,10,mdpsolver_vigs,2,1,0.99,0.001,0.053097200114279985,1.3416979527391959e-08,1.3416979527391946e-06,success,
e72fcaca-ffc0-4ddc-9839-2aa1ec512b86,50_10_oil_discovery,50,10,mdpsolver_vigs,3,2,0.99,0.001,0.05274769989773631,1.3416979527391959e-08,1.3416979527391946e-06,success,
e72fcaca-ffc0-4ddc-9839-2aa1ec512b86,50_10_oil_discovery,50,10,mdpsolver_visor,1,0,0.99,0.001,0.04555279994383454,nan,nan,error,RuntimeError: VI precision not reached: error bound 53.9099 > 0.001
e72fcaca-ffc0-4ddc-9839-2aa1ec512b86,50_10_oil_discovery,50,10,mdpsolver_visor,2,1,0.99,0.001,0.04714889987371862,nan,nan,error,RuntimeError: VI precision not reached: error bound 53.9099 > 0.001
e72fcaca-ffc0-4ddc-9839-2aa1ec512b86,50_10_oil_discovery,50,10,mdpsolver_visor,3,2,0.99,0.001,0.0465633999556303,nan,nan,error,RuntimeError: VI precision not reached: error bound 53.9099 > 0.001
e72fcaca-ffc0-4ddc-9839-2aa1ec512b86,50_10_oil_discovery,50,10,mdpsolver_pi,1,0,0.99,0.001,0.03933329996652901,4.901932356915495e-06,0.0004901932356915491,success,
e72fcaca-ffc0-4ddc-9839-2aa1ec512b86,50_10_oil_discovery,50,10,mdpsolver_pi,2,1,0.99,0.001,0.03787330002523959,4.901932356915495e-06,0.0004901932356915491,success,
e72fcaca-ffc0-4ddc-9839-2aa1ec512b86,50_10_oil_discovery,50,10,mdpsolver_pi,3,2,0.99,0.001,0.03856749995611608,4.901932356915495e-06,0.0004901932356915491,success,
e72fcaca-ffc0-4ddc-9839-2aa1ec512b86,50_10_oil_discovery,50,10,mdpsolver_mpi,1,0,0.99,0.001,0.03719870001077652,9.696860615804326e-06,0.0009696860615804317,success,
e72fcaca-ffc0-4ddc-9839-2aa1ec512b86,50_10_oil_discovery,50,10,mdpsolver_mpi,2,1,0.99,0.001,0.03598949988372624,9.696860615804326e-06,0.0009696860615804317,success,
e72fcaca-ffc0-4ddc-9839-2aa1ec512b86,50_10_oil_discovery,50,10,mdpsolver_mpi,3,2,0.99,0.001,0.03545119985938072,9.696860615804326e-06,0.0009696860615804317,success,
e72fcaca-ffc0-4ddc-9839-2aa1ec512b86,50_10_oil_discovery,50,10,mdpsolver_mpigs,1,0,0.99,0.001,0.03665449982509017,2.0907185671603656e-06,0.00020907185671603637,success,
e72fcaca-ffc0-4ddc-9839-2aa1ec512b86,50_10_oil_discovery,50,10,mdpsolver_mpigs,2,1,0.99,0.001,0.03629909991286695,2.0907185671603656e-06,0.00020907185671603637,success,
e72fcaca-ffc0-4ddc-9839-2aa1ec512b86,50_10_oil_discovery,50,10,mdpsolver_mpigs,3,2,0.99,0.001,0.03615339985117316,2.0907185671603656e-06,0.00020907185671603637,success,
e72fcaca-ffc0-4ddc-9839-2aa1ec512b86,50_10_oil_discovery,50,10,mdpsolver_mpigs_init,1,0,0.99,0.001,0.03568589990027249,2.120713588737999e-06,0.00021207135887379972,success,
e72fcaca-ffc0-4ddc-9839-2aa1ec512b86,50_10_oil_discovery,50,10,mdpsolver_mpigs_init,2,1,0.99,0.001,0.03538220003247261,2.120713588737999e-06,0.00021207135887379972,success,
e72fcaca-ffc0-4ddc-9839-2aa1ec512b86,50_10_oil_discovery,50,10,mdpsolver_mpigs_init,3,2,0.99,0.001,0.03550590015947819,2.120713588737999e-06,0.00021207135887379972,success,
e72fcaca-ffc0-4ddc-9839-2aa1ec512b86,50_10_oil_discovery,50,10,mdpsolver_mpisor,1,0,0.99,0.001,0.036358899902552366,2.0907185671603656e-06,0.00020907185671603637,success,
e72fcaca-ffc0-4ddc-9839-2aa1ec512b86,50_10_oil_discovery,50,10,mdpsolver_mpisor,2,1,0.99,0.001,0.03558790008537471,2.0907185671603656e-06,0.00020907185671603637,success,
e72fcaca-ffc0-4ddc-9839-2aa1ec512b86,50_10_oil_discovery,50,10,mdpsolver_mpisor,3,2,0.99,0.001,0.038056200137361884,2.0907185671603656e-06,0.00020907185671603637,success,
e72fcaca-ffc0-4ddc-9839-2aa1ec512b86,50_10_oil_discovery,50,10,mdpsolver_mpisor_init,1,0,0.99,0.001,0.03560790000483394,2.120713588737999e-06,0.00021207135887379972,success,
e72fcaca-ffc0-4ddc-9839-2aa1ec512b86,50_10_oil_discovery,50,10,mdpsolver_mpisor_init,2,1,0.99,0.001,0.03654759982600808,2.120713588737999e-06,0.00021207135887379972,success,
e72fcaca-ffc0-4ddc-9839-2aa1ec512b86,50_10_oil_discovery,50,10,mdpsolver_mpisor_init,3,2,0.99,0.001,0.03666550014168024,2.120713588737999e-06,0.00021207135887379972,success,
e72fcaca-ffc0-4ddc-9839-2aa1ec512b86,101_2_option_pricing_10_10,101,2,mdptoolbox_vi,1,0,0.99,0.001,0.010070400079712272,0.0,0.0,success,
e72fcaca-ffc0-4ddc-9839-2aa1ec512b86,101_2_option_pricing_10_10,101,2,mdptoolbox_vi,2,1,0.99,0.001,0.010230400133877993,0.0,0.0,success,
e72fcaca-ffc0-4ddc-9839-2aa1ec512b86,101_2_option_pricing_10_10,101,2,mdptoolbox_vi,3,2,0.99,0.001,0.010312099941074848,0.0,0.0,success,
e72fcaca-ffc0-4ddc-9839-2aa1ec512b86,101_2_option_pricing_10_10,101,2,mdptoolbox_vigs,1,0,0.99,0.001,0.0014166999608278275,0.0,0.0,success,
e72fcaca-ffc0-4ddc-9839-2aa1ec512b86,101_2_option_pricing_10_10,101,2,mdptoolbox_vigs,2,1,0.99,0.001,0.0016616000793874264,0.0,0.0,success,
e72fcaca-ffc0-4ddc-9839-2aa1ec512b86,101_2_option_pricing_10_10,101,2,mdptoolbox_vigs,3,2,0.99,0.001,0.0013099000789225101,0.0,0.0,success,
e72fcaca-ffc0-4ddc-9839-2aa1ec512b86,101_2_option_pricing_10_10,101,2,mdptoolbox_pi,1,0,0.99,0.001,0.003056399989873171,0.0,0.0,success,
e72fcaca-ffc0-4ddc-9839-2aa1ec512b86,101_2_option_pricing_10_10,101,2,mdptoolbox_pi,2,1,0.99,0.001,0.0031856000423431396,0.0,0.0,success,
e72fcaca-ffc0-4ddc-9839-2aa1ec512b86,101_2_option_pricing_10_10,101,2,mdptoolbox_pi,3,2,0.99,0.001,0.0032577000092715025,0.0,0.0,success,
e72fcaca-ffc0-4ddc-9839-2aa1ec512b86,101_2_option_pricing_10_10,101,2,mdptoolbox_mpi,1,0,0.99,0.001,0.0017258001025766134,0.0,0.0,success,
e72fcaca-ffc0-4ddc-9839-2aa1ec512b86,101_2_option_pricing_10_10,101,2,mdptoolbox_mpi,2,1,0.99,0.001,0.0017307000234723091,0.0,0.0,success,
e72fcaca-ffc0-4ddc-9839-2aa1ec512b86,101_2_option_pricing_10_10,101,2,mdptoolbox_mpi,3,2,0.99,0.001,0.0018522001337260008,0.0,0.0,success,
e72fcaca-ffc0-4ddc-9839-2aa1ec512b86,101_2_option_pricing_10_10,101,2,marmote_vi,1,0,0.99,0.001,0.002364399842917919,0.0,0.0,success,
e72fcaca-ffc0-4ddc-9839-2aa1ec512b86,101_2_option_pricing_10_10,101,2,marmote_vi,2,1,0.99,0.001,0.0023617001716047525,0.0,0.0,success,
e72fcaca-ffc0-4ddc-9839-2aa1ec512b86,101_2_option_pricing_10_10,101,2,marmote_vi,3,2,0.99,0.001,0.0023628000635653734,0.0,0.0,success,
e72fcaca-ffc0-4ddc-9839-2aa1ec512b86,101_2_option_pricing_10_10,101,2,marmote_vigs,1,0,0.99,0.001,0.002333599841222167,0.0,0.0,success,
e72fcaca-ffc0-4ddc-9839-2aa1ec512b86,101_2_option_pricing_10_10,101,2,marmote_vigs,2,1,0.99,0.001,0.0023370999842882156,0.0,0.0,success,
e72fcaca-ffc0-4ddc-9839-2aa1ec512b86,101_2_option_pricing_10_10,101,2,marmote_vigs,3,2,0.99,0.001,0.00263010011985898,0.0,0.0,success,
e72fcaca-ffc0-4ddc-9839-2aa1ec512b86,101_2_option_pricing_10_10,101,2,marmote_mpi,1,0,0.99,0.001,0.002449000021442771,0.0,0.0,success,
e72fcaca-ffc0-4ddc-9839-2aa1ec512b86,101_2_option_pricing_10_10,101,2,marmote_mpi,2,1,0.99,0.001,0.002221599919721484,0.0,0.0,success,
e72fcaca-ffc0-4ddc-9839-2aa1ec512b86,101_2_option_pricing_10_10,101,2,marmote_mpi,3,2,0.99,0.001,0.0023951998446136713,0.0,0.0,success,
e72fcaca-ffc0-4ddc-9839-2aa1ec512b86,101_2_option_pricing_10_10,101,2,marmote_mpigs,1,0,0.99,0.001,0.0022648999001830816,0.0,0.0,success,
e72fcaca-ffc0-4ddc-9839-2aa1ec512b86,101_2_option_pricing_10_10,101,2,marmote_mpigs,2,1,0.99,0.001,0.0022942000068724155,0.0,0.0,success,
e72fcaca-ffc0-4ddc-9839-2aa1ec512b86,101_2_option_pricing_10_10,101,2,marmote_mpigs,3,2,0.99,0.001,0.0023103998973965645,0.0,0.0,success,
e72fcaca-ffc0-4ddc-9839-2aa1ec512b86,101_2_option_pricing_10_10,101,2,mdpsolver_vi,1,0,0.99,0.001,0.0021750000305473804,0.0,0.0,success,
e72fcaca-ffc0-4ddc-9839-2aa1ec512b86,101_2_option_pricing_10_10,101,2,mdpsolver_vi,2,1,0.99,0.001,0.0023322999477386475,0.0,0.0,success,
e72fcaca-ffc0-4ddc-9839-2aa1ec512b86,101_2_option_pricing_10_10,101,2,mdpsolver_vi,3,2,0.99,0.001,0.0021575000137090683,0.0,0.0,success,
e72fcaca-ffc0-4ddc-9839-2aa1ec512b86,101_2_option_pricing_10_10,101,2,mdpsolver_vigs,1,0,0.99,0.001,0.0021492999512702227,0.0,0.0,success,
e72fcaca-ffc0-4ddc-9839-2aa1ec512b86,101_2_option_pricing_10_10,101,2,mdpsolver_vigs,2,1,0.99,0.001,0.002377399941906333,0.0,0.0,success,
e72fcaca-ffc0-4ddc-9839-2aa1ec512b86,101_2_option_pricing_10_10,101,2,mdpsolver_vigs,3,2,0.99,0.001,0.00249810004606843,0.0,0.0,success,
e72fcaca-ffc0-4ddc-9839-2aa1ec512b86,101_2_option_pricing_10_10,101,2,mdpsolver_visor,1,0,0.99,0.001,0.0021848001051694155,nan,nan,error,RuntimeError: VI precision not reached: error bound 37.125 > 0.001
e72fcaca-ffc0-4ddc-9839-2aa1ec512b86,101_2_option_pricing_10_10,101,2,mdpsolver_visor,2,1,0.99,0.001,0.0024649000260978937,nan,nan,error,RuntimeError: VI precision not reached: error bound 37.125 > 0.001
e72fcaca-ffc0-4ddc-9839-2aa1ec512b86,101_2_option_pricing_10_10,101,2,mdpsolver_visor,3,2,0.99,0.001,0.0021927000489085913,nan,nan,error,RuntimeError: VI precision not reached: error bound 37.125 > 0.001
e72fcaca-ffc0-4ddc-9839-2aa1ec512b86,101_2_option_pricing_10_10,101,2,mdpsolver_pi,1,0,0.99,0.001,0.002211600076407194,0.0,0.0,success,
e72fcaca-ffc0-4ddc-9839-2aa1ec512b86,101_2_option_pricing_10_10,101,2,mdpsolver_pi,2,1,0.99,0.001,0.0032840000931173563,0.0,0.0,success,
e72fcaca-ffc0-4ddc-9839-2aa1ec512b86,101_2_option_pricing_10_10,101,2,mdpsolver_pi,3,2,0.99,0.001,0.002440399955958128,0.0,0.0,success,
e72fcaca-ffc0-4ddc-9839-2aa1ec512b86,101_2_option_pricing_10_10,101,2,mdpsolver_mpi,1,0,0.99,0.001,0.0021050998475402594,0.0,0.0,success,
e72fcaca-ffc0-4ddc-9839-2aa1ec512b86,101_2_option_pricing_10_10,101,2,mdpsolver_mpi,2,1,0.99,0.001,0.0020622999873012304,0.0,0.0,success,
e72fcaca-ffc0-4ddc-9839-2aa1ec512b86,101_2_option_pricing_10_10,101,2,mdpsolver_mpi,3,2,0.99,0.001,0.0020594000816345215,0.0,0.0,success,
e72fcaca-ffc0-4ddc-9839-2aa1ec512b86,101_2_option_pricing_10_10,101,2,mdpsolver_mpigs,1,0,0.99,0.001,0.002109199995175004,0.0,0.0,success,
e72fcaca-ffc0-4ddc-9839-2aa1ec512b86,101_2_option_pricing_10_10,101,2,mdpsolver_mpigs,2,1,0.99,0.001,0.0019870998803526163,0.0,0.0,success,
e72fcaca-ffc0-4ddc-9839-2aa1ec512b86,101_2_option_pricing_10_10,101,2,mdpsolver_mpigs,3,2,0.99,0.001,0.002039700048044324,0.0,0.0,success,
e72fcaca-ffc0-4ddc-9839-2aa1ec512b86,101_2_option_pricing_10_10,101,2,mdpsolver_mpigs_init,1,0,0.99,0.001,0.002190500032156706,0.0,0.0,success,
e72fcaca-ffc0-4ddc-9839-2aa1ec512b86,101_2_option_pricing_10_10,101,2,mdpsolver_mpigs_init,2,1,0.99,0.001,0.002006199909374118,0.0,0.0,success,
e72fcaca-ffc0-4ddc-9839-2aa1ec512b86,101_2_option_pricing_10_10,101,2,mdpsolver_mpigs_init,3,2,0.99,0.001,0.0020810000132769346,0.0,0.0,success,
e72fcaca-ffc0-4ddc-9839-2aa1ec512b86,101_2_option_pricing_10_10,101,2,mdpsolver_mpisor,1,0,0.99,0.001,0.0022278998512774706,0.0,0.0,success,
e72fcaca-ffc0-4ddc-9839-2aa1ec512b86,101_2_option_pricing_10_10,101,2,mdpsolver_mpisor,2,1,0.99,0.001,0.0019613998010754585,0.0,0.0,success,
e72fcaca-ffc0-4ddc-9839-2aa1ec512b86,101_2_option_pricing_10_10,101,2,mdpsolver_mpisor,3,2,0.99,0.001,0.0020439999643713236,0.0,0.0,success,
e72fcaca-ffc0-4ddc-9839-2aa1ec512b86,101_2_option_pricing_10_10,101,2,mdpsolver_mpisor_init,1,0,0.99,0.001,0.0021788000594824553,0.0,0.0,success,
e72fcaca-ffc0-4ddc-9839-2aa1ec512b86,101_2_option_pricing_10_10,101,2,mdpsolver_mpisor_init,2,1,0.99,0.001,0.002023200038820505,0.0,0.0,success,
e72fcaca-ffc0-4ddc-9839-2aa1ec512b86,101_2_option_pricing_10_10,101,2,mdpsolver_mpisor_init,3,2,0.99,0.001,0.0022346999030560255,0.0,0.0,success,
e72fcaca-ffc0-4ddc-9839-2aa1ec512b86,512_10_peg,511,36,mdptoolbox_vi,1,0,0.99,0.001,1.2929722999688238,4.986802082385111e-08,4.986802082385107e-06,success,
e72fcaca-ffc0-4ddc-9839-2aa1ec512b86,512_10_peg,511,36,mdptoolbox_vi,2,1,0.99,0.001,1.2747458000667393,4.986802082385111e-08,4.986802082385107e-06,success,
e72fcaca-ffc0-4ddc-9839-2aa1ec512b86,512_10_peg,511,36,mdptoolbox_vi,3,2,0.99,0.001,1.2817744000349194,4.986802082385111e-08,4.986802082385107e-06,success,
e72fcaca-ffc0-4ddc-9839-2aa1ec512b86,512_10_peg,511,36,mdptoolbox_vigs,1,0,0.99,0.001,nan,nan,nan,timeout,Trial exceeded timeout of 5 s
e72fcaca-ffc0-4ddc-9839-2aa1ec512b86,512_10_peg,511,36,mdptoolbox_vigs,2,1,0.99,0.001,nan,nan,nan,timeout,Trial exceeded timeout of 5 s
e72fcaca-ffc0-4ddc-9839-2aa1ec512b86,512_10_peg,511,36,mdptoolbox_vigs,3,2,0.99,0.001,nan,nan,nan,timeout,Trial exceeded timeout of 5 s
e72fcaca-ffc0-4ddc-9839-2aa1ec512b86,512_10_peg,511,36,mdptoolbox_pi,1,0,0.99,0.001,0.19230580003932118,1.4210854715202004e-14,1.4210854715201992e-12,success,
e72fcaca-ffc0-4ddc-9839-2aa1ec512b86,512_10_peg,511,36,mdptoolbox_pi,2,1,0.99,0.001,0.1882752999663353,1.4210854715202004e-14,1.4210854715201992e-12,success,
e72fcaca-ffc0-4ddc-9839-2aa1ec512b86,512_10_peg,511,36,mdptoolbox_pi,3,2,0.99,0.001,0.18878429988399148,1.4210854715202004e-14,1.4210854715201992e-12,success,
e72fcaca-ffc0-4ddc-9839-2aa1ec512b86,512_10_peg,511,36,mdptoolbox_mpi,1,0,0.99,0.001,0.3913016999140382,4.926496835366834e-06,0.0004926496835366829,success,
e72fcaca-ffc0-4ddc-9839-2aa1ec512b86,512_10_peg,511,36,mdptoolbox_mpi,2,1,0.99,0.001,0.41897510015405715,4.926496835366834e-06,0.0004926496835366829,success,
e72fcaca-ffc0-4ddc-9839-2aa1ec512b86,512_10_peg,511,36,mdptoolbox_mpi,3,2,0.99,0.001,0.3844356001354754,4.926496835366834e-06,0.0004926496835366829,success,
e72fcaca-ffc0-4ddc-9839-2aa1ec512b86,512_10_peg,511,36,marmote_vi,1,0,0.99,0.001,0.2831500000320375,2.4925888908455818e-08,2.4925888908455797e-06,success,
e72fcaca-ffc0-4ddc-9839-2aa1ec512b86,512_10_peg,511,36,marmote_vi,2,1,0.99,0.001,0.29054750013165176,2.4925888908455818e-08,2.4925888908455797e-06,success,
e72fcaca-ffc0-4ddc-9839-2aa1ec512b86,512_10_peg,511,36,marmote_vi,3,2,0.99,0.001,0.2993301001843065,2.4925888908455818e-08,2.4925888908455797e-06,success,
e72fcaca-ffc0-4ddc-9839-2aa1ec512b86,512_10_peg,511,36,marmote_vigs,1,0,0.99,0.001,0.28274030005559325,2.492588180302846e-08,2.492588180302844e-06,success,
e72fcaca-ffc0-4ddc-9839-2aa1ec512b86,512_10_peg,511,36,marmote_vigs,2,1,0.99,0.001,0.27923099999316037,2.492588180302846e-08,2.492588180302844e-06,success,
e72fcaca-ffc0-4ddc-9839-2aa1ec512b86,512_10_peg,511,36,marmote_vigs,3,2,0.99,0.001,0.28160950005985796,2.492588180302846e-08,2.492588180302844e-06,success,
e72fcaca-ffc0-4ddc-9839-2aa1ec512b86,512_10_peg,511,36,marmote_mpi,1,0,0.99,0.001,0.16723569994792342,4.9248911011545715e-06,0.0004924891101154567,success,
e72fcaca-ffc0-4ddc-9839-2aa1ec512b86,512_10_peg,511,36,marmote_mpi,2,1,0.99,0.001,0.16203730017878115,4.9248911011545715e-06,0.0004924891101154567,success,
e72fcaca-ffc0-4ddc-9839-2aa1ec512b86,512_10_peg,511,36,marmote_mpi,3,2,0.99,0.001,0.16284020012244582,4.9248911011545715e-06,0.0004924891101154567,success,
e72fcaca-ffc0-4ddc-9839-2aa1ec512b86,512_10_peg,511,36,marmote_mpigs,1,0,0.99,0.001,0.15697410004213452,4.924891086943717e-06,0.0004924891086943712,success,
e72fcaca-ffc0-4ddc-9839-2aa1ec512b86,512_10_peg,511,36,marmote_mpigs,2,1,0.99,0.001,0.15981410001404583,4.924891086943717e-06,0.0004924891086943712,success,
e72fcaca-ffc0-4ddc-9839-2aa1ec512b86,512_10_peg,511,36,marmote_mpigs,3,2,0.99,0.001,0.15579699981026351,4.924891086943717e-06,0.0004924891086943712,success,
e72fcaca-ffc0-4ddc-9839-2aa1ec512b86,512_10_peg,511,36,mdpsolver_vi,1,0,0.99,0.001,0.282352700131014,4.936934772103996e-08,4.9369347721039915e-06,success,
e72fcaca-ffc0-4ddc-9839-2aa1ec512b86,512_10_peg,511,36,mdpsolver_vi,2,1,0.99,0.001,0.28792409994639456,4.936934772103996e-08,4.9369347721039915e-06,success,
e72fcaca-ffc0-4ddc-9839-2aa1ec512b86,512_10_peg,511,36,mdpsolver_vi,3,2,0.99,0.001,0.28096570004709065,4.936934772103996e-08,4.9369347721039915e-06,success,
e72fcaca-ffc0-4ddc-9839-2aa1ec512b86,512_10_peg,511,36,mdpsolver_vigs,1,0,0.99,0.001,0.295571600086987,2.4676623411323817e-08,2.4676623411323796e-06,success,
e72fcaca-ffc0-4ddc-9839-2aa1ec512b86,512_10_peg,511,36,mdpsolver_vigs,2,1,0.99,0.001,0.29114679992198944,2.4676623411323817e-08,2.4676623411323796e-06,success,
e72fcaca-ffc0-4ddc-9839-2aa1ec512b86,512_10_peg,511,36,mdpsolver_vigs,3,2,0.99,0.001,0.29790870007127523,2.4676623411323817e-08,2.4676623411323796e-06,success,
e72fcaca-ffc0-4ddc-9839-2aa1ec512b86,512_10_peg,511,36,mdpsolver_visor,1,0,0.99,0.001,0.127305599860847,0.0,0.0,success,
e72fcaca-ffc0-4ddc-9839-2aa1ec512b86,512_10_peg,511,36,mdpsolver_visor,2,1,0.99,0.001,0.13186699990183115,0.0,0.0,success,
e72fcaca-ffc0-4ddc-9839-2aa1ec512b86,512_10_peg,511,36,mdpsolver_visor,3,2,0.99,0.001,0.12798479991033673,0.0,0.0,success,
e72fcaca-ffc0-4ddc-9839-2aa1ec512b86,512_10_peg,511,36,mdpsolver_pi,1,0,0.99,0.001,0.13700880017131567,4.638198973339058e-06,0.0004638198973339054,success,
e72fcaca-ffc0-4ddc-9839-2aa1ec512b86,512_10_peg,511,36,mdpsolver_pi,2,1,0.99,0.001,0.13484559999778867,4.638198973339058e-06,0.0004638198973339054,success,
e72fcaca-ffc0-4ddc-9839-2aa1ec512b86,512_10_peg,511,36,mdpsolver_pi,3,2,0.99,0.001,0.1311665999237448,4.638198973339058e-06,0.0004638198973339054,success,
e72fcaca-ffc0-4ddc-9839-2aa1ec512b86,512_10_peg,511,36,mdpsolver_mpi,1,0,0.99,0.001,0.14085009996779263,9.852993670733667e-06,0.0009852993670733659,success,
e72fcaca-ffc0-4ddc-9839-2aa1ec512b86,512_10_peg,511,36,mdpsolver_mpi,2,1,0.99,0.001,0.13975680014118552,9.852993670733667e-06,0.0009852993670733659,success,
e72fcaca-ffc0-4ddc-9839-2aa1ec512b86,512_10_peg,511,36,mdpsolver_mpi,3,2,0.99,0.001,0.14300709986127913,9.852993670733667e-06,0.0009852993670733659,success,
e72fcaca-ffc0-4ddc-9839-2aa1ec512b86,512_10_peg,511,36,mdpsolver_mpigs,1,0,0.99,0.001,0.12833209987729788,0.0,0.0,success,
e72fcaca-ffc0-4ddc-9839-2aa1ec512b86,512_10_peg,511,36,mdpsolver_mpigs,2,1,0.99,0.001,0.13320209993980825,0.0,0.0,success,
e72fcaca-ffc0-4ddc-9839-2aa1ec512b86,512_10_peg,511,36,mdpsolver_mpigs,3,2,0.99,0.001,0.1323305000551045,0.0,0.0,success,
e72fcaca-ffc0-4ddc-9839-2aa1ec512b86,512_10_peg,511,36,mdpsolver_mpigs_init,1,0,0.99,0.001,0.1304903000127524,0.0,0.0,success,
e72fcaca-ffc0-4ddc-9839-2aa1ec512b86,512_10_peg,511,36,mdpsolver_mpigs_init,2,1,0.99,0.001,0.1277807999867946,0.0,0.0,success,
e72fcaca-ffc0-4ddc-9839-2aa1ec512b86,512_10_peg,511,36,mdpsolver_mpigs_init,3,2,0.99,0.001,0.1306829999666661,0.0,0.0,success,
e72fcaca-ffc0-4ddc-9839-2aa1ec512b86,512_10_peg,511,36,mdpsolver_mpisor,1,0,0.99,0.001,0.12866869987919927,0.0,0.0,success,
e72fcaca-ffc0-4ddc-9839-2aa1ec512b86,512_10_peg,511,36,mdpsolver_mpisor,2,1,0.99,0.001,0.1277751000598073,0.0,0.0,success,
e72fcaca-ffc0-4ddc-9839-2aa1ec512b86,512_10_peg,511,36,mdpsolver_mpisor,3,2,0.99,0.001,0.124092300189659,0.0,0.0,success,
e72fcaca-ffc0-4ddc-9839-2aa1ec512b86,512_10_peg,511,36,mdpsolver_mpisor_init,1,0,0.99,0.001,0.12956949998624623,0.0,0.0,success,
e72fcaca-ffc0-4ddc-9839-2aa1ec512b86,512_10_peg,511,36,mdpsolver_mpisor_init,2,1,0.99,0.001,0.1373622000683099,0.0,0.0,success,
e72fcaca-ffc0-4ddc-9839-2aa1ec512b86,512_10_peg,511,36,mdpsolver_mpisor_init,3,2,0.99,0.001,0.14749749982729554,0.0,0.0,success,
e72fcaca-ffc0-4ddc-9839-2aa1ec512b86,512_3_queue_network_7,512,3,mdptoolbox_vi,1,0,0.99,0.001,0.10452990001067519,4.77475055049581e-08,4.774750550495806e-06,success,
e72fcaca-ffc0-4ddc-9839-2aa1ec512b86,512_3_queue_network_7,512,3,mdptoolbox_vi,2,1,0.99,0.001,0.11682000011205673,4.77475055049581e-08,4.774750550495806e-06,success,
e72fcaca-ffc0-4ddc-9839-2aa1ec512b86,512_3_queue_network_7,512,3,mdptoolbox_vi,3,2,0.99,0.001,0.10426969989202917,4.77475055049581e-08,4.774750550495806e-06,success,
e72fcaca-ffc0-4ddc-9839-2aa1ec512b86,512_3_queue_network_7,512,3,mdptoolbox_vigs,1,0,0.99,0.001,1.3920334000140429,1.3518422292690957e-07,1.3518422292690945e-05,success,
e72fcaca-ffc0-4ddc-9839-2aa1ec512b86,512_3_queue_network_7,512,3,mdptoolbox_vigs,2,1,0.99,0.001,1.644730200059712,1.3518422292690957e-07,1.3518422292690945e-05,success,
e72fcaca-ffc0-4ddc-9839-2aa1ec512b86,512_3_queue_network_7,512,3,mdptoolbox_vigs,3,2,0.99,0.001,1.481841699918732,1.3518422292690957e-07,1.3518422292690945e-05,success,
e72fcaca-ffc0-4ddc-9839-2aa1ec512b86,512_3_queue_network_7,512,3,mdptoolbox_pi,1,0,0.99,0.001,0.12251259991899133,3.410605131648481e-13,3.4106051316484777e-11,success,
e72fcaca-ffc0-4ddc-9839-2aa1ec512b86,512_3_queue_network_7,512,3,mdptoolbox_pi,2,1,0.99,0.001,0.0721499000210315,3.410605131648481e-13,3.4106051316484777e-11,success,
e72fcaca-ffc0-4ddc-9839-2aa1ec512b86,512_3_queue_network_7,512,3,mdptoolbox_pi,3,2,0.99,0.001,0.06639880011789501,3.410605131648481e-13,3.4106051316484777e-11,success,
e72fcaca-ffc0-4ddc-9839-2aa1ec512b86,512_3_queue_network_7,512,3,mdptoolbox_mpi,1,0,0.99,0.001,0.10495750000700355,3.7103883414602024e-06,0.0003710388341460199,success,
e72fcaca-ffc0-4ddc-9839-2aa1ec512b86,512_3_queue_network_7,512,3,mdptoolbox_mpi,2,1,0.99,0.001,0.10553060006350279,3.7103883414602024e-06,0.0003710388341460199,success,
e72fcaca-ffc0-4ddc-9839-2aa1ec512b86,512_3_queue_network_7,512,3,mdptoolbox_mpi,3,2,0.99,0.001,0.10352869983762503,3.7103883414602024e-06,0.0003710388341460199,success,
e72fcaca-ffc0-4ddc-9839-2aa1ec512b86,512_3_queue_network_7,512,3,marmote_vi,1,0,0.99,0.001,0.0681455999147147,2.2737367544323206e-13,2.2737367544323187e-11,success,
e72fcaca-ffc0-4ddc-9839-2aa1ec512b86,512_3_queue_network_7,512,3,marmote_vi,2,1,0.99,0.001,0.07139619998633862,2.2737367544323206e-13,2.2737367544323187e-11,success,
e72fcaca-ffc0-4ddc-9839-2aa1ec512b86,512_3_queue_network_7,512,3,marmote_vi,3,2,0.99,0.001,0.0696847999934107,2.2737367544323206e-13,2.2737367544323187e-11,success,
e72fcaca-ffc0-4ddc-9839-2aa1ec512b86,512_3_queue_network_7,512,3,marmote_vigs,1,0,0.99,0.001,0.06349759991280735,1.7257661966141313e-08,1.7257661966141298e-06,success,
e72fcaca-ffc0-4ddc-9839-2aa1ec512b86,512_3_queue_network_7,512,3,marmote_vigs,2,1,0.99,0.001,0.06052659987471998,1.7257661966141313e-08,1.7257661966141298e-06,success,
e72fcaca-ffc0-4ddc-9839-2aa1ec512b86,512_3_queue_network_7,512,3,marmote_vigs,3,2,0.99,0.001,0.06147209997288883,1.7257661966141313e-08,1.7257661966141298e-06,success,
e72fcaca-ffc0-4ddc-9839-2aa1ec512b86,512_3_queue_network_7,512,3,marmote_mpi,1,0,0.99,0.001,0.0555046999361366,4.872756335316808e-06,0.00048727563353168036,success,
e72fcaca-ffc0-4ddc-9839-2aa1ec512b86,512_3_queue_network_7,512,3,marmote_mpi,2,1,0.99,0.001,0.0563578000292182,4.872756335316808e-06,0.00048727563353168036,success,
e72fcaca-ffc0-4ddc-9839-2aa1ec512b86,512_3_queue_network_7,512,3,marmote_mpi,3,2,0.99,0.001,0.05464620003476739,4.872756335316808e-06,0.00048727563353168036,success,
e72fcaca-ffc0-4ddc-9839-2aa1ec512b86,512_3_queue_network_7,512,3,marmote_mpigs,1,0,0.99,0.001,0.05393900000490248,4.36566017469886e-06,0.0004365660174698856,success,
e72fcaca-ffc0-4ddc-9839-2aa1ec512b86,512_3_queue_network_7,512,3,marmote_mpigs,2,1,0.99,0.001,0.05429799994453788,4.36566017469886e-06,0.0004365660174698856,success,
e72fcaca-ffc0-4ddc-9839-2aa1ec512b86,512_3_queue_network_7,512,3,marmote_mpigs,3,2,0.99,0.001,0.05297309998422861,4.36566017469886e-06,0.0004365660174698856,success,
e72fcaca-ffc0-4ddc-9839-2aa1ec512b86,512_3_queue_network_7,512,3,mdpsolver_vi,1,0,0.99,0.001,0.05937440018169582,4.612934390024748e-08,4.6129343900247435e-06,success,
e72fcaca-ffc0-4ddc-9839-2aa1ec512b86,512_3_queue_network_7,512,3,mdpsolver_vi,2,1,0.99,0.001,0.059496600180864334,4.612934390024748e-08,4.6129343900247435e-06,success,
e72fcaca-ffc0-4ddc-9839-2aa1ec512b86,512_3_queue_network_7,512,3,mdpsolver_vi,3,2,0.99,0.001,0.059540400048717856,4.612934390024748e-08,4.6129343900247435e-06,success,
e72fcaca-ffc0-4ddc-9839-2aa1ec512b86,512_3_queue_network_7,512,3,mdpsolver_vigs,1,0,0.99,0.001,0.07557670003734529,1.6813999081932707e-08,1.6813999081932692e-06,success,
e72fcaca-ffc0-4ddc-9839-2aa1ec512b86,512_3_queue_network_7,512,3,mdpsolver_vigs,2,1,0.99,0.001,0.07850160007365048,1.6813999081932707e-08,1.6813999081932692e-06,success,
e72fcaca-ffc0-4ddc-9839-2aa1ec512b86,512_3_queue_network_7,512,3,mdpsolver_vigs,3,2,0.99,0.001,0.07460299995727837,1.6813999081932707e-08,1.6813999081932692e-06,success,
e72fcaca-ffc0-4ddc-9839-2aa1ec512b86,512_3_queue_network_7,512,3,mdpsolver_visor,1,0,0.99,0.001,0.06313930009491742,nan,nan,error,RuntimeError: VI precision not reached: error bound 53.9028 > 0.001
e72fcaca-ffc0-4ddc-9839-2aa1ec512b86,512_3_queue_network_7,512,3,mdpsolver_visor,2,1,0.99,0.001,0.05990019999444485,nan,nan,error,RuntimeError: VI precision not reached: error bound 53.9028 > 0.001
e72fcaca-ffc0-4ddc-9839-2aa1ec512b86,512_3_queue_network_7,512,3,mdpsolver_visor,3,2,0.99,0.001,0.06247899984009564,nan,nan,error,RuntimeError: VI precision not reached: error bound 53.9028 > 0.001
e72fcaca-ffc0-4ddc-9839-2aa1ec512b86,512_3_queue_network_7,512,3,mdpsolver_pi,1,0,0.99,0.001,0.08296600007452071,8.187938078663137e-07,8.18793807866313e-05,success,
e72fcaca-ffc0-4ddc-9839-2aa1ec512b86,512_3_queue_network_7,512,3,mdpsolver_pi,2,1,0.99,0.001,0.08543239999562502,8.187938078663137e-07,8.18793807866313e-05,success,
e72fcaca-ffc0-4ddc-9839-2aa1ec512b86,512_3_queue_network_7,512,3,mdpsolver_pi,3,2,0.99,0.001,0.08330099983140826,8.187938078663137e-07,8.18793807866313e-05,success,
e72fcaca-ffc0-4ddc-9839-2aa1ec512b86,512_3_queue_network_7,512,3,mdpsolver_mpi,1,0,0.99,0.001,0.05213880003429949,9.307493826327118e-06,0.0009307493826327109,success,
e72fcaca-ffc0-4ddc-9839-2aa1ec512b86,512_3_queue_network_7,512,3,mdpsolver_mpi,2,1,0.99,0.001,0.05142219993285835,9.307493826327118e-06,0.0009307493826327109,success,
e72fcaca-ffc0-4ddc-9839-2aa1ec512b86,512_3_queue_network_7,512,3,mdpsolver_mpi,3,2,0.99,0.001,0.05107869999483228,9.307493826327118e-06,0.0009307493826327109,success,
e72fcaca-ffc0-4ddc-9839-2aa1ec512b86,512_3_queue_network_7,512,3,mdpsolver_mpigs,1,0,0.99,0.001,0.05159839987754822,1.178687170977355e-06,0.00011786871709773539,success,
e72fcaca-ffc0-4ddc-9839-2aa1ec512b86,512_3_queue_network_7,512,3,mdpsolver_mpigs,2,1,0.99,0.001,0.05287209991365671,1.178687170977355e-06,0.00011786871709773539,success,
e72fcaca-ffc0-4ddc-9839-2aa1ec512b86,512_3_queue_network_7,512,3,mdpsolver_mpigs,3,2,0.99,0.001,0.05142569984309375,1.178687170977355e-06,0.00011786871709773539,success,
e72fcaca-ffc0-4ddc-9839-2aa1ec512b86,512_3_queue_network_7,512,3,mdpsolver_mpigs_init,1,0,0.99,0.001,0.054092800011858344,1.1731415838767134e-06,0.00011731415838767123,success,
e72fcaca-ffc0-4ddc-9839-2aa1ec512b86,512_3_queue_network_7,512,3,mdpsolver_mpigs_init,2,1,0.99,0.001,0.05199010018259287,1.1731415838767134e-06,0.00011731415838767123,success,
e72fcaca-ffc0-4ddc-9839-2aa1ec512b86,512_3_queue_network_7,512,3,mdpsolver_mpigs_init,3,2,0.99,0.001,0.053988000145182014,1.1731415838767134e-06,0.00011731415838767123,success,
e72fcaca-ffc0-4ddc-9839-2aa1ec512b86,512_3_queue_network_7,512,3,mdpsolver_mpisor,1,0,0.99,0.001,0.05182149983011186,1.178687170977355e-06,0.00011786871709773539,success,
e72fcaca-ffc0-4ddc-9839-2aa1ec512b86,512_3_queue_network_7,512,3,mdpsolver_mpisor,2,1,0.99,0.001,0.05295089981518686,1.178687170977355e-06,0.00011786871709773539,success,
e72fcaca-ffc0-4ddc-9839-2aa1ec512b86,512_3_queue_network_7,512,3,mdpsolver_mpisor,3,2,0.99,0.001,0.05199260008521378,1.178687170977355e-06,0.00011786871709773539,success,
e72fcaca-ffc0-4ddc-9839-2aa1ec512b86,512_3_queue_network_7,512,3,mdpsolver_mpisor_init,1,0,0.99,0.001,0.05431140004657209,1.1731415838767134e-06,0.00011731415838767123,success,
e72fcaca-ffc0-4ddc-9839-2aa1ec512b86,512_3_queue_network_7,512,3,mdpsolver_mpisor_init,2,1,0.99,0.001,0.05402760021388531,1.1731415838767134e-06,0.00011731415838767123,success,
e72fcaca-ffc0-4ddc-9839-2aa1ec512b86,512_3_queue_network_7,512,3,mdpsolver_mpisor_init,3,2,0.99,0.001,0.05374839995056391,1.1731415838767134e-06,0.00011731415838767123,success,
e72fcaca-ffc0-4ddc-9839-2aa1ec512b86,100_2_random_walk,100,2,mdptoolbox_vi,1,0,0.99,0.001,0.013949600048363209,4.39875861291128e-08,4.398758612911276e-06,success,
e72fcaca-ffc0-4ddc-9839-2aa1ec512b86,100_2_random_walk,100,2,mdptoolbox_vi,2,1,0.99,0.001,0.013490599812939763,4.39875861291128e-08,4.398758612911276e-06,success,
e72fcaca-ffc0-4ddc-9839-2aa1ec512b86,100_2_random_walk,100,2,mdptoolbox_vi,3,2,0.99,0.001,0.01410929998382926,4.39875861291128e-08,4.398758612911276e-06,success,
e72fcaca-ffc0-4ddc-9839-2aa1ec512b86,100_2_random_walk,100,2,mdptoolbox_vigs,1,0,0.99,0.001,0.031024100026115775,2.4915073337794524e-08,2.4915073337794503e-06,success,
e72fcaca-ffc0-4ddc-9839-2aa1ec512b86,100_2_random_walk,100,2,mdptoolbox_vigs,2,1,0.99,0.001,0.029087399831041694,2.4915073337794524e-08,2.4915073337794503e-06,success,
e72fcaca-ffc0-4ddc-9839-2aa1ec512b86,100_2_random_walk,100,2,mdptoolbox_vigs,3,2,0.99,0.001,0.029462400125339627,2.4915073337794524e-08,2.4915073337794503e-06,success,
e72fcaca-ffc0-4ddc-9839-2aa1ec512b86,100_2_random_walk,100,2,mdptoolbox_pi,1,0,0.99,0.001,0.0037205000407993793,1.1102230246251565e-16,1.1102230246251556e-14,success,
e72fcaca-ffc0-4ddc-9839-2aa1ec512b86,100_2_random_walk,100,2,mdptoolbox_pi,2,1,0.99,0.001,0.003365699900314212,1.1102230246251565e-16,1.1102230246251556e-14,success,
e72fcaca-ffc0-4ddc-9839-2aa1ec512b86,100_2_random_walk,100,2,mdptoolbox_pi,3,2,0.99,0.001,0.004398399963974953,1.1102230246251565e-16,1.1102230246251556e-14,success,
e72fcaca-ffc0-4ddc-9839-2aa1ec512b86,100_2_random_walk,100,2,mdptoolbox_mpi,1,0,0.99,0.001,0.00591910001821816,2.247500489743759e-06,0.0002247500489743757,success,
e72fcaca-ffc0-4ddc-9839-2aa1ec512b86,100_2_random_walk,100,2,mdptoolbox_mpi,2,1,0.99,0.001,0.005854599876329303,2.247500489743759e-06,0.0002247500489743757,success,
e72fcaca-ffc0-4ddc-9839-2aa1ec512b86,100_2_random_walk,100,2,mdptoolbox_mpi,3,2,0.99,0.001,0.005827700020745397,2.247500489743759e-06,0.0002247500489743757,success,
e72fcaca-ffc0-4ddc-9839-2aa1ec512b86,100_2_random_walk,100,2,marmote_vi,1,0,0.99,0.001,0.0035387000534683466,2.2446864811342948e-08,2.2446864811342927e-06,success,
e72fcaca-ffc0-4ddc-9839-2aa1ec512b86,100_2_random_walk,100,2,marmote_vi,2,1,0.99,0.001,0.003627600148320198,2.2446864811342948e-08,2.2446864811342927e-06,success,
e72fcaca-ffc0-4ddc-9839-2aa1ec512b86,100_2_random_walk,100,2,marmote_vi,3,2,0.99,0.001,0.003560400102287531,2.2446864811342948e-08,2.2446864811342927e-06,success,
e72fcaca-ffc0-4ddc-9839-2aa1ec512b86,100_2_random_walk,100,2,marmote_vigs,1,0,0.99,0.001,0.003515399992465973,1.7777917027395063e-08,1.7777917027395048e-06,success,
e72fcaca-ffc0-4ddc-9839-2aa1ec512b86,100_2_random_walk,100,2,marmote_vigs,2,1,0.99,0.001,0.0037463000044226646,1.7777917027395063e-08,1.7777917027395048e-06,success,
e72fcaca-ffc0-4ddc-9839-2aa1ec512b86,100_2_random_walk,100,2,marmote_vigs,3,2,0.99,0.001,0.0035091000609099865,1.7777917027395063e-08,1.7777917027395048e-06,success,
e72fcaca-ffc0-4ddc-9839-2aa1ec512b86,100_2_random_walk,100,2,marmote_mpi,1,0,0.99,0.001,0.0037726000882685184,4.914873411032694e-06,0.000491487341103269,success,
e72fcaca-ffc0-4ddc-9839-2aa1ec512b86,100_2_random_walk,100,2,marmote_mpi,2,1,0.99,0.001,0.003771600080654025,4.914873411032694e-06,0.000491487341103269,success,
e72fcaca-ffc0-4ddc-9839-2aa1ec512b86,100_2_random_walk,100,2,marmote_mpi,3,2,0.99,0.001,0.0038028000853955746,4.914873411032694e-06,0.000491487341103269,success,
e72fcaca-ffc0-4ddc-9839-2aa1ec512b86,100_2_random_walk,100,2,marmote_mpigs,1,0,0.99,0.001,0.004242100054398179,4.768896755571268e-06,0.0004768896755571264,success,
e72fcaca-ffc0-4ddc-9839-2aa1ec512b86,100_2_random_walk,100,2,marmote_mpigs,2,1,0.99,0.001,0.00379569991491735,4.768896755571268e-06,0.0004768896755571264,success,
e72fcaca-ffc0-4ddc-9839-2aa1ec512b86,100_2_random_walk,100,2,marmote_mpigs,3,2,0.99,0.001,0.0037969001568853855,4.768896755571268e-06,0.0004768896755571264,success,
e72fcaca-ffc0-4ddc-9839-2aa1ec512b86,100_2_random_walk,100,2,mdpsolver_vi,1,0,0.99,0.001,0.0034938999451696873,3.483816868321554e-08,3.4838168683215513e-06,success,
e72fcaca-ffc0-4ddc-9839-2aa1ec512b86,100_2_random_walk,100,2,mdpsolver_vi,2,1,0.99,0.001,0.003674499923363328,3.483816868321554e-08,3.4838168683215513e-06,success,
e72fcaca-ffc0-4ddc-9839-2aa1ec512b86,100_2_random_walk,100,2,mdpsolver_vi,3,2,0.99,0.001,0.0036082000005990267,3.483816868321554e-08,3.4838168683215513e-06,success,
e72fcaca-ffc0-4ddc-9839-2aa1ec512b86,100_2_random_walk,100,2,mdpsolver_vigs,1,0,0.99,0.001,0.00563589995726943,1.0231422960562232e-08,1.0231422960562223e-06,success,
e72fcaca-ffc0-4ddc-9839-2aa1ec512b86,100_2_random_walk,100,2,mdpsolver_vigs,2,1,0.99,0.001,0.005617300048470497,1.0231422960562232e-08,1.0231422960562223e-06,success,
e72fcaca-ffc0-4ddc-9839-2aa1ec512b86,100_2_random_walk,100,2,mdpsolver_vigs,3,2,0.99,0.001,0.005596699891611934,1.0231422960562232e-08,1.0231422960562223e-06,success,
e72fcaca-ffc0-4ddc-9839-2aa1ec512b86,100_2_random_walk,100,2,mdpsolver_visor,1,0,0.99,0.001,0.0037585000973194838,nan,nan,error,RuntimeError: VI precision not reached: error bound 52.004 > 0.001
e72fcaca-ffc0-4ddc-9839-2aa1ec512b86,100_2_random_walk,100,2,mdpsolver_visor,2,1,0.99,0.001,0.0035932001192122698,nan,nan,error,RuntimeError: VI precision not reached: error bound 52.004 > 0.001
e72fcaca-ffc0-4ddc-9839-2aa1ec512b86,100_2_random_walk,100,2,mdpsolver_visor,3,2,0.99,0.001,0.003464899957180023,nan,nan,error,RuntimeError: VI precision not reached: error bound 52.004 > 0.001
e72fcaca-ffc0-4ddc-9839-2aa1ec512b86,100_2_random_walk,100,2,mdpsolver_pi,1,0,0.99,0.001,0.0034712001215666533,3.5085190261963106e-06,0.00035085190261963074,success,
e72fcaca-ffc0-4ddc-9839-2aa1ec512b86,100_2_random_walk,100,2,mdpsolver_pi,2,1,0.99,0.001,0.003537100041285157,3.5085190261963106e-06,0.00035085190261963074,success,
e72fcaca-ffc0-4ddc-9839-2aa1ec512b86,100_2_random_walk,100,2,mdpsolver_pi,3,2,0.99,0.001,0.0034599001519382,3.5085190261963106e-06,0.00035085190261963074,success,
e72fcaca-ffc0-4ddc-9839-2aa1ec512b86,100_2_random_walk,100,2,mdpsolver_mpi,1,0,0.99,0.001,0.003210300114005804,6.030895645894874e-06,0.0006030895645894868,success,
e72fcaca-ffc0-4ddc-9839-2aa1ec512b86,100_2_random_walk,100,2,mdpsolver_mpi,2,1,0.99,0.001,0.003424599999561906,6.030895645894874e-06,0.0006030895645894868,success,
e72fcaca-ffc0-4ddc-9839-2aa1ec512b86,100_2_random_walk,100,2,mdpsolver_mpi,3,2,0.99,0.001,0.003228900022804737,6.030895645894874e-06,0.0006030895645894868,success,
e72fcaca-ffc0-4ddc-9839-2aa1ec512b86,100_2_random_walk,100,2,mdpsolver_mpigs,1,0,0.99,0.001,0.0033028998877853155,2.3805431029755297e-06,0.00023805431029755276,success,
e72fcaca-ffc0-4ddc-9839-2aa1ec512b86,100_2_random_walk,100,2,mdpsolver_mpigs,2,1,0.99,0.001,0.0032161001581698656,2.3805431029755297e-06,0.00023805431029755276,success,
e72fcaca-ffc0-4ddc-9839-2aa1ec512b86,100_2_random_walk,100,2,mdpsolver_mpigs,3,2,0.99,0.001,0.003240399993956089,2.3805431029755297e-06,0.00023805431029755276,success,
e72fcaca-ffc0-4ddc-9839-2aa1ec512b86,100_2_random_walk,100,2,mdpsolver_mpigs_init,1,0,0.99,0.001,0.0032857998739928007,2.571953721053344e-06,0.00025719537210533417,success,
e72fcaca-ffc0-4ddc-9839-2aa1ec512b86,100_2_random_walk,100,2,mdpsolver_mpigs_init,2,1,0.99,0.001,0.0037064000498503447,2.571953721053344e-06,0.00025719537210533417,success,
e72fcaca-ffc0-4ddc-9839-2aa1ec512b86,100_2_random_walk,100,2,mdpsolver_mpigs_init,3,2,0.99,0.001,0.003875599941238761,2.571953721053344e-06,0.00025719537210533417,success,
e72fcaca-ffc0-4ddc-9839-2aa1ec512b86,100_2_random_walk,100,2,mdpsolver_mpisor,1,0,0.99,0.001,0.003597700037062168,2.3805431029755297e-06,0.00023805431029755276,success,
e72fcaca-ffc0-4ddc-9839-2aa1ec512b86,100_2_random_walk,100,2,mdpsolver_mpisor,2,1,0.99,0.001,0.0033032000064849854,2.3805431029755297e-06,0.00023805431029755276,success,
e72fcaca-ffc0-4ddc-9839-2aa1ec512b86,100_2_random_walk,100,2,mdpsolver_mpisor,3,2,0.99,0.001,0.0032963999547064304,2.3805431029755297e-06,0.00023805431029755276,success,
e72fcaca-ffc0-4ddc-9839-2aa1ec512b86,100_2_random_walk,100,2,mdpsolver_mpisor_init,1,0,0.99,0.001,0.003799799829721451,2.571953721053344e-06,0.00025719537210533417,success,
e72fcaca-ffc0-4ddc-9839-2aa1ec512b86,100_2_random_walk,100,2,mdpsolver_mpisor_init,2,1,0.99,0.001,0.0033081001602113247,2.571953721053344e-06,0.00025719537210533417,success,
e72fcaca-ffc0-4ddc-9839-2aa1ec512b86,100_2_random_walk,100,2,mdpsolver_mpisor_init,3,2,0.99,0.001,0.0036247000098228455,2.571953721053344e-06,0.00025719537210533417,success,
e72fcaca-ffc0-4ddc-9839-2aa1ec512b86,100_10_replacement,100,10,mdptoolbox_vi,1,0,0.99,0.001,0.07091149990446866,4.781213647220284e-08,4.7812136472202795e-06,success,
e72fcaca-ffc0-4ddc-9839-2aa1ec512b86,100_10_replacement,100,10,mdptoolbox_vi,2,1,0.99,0.001,0.07106180000118911,4.781213647220284e-08,4.7812136472202795e-06,success,
e72fcaca-ffc0-4ddc-9839-2aa1ec512b86,100_10_replacement,100,10,mdptoolbox_vi,3,2,0.99,0.001,0.0717368999030441,4.781213647220284e-08,4.7812136472202795e-06,success,
e72fcaca-ffc0-4ddc-9839-2aa1ec512b86,100_10_replacement,100,10,mdptoolbox_vigs,1,0,0.99,0.001,1.5888591001275927,3.9340011426247656e-07,3.934001142624762e-05,success,
e72fcaca-ffc0-4ddc-9839-2aa1ec512b86,100_10_replacement,100,10,mdptoolbox_vigs,2,1,0.99,0.001,1.775259500136599,3.9340011426247656e-07,3.934001142624762e-05,success,
e72fcaca-ffc0-4ddc-9839-2aa1ec512b86,100_10_replacement,100,10,mdptoolbox_vigs,3,2,0.99,0.001,1.592737799976021,3.9340011426247656e-07,3.934001142624762e-05,success,
e72fcaca-ffc0-4ddc-9839-2aa1ec512b86,100_10_replacement,100,10,mdptoolbox_pi,1,0,0.99,0.001,0.011991800041869283,1.0913936421275139e-11,1.0913936421275129e-09,success,
e72fcaca-ffc0-4ddc-9839-2aa1ec512b86,100_10_replacement,100,10,mdptoolbox_pi,2,1,0.99,0.001,0.012160399928689003,1.0913936421275139e-11,1.0913936421275129e-09,success,
e72fcaca-ffc0-4ddc-9839-2aa1ec512b86,100_10_replacement,100,10,mdptoolbox_pi,3,2,0.99,0.001,0.01577790011651814,1.0913936421275139e-11,1.0913936421275129e-09,success,
e72fcaca-ffc0-4ddc-9839-2aa1ec512b86,100_10_replacement,100,10,mdptoolbox_mpi,1,0,0.99,0.001,0.017535499995574355,3.71369969798252e-06,0.00037136996979825166,success,
e72fcaca-ffc0-4ddc-9839-2aa1ec512b86,100_10_replacement,100,10,mdptoolbox_mpi,2,1,0.99,0.001,0.019552299985662103,3.71369969798252e-06,0.00037136996979825166,success,
e72fcaca-ffc0-4ddc-9839-2aa1ec512b86,100_10_replacement,100,10,mdptoolbox_mpi,3,2,0.99,0.001,0.021592600038275123,3.71369969798252e-06,0.00037136996979825166,success,
e72fcaca-ffc0-4ddc-9839-2aa1ec512b86,100_10_replacement,100,10,marmote_vi,1,0,0.99,0.001,0.034371000016108155,1.4551915228366852e-11,1.455191522836684e-09,success,
e72fcaca-ffc0-4ddc-9839-2aa1ec512b86,100_10_replacement,100,10,marmote_vi,2,1,0.99,0.001,0.025992699898779392,1.4551915228366852e-11,1.455191522836684e-09,success,
e72fcaca-ffc0-4ddc-9839-2aa1ec512b86,100_10_replacement,100,10,marmote_vi,3,2,0.99,0.001,0.030857800040394068,1.4551915228366852e-11,1.455191522836684e-09,success,
e72fcaca-ffc0-4ddc-9839-2aa1ec512b86,100_10_replacement,100,10,marmote_vigs,1,0,0.99,0.001,0.028933900175616145,2.2733729565516114e-08,2.2733729565516093e-06,success,
e72fcaca-ffc0-4ddc-9839-2aa1ec512b86,100_10_replacement,100,10,marmote_vigs,2,1,0.99,0.001,0.027754399925470352,2.2733729565516114e-08,2.2733729565516093e-06,success,
e72fcaca-ffc0-4ddc-9839-2aa1ec512b86,100_10_replacement,100,10,marmote_vigs,3,2,0.99,0.001,0.029478099895641208,2.2733729565516114e-08,2.2733729565516093e-06,success,
e72fcaca-ffc0-4ddc-9839-2aa1ec512b86,100_10_replacement,100,10,marmote_mpi,1,0,0.99,0.001,0.02143600000999868,4.9122609198093414e-06,0.0004912260919809337,success,
e72fcaca-ffc0-4ddc-9839-2aa1ec512b86,100_10_replacement,100,10,marmote_mpi,2,1,0.99,0.001,0.018099599983543158,4.9122609198093414e-06,0.0004912260919809337,success,
e72fcaca-ffc0-4ddc-9839-2aa1ec512b86,100_10_replacement,100,10,marmote_mpi,3,2,0.99,0.001,0.01948340004310012,4.9122609198093414e-06,0.0004912260919809337,success,
e72fcaca-ffc0-4ddc-9839-2aa1ec512b86,100_10_replacement,100,10,marmote_mpigs,1,0,0.99,0.001,0.017571500036865473,4.8329311539418995e-06,0.0004832931153941895,success,
e72fcaca-ffc0-4ddc-9839-2aa1ec512b86,100_10_replacement,100,10,marmote_mpigs,2,1,0.99,0.001,0.01886700000613928,4.8329311539418995e-06,0.0004832931153941895,success,
e72fcaca-ffc0-4ddc-9839-2aa1ec512b86,100_10_replacement,100,10,marmote_mpigs,3,2,0.99,0.001,0.020872100023552775,4.8329311539418995e-06,0.0004832931153941895,success,
e72fcaca-ffc0-4ddc-9839-2aa1ec512b86,100_10_replacement,100,10,mdpsolver_vi,1,0,0.99,0.001,0.02598229981958866,4.397770680952817e-08,4.397770680952813e-06,success,
e72fcaca-ffc0-4ddc-9839-2aa1ec512b86,100_10_replacement,100,10,mdpsolver_vi,2,1,0.99,0.001,0.0196771000046283,4.397770680952817e-08,4.397770680952813e-06,success,
e72fcaca-ffc0-4ddc-9839-2aa1ec512b86,100_10_replacement,100,10,mdpsolver_vi,3,2,0.99,0.001,0.01936670020222664,4.397770680952817e-08,4.397770680952813e-06,success,
e72fcaca-ffc0-4ddc-9839-2aa1ec512b86,100_10_replacement,100,10,mdpsolver_vigs,1,0,0.99,0.001,0.0317996998783201,2.255183062516153e-08,2.2551830625161507e-06,success,
e72fcaca-ffc0-4ddc-9839-2aa1ec512b86,100_10_replacement,100,10,mdpsolver_vigs,2,1,0.99,0.001,0.04104489996097982,2.255183062516153e-08,2.2551830625161507e-06,success,
e72fcaca-ffc0-4ddc-9839-2aa1ec512b86,100_10_replacement,100,10,mdpsolver_vigs,3,2,0.99,0.001,0.027161199832335114,2.255183062516153e-08,2.2551830625161507e-06,success,
e72fcaca-ffc0-4ddc-9839-2aa1ec512b86,100_10_replacement,100,10,mdpsolver_visor,1,0,0.99,0.001,0.0201169999781996,nan,nan,error,RuntimeError: VI precision not reached: error bound 1.13149e+06 > 0.001
e72fcaca-ffc0-4ddc-9839-2aa1ec512b86,100_10_replacement,100,10,mdpsolver_visor,2,1,0.99,0.001,0.017449599923565984,nan,nan,error,RuntimeError: VI precision not reached: error bound 1.13149e+06 > 0.001
e72fcaca-ffc0-4ddc-9839-2aa1ec512b86,100_10_replacement,100,10,mdpsolver_visor,3,2,0.99,0.001,0.02400500001385808,nan,nan,error,RuntimeError: VI precision not reached: error bound 1.13149e+06 > 0.001
e72fcaca-ffc0-4ddc-9839-2aa1ec512b86,100_10_replacement,100,10,mdpsolver_pi,1,0,0.99,0.001,0.017283600056543946,4.551948222797364e-06,0.000455194822279736,success,
e72fcaca-ffc0-4ddc-9839-2aa1ec512b86,100_10_replacement,100,10,mdpsolver_pi,2,1,0.99,0.001,0.01923989993520081,4.551948222797364e-06,0.000455194822279736,success,
e72fcaca-ffc0-4ddc-9839-2aa1ec512b86,100_10_replacement,100,10,mdpsolver_pi,3,2,0.99,0.001,0.015677399933338165,4.551948222797364e-06,0.000455194822279736,success,
e72fcaca-ffc0-4ddc-9839-2aa1ec512b86,100_10_replacement,100,10,mdpsolver_mpi,1,0,0.99,0.001,0.014407600043341517,9.104258424486034e-06,0.0009104258424486026,success,
e72fcaca-ffc0-4ddc-9839-2aa1ec512b86,100_10_replacement,100,10,mdpsolver_mpi,2,1,0.99,0.001,0.016821600031107664,9.104258424486034e-06,0.0009104258424486026,success,
e72fcaca-ffc0-4ddc-9839-2aa1ec512b86,100_10_replacement,100,10,mdpsolver_mpi,3,2,0.99,0.001,0.01420280011370778,9.104258424486034e-06,0.0009104258424486026,success,
e72fcaca-ffc0-4ddc-9839-2aa1ec512b86,100_10_replacement,100,10,mdpsolver_mpigs,1,0,0.99,0.001,0.01567270001396537,4.0533359424443915e-06,0.0004053335942444388,success,
e72fcaca-ffc0-4ddc-9839-2aa1ec512b86,100_10_replacement,100,10,mdpsolver_mpigs,2,1,0.99,0.001,0.018240799894556403,4.0533359424443915e-06,0.0004053335942444388,success,
e72fcaca-ffc0-4ddc-9839-2aa1ec512b86,100_10_replacement,100,10,mdpsolver_mpigs,3,2,0.99,0.001,0.013265599962323904,4.0533359424443915e-06,0.0004053335942444388,success,
e72fcaca-ffc0-4ddc-9839-2aa1ec512b86,100_10_replacement,100,10,mdpsolver_mpigs_init,1,0,0.99,0.001,0.0173998000100255,4.071835064678453e-06,0.0004071835064678449,success,
e72fcaca-ffc0-4ddc-9839-2aa1ec512b86,100_10_replacement,100,10,mdpsolver_mpigs_init,2,1,0.99,0.001,0.013809700030833483,4.071835064678453e-06,0.0004071835064678449,success,
e72fcaca-ffc0-4ddc-9839-2aa1ec512b86,100_10_replacement,100,10,mdpsolver_mpigs_init,3,2,0.99,0.001,0.013779400149360299,4.071835064678453e-06,0.0004071835064678449,success,
e72fcaca-ffc0-4ddc-9839-2aa1ec512b86,100_10_replacement,100,10,mdpsolver_mpisor,1,0,0.99,0.001,0.01788150006905198,4.0533359424443915e-06,0.0004053335942444388,success,
e72fcaca-ffc0-4ddc-9839-2aa1ec512b86,100_10_replacement,100,10,mdpsolver_mpisor,2,1,0.99,0.001,0.015587100060656667,4.0533359424443915e-06,0.0004053335942444388,success,
e72fcaca-ffc0-4ddc-9839-2aa1ec512b86,100_10_replacement,100,10,mdpsolver_mpisor,3,2,0.99,0.001,0.014491100097075105,4.0533359424443915e-06,0.0004053335942444388,success,
e72fcaca-ffc0-4ddc-9839-2aa1ec512b86,100_10_replacement,100,10,mdpsolver_mpisor_init,1,0,0.99,0.001,0.01751290005631745,4.071835064678453e-06,0.0004071835064678449,success,
e72fcaca-ffc0-4ddc-9839-2aa1ec512b86,100_10_replacement,100,10,mdpsolver_mpisor_init,2,1,0.99,0.001,0.015386999817565084,4.071835064678453e-06,0.0004071835064678449,success,
e72fcaca-ffc0-4ddc-9839-2aa1ec512b86,100_10_replacement,100,10,mdpsolver_mpisor_init,3,2,0.99,0.001,0.02126229996792972,4.071835064678453e-06,0.0004071835064678449,success,
e72fcaca-ffc0-4ddc-9839-2aa1ec512b86,100_4_rooms,100,4,mdptoolbox_vi,1,0,0.99,0.001,0.02904399996623397,5.881076958758058e-09,5.881076958758053e-07,success,
e72fcaca-ffc0-4ddc-9839-2aa1ec512b86,100_4_rooms,100,4,mdptoolbox_vi,2,1,0.99,0.001,0.029403600143268704,5.881076958758058e-09,5.881076958758053e-07,success,
e72fcaca-ffc0-4ddc-9839-2aa1ec512b86,100_4_rooms,100,4,mdptoolbox_vi,3,2,0.99,0.001,0.024358300026506186,5.881076958758058e-09,5.881076958758053e-07,success,
e72fcaca-ffc0-4ddc-9839-2aa1ec512b86,100_4_rooms,100,4,mdptoolbox_vigs,1,0,0.99,0.001,0.013965599937364459,1.1335838934201092e-09,1.1335838934201082e-07,success,
e72fcaca-ffc0-4ddc-9839-2aa1ec512b86,100_4_rooms,100,4,mdptoolbox_vigs,2,1,0.99,0.001,0.013086499879136682,1.1335838934201092e-09,1.1335838934201082e-07,success,
e72fcaca-ffc0-4ddc-9839-2aa1ec512b86,100_4_rooms,100,4,mdptoolbox_vigs,3,2,0.99,0.001,0.013027900131419301,1.1335838934201092e-09,1.1335838934201082e-07,success,
e72fcaca-ffc0-4ddc-9839-2aa1ec512b86,100_4_rooms,100,4,mdptoolbox_pi,1,0,0.99,0.001,0.012197900097817183,5.329070518200751e-15,5.329070518200746e-13,success,
e72fcaca-ffc0-4ddc-9839-2aa1ec512b86,100_4_rooms,100,4,mdptoolbox_pi,2,1,0.99,0.001,0.009857599856331944,5.329070518200751e-15,5.329070518200746e-13,success,
e72fcaca-ffc0-4ddc-9839-2aa1ec512b86,100_4_rooms,100,4,mdptoolbox_pi,3,2,0.99,0.001,0.009946599835529923,5.329070518200751e-15,5.329070518200746e-13,success,
e72fcaca-ffc0-4ddc-9839-2aa1ec512b86,100_4_rooms,100,4,mdptoolbox_mpi,1,0,0.99,0.001,0.006868300028145313,7.299111537406588e-08,7.299111537406582e-06,success,
e72fcaca-ffc0-4ddc-9839-2aa1ec512b86,100_4_rooms,100,4,mdptoolbox_mpi,2,1,0.99,0.001,0.006742500001564622,7.299111537406588e-08,7.299111537406582e-06,success,
e72fcaca-ffc0-4ddc-9839-2aa1ec512b86,100_4_rooms,100,4,mdptoolbox_mpi,3,2,0.99,0.001,0.005859999917447567,7.299111537406588e-08,7.299111537406582e-06,success,
e72fcaca-ffc0-4ddc-9839-2aa1ec512b86,100_4_rooms,100,4,marmote_vi,1,0,0.99,0.001,0.009983700001612306,5.881076958758058e-09,5.881076958758053e-07,success,
e72fcaca-ffc0-4ddc-9839-2aa1ec512b86,100_4_rooms,100,4,marmote_vi,2,1,0.99,0.001,0.008777800016105175,5.881076958758058e-09,5.881076958758053e-07,success,
e72fcaca-ffc0-4ddc-9839-2aa1ec512b86,100_4_rooms,100,4,marmote_vi,3,2,0.99,0.001,0.006833799881860614,5.881076958758058e-09,5.881076958758053e-07,success,
e72fcaca-ffc0-4ddc-9839-2aa1ec512b86,100_4_rooms,100,4,marmote_vigs,1,0,0.99,0.001,0.006590500008314848,1.1335838934201092e-09,1.1335838934201082e-07,success,
e72fcaca-ffc0-4ddc-9839-2aa1ec512b86,100_4_rooms,100,4,marmote_vigs,2,1,0.99,0.001,0.006322799948975444,1.1335838934201092e-09,1.1335838934201082e-07,success,
e72fcaca-ffc0-4ddc-9839-2aa1ec512b86,100_4_rooms,100,4,marmote_vigs,3,2,0.99,0.001,0.0073043000884354115,1.1335838934201092e-09,1.1335838934201082e-07,success,
e72fcaca-ffc0-4ddc-9839-2aa1ec512b86,100_4_rooms,100,4,marmote_mpi,1,0,0.99,0.001,0.006699600024148822,4.924891088720074e-06,0.0004924891088720069,success,
e72fcaca-ffc0-4ddc-9839-2aa1ec512b86,100_4_rooms,100,4,marmote_mpi,2,1,0.99,0.001,0.010949800023809075,4.924891088720074e-06,0.0004924891088720069,success,
e72fcaca-ffc0-4ddc-9839-2aa1ec512b86,100_4_rooms,100,4,marmote_mpi,3,2,0.99,0.001,0.00871940003708005,4.924891088720074e-06,0.0004924891088720069,success,
e72fcaca-ffc0-4ddc-9839-2aa1ec512b86,100_4_rooms,100,4,marmote_mpigs,1,0,0.99,0.001,0.007352899992838502,4.778616897294086e-06,0.00047786168972940813,success,
e72fcaca-ffc0-4ddc-9839-2aa1ec512b86,100_4_rooms,100,4,marmote_mpigs,2,1,0.99,0.001,0.007156499894335866,4.778616897294086e-06,0.00047786168972940813,success,
e72fcaca-ffc0-4ddc-9839-2aa1ec512b86,100_4_rooms,100,4,marmote_mpigs,3,2,0.99,0.001,0.007481799926608801,4.778616897294086e-06,0.00047786168972940813,success,
e72fcaca-ffc0-4ddc-9839-2aa1ec512b86,100_4_rooms,100,4,mdpsolver_vi,1,0,0.99,0.001,0.007517999969422817,1.8511077115590524e-09,1.8511077115590508e-07,success,
e72fcaca-ffc0-4ddc-9839-2aa1ec512b86,100_4_rooms,100,4,mdpsolver_vi,2,1,0.99,0.001,0.005621599964797497,1.8511077115590524e-09,1.8511077115590508e-07,success,
e72fcaca-ffc0-4ddc-9839-2aa1ec512b86,100_4_rooms,100,4,mdpsolver_vi,3,2,0.99,0.001,0.009102999931201339,1.8511077115590524e-09,1.8511077115590508e-07,success,
e72fcaca-ffc0-4ddc-9839-2aa1ec512b86,100_4_rooms,100,4,mdpsolver_vigs,1,0,0.99,0.001,0.014374200021848083,2.0474404172077243e-08,2.0474404172077226e-06,success,
e72fcaca-ffc0-4ddc-9839-2aa1ec512b86,100_4_rooms,100,4,mdpsolver_vigs,2,1,0.99,0.001,0.012171000009402633,2.0474404172077243e-08,2.0474404172077226e-06,success,
e72fcaca-ffc0-4ddc-9839-2aa1ec512b86,100_4_rooms,100,4,mdpsolver_vigs,3,2,0.99,0.001,0.01182660018093884,2.0474404172077243e-08,2.0474404172077226e-06,success,
e72fcaca-ffc0-4ddc-9839-2aa1ec512b86,100_4_rooms,100,4,mdpsolver_visor,1,0,0.99,0.001,0.0068777999840676785,1.7763568394002505e-15,1.776356839400249e-13,success,
e72fcaca-ffc0-4ddc-9839-2aa1ec512b86,100_4_rooms,100,4,mdpsolver_visor,2,1,0.99,0.001,0.0064842000138014555,1.7763568394002505e-15,1.776356839400249e-13,success,
e72fcaca-ffc0-4ddc-9839-2aa1ec512b86,100_4_rooms,100,4,mdpsolver_visor,3,2,0.99,0.001,0.007667100057005882,1.7763568394002505e-15,1.776356839400249e-13,success,
e72fcaca-ffc0-4ddc-9839-2aa1ec512b86,100_4_rooms,100,4,mdpsolver_pi,1,0,0.99,0.001,0.007090399973094463,1.547968153658985e-08,1.5479681536589838e-06,success,
e72fcaca-ffc0-4ddc-9839-2aa1ec512b86,100_4_rooms,100,4,mdpsolver_pi,2,1,0.99,0.001,0.007750200107693672,1.547968153658985e-08,1.5479681536589838e-06,success,
e72fcaca-ffc0-4ddc-9839-2aa1ec512b86,100_4_rooms,100,4,mdpsolver_pi,3,2,0.99,0.001,0.006462200079113245,1.547968153658985e-08,1.5479681536589838e-06,success,
e72fcaca-ffc0-4ddc-9839-2aa1ec512b86,100_4_rooms,100,4,mdpsolver_mpi,1,0,0.99,0.001,0.005940600065514445,1.459822183136339e-07,1.4598221831363376e-05,success,
e72fcaca-ffc0-4ddc-9839-2aa1ec512b86,100_4_rooms,100,4,mdpsolver_mpi,2,1,0.99,0.001,0.005373199936002493,1.459822183136339e-07,1.4598221831363376e-05,success,
e72fcaca-ffc0-4ddc-9839-2aa1ec512b86,100_4_rooms,100,4,mdpsolver_mpi,3,2,0.99,0.001,0.005629500141367316,1.459822183136339e-07,1.4598221831363376e-05,success,
e72fcaca-ffc0-4ddc-9839-2aa1ec512b86,100_4_rooms,100,4,mdpsolver_mpigs,1,0,0.99,0.001,0.005458500003442168,1.7763568394002505e-15,1.776356839400249e-13,success,
e72fcaca-ffc0-4ddc-9839-2aa1ec512b86,100_4_rooms,100,4,mdpsolver_mpigs,2,1,0.99,0.001,0.00535760005004704,1.7763568394002505e-15,1.776356839400249e-13,success,
e72fcaca-ffc0-4ddc-9839-2aa1ec512b86,100_4_rooms,100,4,mdpsolver_mpigs,3,2,0.99,0.001,0.005231400020420551,1.7763568394002505e-15,1.776356839400249e-13,success,
e72fcaca-ffc0-4ddc-9839-2aa1ec512b86,100_4_rooms,100,4,mdpsolver_mpigs_init,1,0,0.99,0.001,0.005390999838709831,1.7763568394002505e-15,1.776356839400249e-13,success,
e72fcaca-ffc0-4ddc-9839-2aa1ec512b86,100_4_rooms,100,4,mdpsolver_mpigs_init,2,1,0.99,0.001,0.00544370012357831,1.7763568394002505e-15,1.776356839400249e-13,success,
e72fcaca-ffc0-4ddc-9839-2aa1ec512b86,100_4_rooms,100,4,mdpsolver_mpigs_init,3,2,0.99,0.001,0.005738000152632594,1.7763568394002505e-15,1.776356839400249e-13,success,
e72fcaca-ffc0-4ddc-9839-2aa1ec512b86,100_4_rooms,100,4,mdpsolver_mpisor,1,0,0.99,0.001,0.0053171999752521515,1.7763568394002505e-15,1.776356839400249e-13,success,
e72fcaca-ffc0-4ddc-9839-2aa1ec512b86,100_4_rooms,100,4,mdpsolver_mpisor,2,1,0.99,0.001,0.005189799936488271,1.7763568394002505e-15,1.776356839400249e-13,success,
e72fcaca-ffc0-4ddc-9839-2aa1ec512b86,100_4_rooms,100,4,mdpsolver_mpisor,3,2,0.99,0.001,0.005332400090992451,1.7763568394002505e-15,1.776356839400249e-13,success,
e72fcaca-ffc0-4ddc-9839-2aa1ec512b86,100_4_rooms,100,4,mdpsolver_mpisor_init,1,0,0.99,0.001,0.005420999834313989,1.7763568394002505e-15,1.776356839400249e-13,success,
e72fcaca-ffc0-4ddc-9839-2aa1ec512b86,100_4_rooms,100,4,mdpsolver_mpisor_init,2,1,0.99,0.001,0.005369999911636114,1.7763568394002505e-15,1.776356839400249e-13,success,
e72fcaca-ffc0-4ddc-9839-2aa1ec512b86,100_4_rooms,100,4,mdpsolver_mpisor_init,3,2,0.99,0.001,0.005267400061711669,1.7763568394002505e-15,1.776356839400249e-13,success,
e72fcaca-ffc0-4ddc-9839-2aa1ec512b86,100_3_schoolboy,100,3,mdptoolbox_vi,1,0,0.99,0.001,0.014121799962595105,0.0,0.0,success,
e72fcaca-ffc0-4ddc-9839-2aa1ec512b86,100_3_schoolboy,100,3,mdptoolbox_vi,2,1,0.99,0.001,0.015538300154730678,0.0,0.0,success,
e72fcaca-ffc0-4ddc-9839-2aa1ec512b86,100_3_schoolboy,100,3,mdptoolbox_vi,3,2,0.99,0.001,0.014138199854642153,0.0,0.0,success,
e72fcaca-ffc0-4ddc-9839-2aa1ec512b86,100_3_schoolboy,100,3,mdptoolbox_vigs,1,0,0.99,0.001,0.00208020000718534,0.0,0.0,success,
e72fcaca-ffc0-4ddc-9839-2aa1ec512b86,100_3_schoolboy,100,3,mdptoolbox_vigs,2,1,0.99,0.001,0.0021080998703837395,0.0,0.0,success,
e72fcaca-ffc0-4ddc-9839-2aa1ec512b86,100_3_schoolboy,100,3,mdptoolbox_vigs,3,2,0.99,0.001,0.002104500075802207,0.0,0.0,success,
e72fcaca-ffc0-4ddc-9839-2aa1ec512b86,100_3_schoolboy,100,3,mdptoolbox_pi,1,0,0.99,0.001,0.003961300011724234,0.0,0.0,success,
e72fcaca-ffc0-4ddc-9839-2aa1ec512b86,100_3_schoolboy,100,3,mdptoolbox_pi,2,1,0.99,0.001,0.003859699936583638,0.0,0.0,success,
e72fcaca-ffc0-4ddc-9839-2aa1ec512b86,100_3_schoolboy,100,3,mdptoolbox_pi,3,2,0.99,0.001,0.003941599978134036,0.0,0.0,success,
e72fcaca-ffc0-4ddc-9839-2aa1ec512b86,100_3_schoolboy,100,3,mdptoolbox_mpi,1,0,0.99,0.001,0.003645000047981739,1.8474111129762605e-13,1.847411112976259e-11,success,
e72fcaca-ffc0-4ddc-9839-2aa1ec512b86,100_3_schoolboy,100,3,mdptoolbox_mpi,2,1,0.99,0.001,0.00227870000526309,1.8474111129762605e-13,1.847411112976259e-11,success,
e72fcaca-ffc0-4ddc-9839-2aa1ec512b86,100_3_schoolboy,100,3,mdptoolbox_mpi,3,2,0.99,0.001,0.0022698999382555485,1.8474111129762605e-13,1.847411112976259e-11,success,
e72fcaca-ffc0-4ddc-9839-2aa1ec512b86,100_3_schoolboy,100,3,marmote_vi,1,0,0.99,0.001,0.0041600000113248825,0.0,0.0,success,
e72fcaca-ffc0-4ddc-9839-2aa1ec512b86,100_3_schoolboy,100,3,marmote_vi,2,1,0.99,0.001,0.006182600045576692,0.0,0.0,success,
e72fcaca-ffc0-4ddc-9839-2aa1ec512b86,100_3_schoolboy,100,3,marmote_vi,3,2,0.99,0.001,0.0065484000369906425,0.0,0.0,success,
e72fcaca-ffc0-4ddc-9839-2aa1ec512b86,100_3_schoolboy,100,3,marmote_vigs,1,0,0.99,0.001,0.0065228999592363834,0.0,0.0,success,
e72fcaca-ffc0-4ddc-9839-2aa1ec512b86,100_3_schoolboy,100,3,marmote_vigs,2,1,0.99,0.001,0.004799900110810995,0.0,0.0,success,
e72fcaca-ffc0-4ddc-9839-2aa1ec512b86,100_3_schoolboy,100,3,marmote_vigs,3,2,0.99,0.001,0.004624000051990151,0.0,0.0,success,
e72fcaca-ffc0-4ddc-9839-2aa1ec512b86,100_3_schoolboy,100,3,marmote_mpi,1,0,0.99,0.001,0.005285399965941906,4.8976802808908815e-06,0.0004897680280890877,success,
e72fcaca-ffc0-4ddc-9839-2aa1ec512b86,100_3_schoolboy,100,3,marmote_mpi,2,1,0.99,0.001,0.005323800025507808,4.8976802808908815e-06,0.0004897680280890877,success,
e72fcaca-ffc0-4ddc-9839-2aa1ec512b86,100_3_schoolboy,100,3,marmote_mpi,3,2,0.99,0.001,0.005551100010052323,4.8976802808908815e-06,0.0004897680280890877,success,
e72fcaca-ffc0-4ddc-9839-2aa1ec512b86,100_3_schoolboy,100,3,marmote_mpigs,1,0,0.99,0.001,0.0051559999119490385,4.947151797913478e-06,0.0004947151797913473,success,
e72fcaca-ffc0-4ddc-9839-2aa1ec512b86,100_3_schoolboy,100,3,marmote_mpigs,2,1,0.99,0.001,0.00520739983767271,4.947151797913478e-06,0.0004947151797913473,success,
e72fcaca-ffc0-4ddc-9839-2aa1ec512b86,100_3_schoolboy,100,3,marmote_mpigs,3,2,0.99,0.001,0.005916900001466274,4.947151797913478e-06,0.0004947151797913473,success,
e72fcaca-ffc0-4ddc-9839-2aa1ec512b86,100_3_schoolboy,100,3,mdpsolver_vi,1,0,0.99,0.001,0.004538999870419502,1.1013412404281553e-13,1.1013412404281543e-11,success,
e72fcaca-ffc0-4ddc-9839-2aa1ec512b86,100_3_schoolboy,100,3,mdpsolver_vi,2,1,0.99,0.001,0.004979199962690473,1.1013412404281553e-13,1.1013412404281543e-11,success,
e72fcaca-ffc0-4ddc-9839-2aa1ec512b86,100_3_schoolboy,100,3,mdpsolver_vi,3,2,0.99,0.001,0.0045680999755859375,1.1013412404281553e-13,1.1013412404281543e-11,success,
e72fcaca-ffc0-4ddc-9839-2aa1ec512b86,100_3_schoolboy,100,3,mdpsolver_vigs,1,0,0.99,0.001,0.0098794000223279,3.392732024953744e-17,3.392732024953741e-15,success,
e72fcaca-ffc0-4ddc-9839-2aa1ec512b86,100_3_schoolboy,100,3,mdpsolver_vigs,2,1,0.99,0.001,0.010230600135400891,3.392732024953744e-17,3.392732024953741e-15,success,
e72fcaca-ffc0-4ddc-9839-2aa1ec512b86,100_3_schoolboy,100,3,mdpsolver_vigs,3,2,0.99,0.001,0.009158700006082654,3.392732024953744e-17,3.392732024953741e-15,success,
e72fcaca-ffc0-4ddc-9839-2aa1ec512b86,100_3_schoolboy,100,3,mdpsolver_visor,1,0,0.99,0.001,0.00409960001707077,0.0,0.0,success,
e72fcaca-ffc0-4ddc-9839-2aa1ec512b86,100_3_schoolboy,100,3,mdpsolver_visor,2,1,0.99,0.001,0.004393800161778927,0.0,0.0,success,
e72fcaca-ffc0-4ddc-9839-2aa1ec512b86,100_3_schoolboy,100,3,mdpsolver_visor,3,2,0.99,0.001,0.004744699923321605,0.0,0.0,success,
e72fcaca-ffc0-4ddc-9839-2aa1ec512b86,100_3_schoolboy,100,3,mdpsolver_pi,1,0,0.99,0.001,0.004245199961587787,0.0,0.0,success,
e72fcaca-ffc0-4ddc-9839-2aa1ec512b86,100_3_schoolboy,100,3,mdpsolver_pi,2,1,0.99,0.001,0.005704800132662058,0.0,0.0,success,
e72fcaca-ffc0-4ddc-9839-2aa1ec512b86,100_3_schoolboy,100,3,mdpsolver_pi,3,2,0.99,0.001,0.004279299871996045,0.0,0.0,success,
e72fcaca-ffc0-4ddc-9839-2aa1ec512b86,100_3_schoolboy,100,3,mdpsolver_mpi,1,0,0.99,0.001,0.0042709000408649445,2.4556356947869024e-13,2.4556356947869e-11,success,
e72fcaca-ffc0-4ddc-9839-2aa1ec512b86,100_3_schoolboy,100,3,mdpsolver_mpi,2,1,0.99,0.001,0.003819999983534217,2.4556356947869024e-13,2.4556356947869e-11,success,
e72fcaca-ffc0-4ddc-9839-2aa1ec512b86,100_3_schoolboy,100,3,mdpsolver_mpi,3,2,0.99,0.001,0.006456000031903386,2.4556356947869024e-13,2.4556356947869e-11,success,
e72fcaca-ffc0-4ddc-9839-2aa1ec512b86,100_3_schoolboy,100,3,mdpsolver_mpigs,1,0,0.99,0.001,0.004144500009715557,0.0,0.0,success,
e72fcaca-ffc0-4ddc-9839-2aa1ec512b86,100_3_schoolboy,100,3,mdpsolver_mpigs,2,1,0.99,0.001,0.004136099945753813,0.0,0.0,success,
e72fcaca-ffc0-4ddc-9839-2aa1ec512b86,100_3_schoolboy,100,3,mdpsolver_mpigs,3,2,0.99,0.001,0.007596299983561039,0.0,0.0,success,
e72fcaca-ffc0-4ddc-9839-2aa1ec512b86,100_3_schoolboy,100,3,mdpsolver_mpigs_init,1,0,0.99,0.001,0.004741600016131997,0.0,0.0,success,
e72fcaca-ffc0-4ddc-9839-2aa1ec512b86,100_3_schoolboy,100,3,mdpsolver_mpigs_init,2,1,0.99,0.001,0.004309099866077304,0.0,0.0,success,
e72fcaca-ffc0-4ddc-9839-2aa1ec512b86,100_3_schoolboy,100,3,mdpsolver_mpigs_init,3,2,0.99,0.001,0.0039518000558018684,0.0,0.0,success,
e72fcaca-ffc0-4ddc-9839-2aa1ec512b86,100_3_schoolboy,100,3,mdpsolver_mpisor,1,0,0.99,0.001,0.004405600018799305,0.0,0.0,success,
e72fcaca-ffc0-4ddc-9839-2aa1ec512b86,100_3_schoolboy,100,3,mdpsolver_mpisor,2,1,0.99,0.001,0.004806000040844083,0.0,0.0,success,
e72fcaca-ffc0-4ddc-9839-2aa1ec512b86,100_3_schoolboy,100,3,mdpsolver_mpisor,3,2,0.99,0.001,0.004105100175365806,0.0,0.0,success,
e72fcaca-ffc0-4ddc-9839-2aa1ec512b86,100_3_schoolboy,100,3,mdpsolver_mpisor_init,1,0,0.99,0.001,0.005075900116935372,0.0,0.0,success,
e72fcaca-ffc0-4ddc-9839-2aa1ec512b86,100_3_schoolboy,100,3,mdpsolver_mpisor_init,2,1,0.99,0.001,0.0048940000124275684,0.0,0.0,success,
e72fcaca-ffc0-4ddc-9839-2aa1ec512b86,100_3_schoolboy,100,3,mdpsolver_mpisor_init,3,2,0.99,0.001,0.004841200076043606,0.0,0.0,success,
e72fcaca-ffc0-4ddc-9839-2aa1ec512b86,10437_9_sutton,10437,9,mdptoolbox_vi,1,0,0.99,0.001,nan,nan,nan,timeout,Trial exceeded timeout of 5 s
e72fcaca-ffc0-4ddc-9839-2aa1ec512b86,10437_9_sutton,10437,9,mdptoolbox_vi,2,1,0.99,0.001,nan,nan,nan,timeout,Trial exceeded timeout of 5 s
e72fcaca-ffc0-4ddc-9839-2aa1ec512b86,10437_9_sutton,10437,9,mdptoolbox_vi,3,2,0.99,0.001,nan,nan,nan,timeout,Trial exceeded timeout of 5 s
e72fcaca-ffc0-4ddc-9839-2aa1ec512b86,10437_9_sutton,10437,9,mdptoolbox_vigs,1,0,0.99,0.001,nan,nan,nan,timeout,Trial exceeded timeout of 5 s
e72fcaca-ffc0-4ddc-9839-2aa1ec512b86,10437_9_sutton,10437,9,mdptoolbox_vigs,2,1,0.99,0.001,nan,nan,nan,timeout,Trial exceeded timeout of 5 s
e72fcaca-ffc0-4ddc-9839-2aa1ec512b86,10437_9_sutton,10437,9,mdptoolbox_vigs,3,2,0.99,0.001,nan,nan,nan,timeout,Trial exceeded timeout of 5 s
e72fcaca-ffc0-4ddc-9839-2aa1ec512b86,10437_9_sutton,10437,9,mdptoolbox_pi,1,0,0.99,0.001,nan,nan,nan,timeout,Trial exceeded timeout of 5 s
e72fcaca-ffc0-4ddc-9839-2aa1ec512b86,10437_9_sutton,10437,9,mdptoolbox_pi,2,1,0.99,0.001,nan,nan,nan,timeout,Trial exceeded timeout of 5 s
e72fcaca-ffc0-4ddc-9839-2aa1ec512b86,10437_9_sutton,10437,9,mdptoolbox_pi,3,2,0.99,0.001,nan,nan,nan,timeout,Trial exceeded timeout of 5 s
e72fcaca-ffc0-4ddc-9839-2aa1ec512b86,10437_9_sutton,10437,9,mdptoolbox_mpi,1,0,0.99,0.001,nan,nan,nan,timeout,Trial exceeded timeout of 5 s
e72fcaca-ffc0-4ddc-9839-2aa1ec512b86,10437_9_sutton,10437,9,mdptoolbox_mpi,2,1,0.99,0.001,nan,nan,nan,timeout,Trial exceeded timeout of 5 s
e72fcaca-ffc0-4ddc-9839-2aa1ec512b86,10437_9_sutton,10437,9,mdptoolbox_mpi,3,2,0.99,0.001,nan,nan,nan,timeout,Trial exceeded timeout of 5 s
e72fcaca-ffc0-4ddc-9839-2aa1ec512b86,10437_9_sutton,10437,9,marmote_vi,1,0,0.99,0.001,2.381675599841401,1.7673347230129366e-08,1.7673347230129351e-06,success,
e72fcaca-ffc0-4ddc-9839-2aa1ec512b86,10437_9_sutton,10437,9,marmote_vi,2,1,0.99,0.001,2.3583273999392986,1.7673347230129366e-08,1.7673347230129351e-06,success,
e72fcaca-ffc0-4ddc-9839-2aa1ec512b86,10437_9_sutton,10437,9,marmote_vi,3,2,0.99,0.001,2.362530200043693,1.7673347230129366e-08,1.7673347230129351e-06,success,
e72fcaca-ffc0-4ddc-9839-2aa1ec512b86,10437_9_sutton,10437,9,marmote_vigs,1,0,0.99,0.001,2.388884700136259,1.4501551959256176e-08,1.4501551959256163e-06,success,
e72fcaca-ffc0-4ddc-9839-2aa1ec512b86,10437_9_sutton,10437,9,marmote_vigs,2,1,0.99,0.001,2.405445500044152,1.4501551959256176e-08,1.4501551959256163e-06,success,
e72fcaca-ffc0-4ddc-9839-2aa1ec512b86,10437_9_sutton,10437,9,marmote_vigs,3,2,0.99,0.001,2.3427191998343915,1.4501551959256176e-08,1.4501551959256163e-06,success,
e72fcaca-ffc0-4ddc-9839-2aa1ec512b86,10437_9_sutton,10437,9,marmote_mpi,1,0,0.99,0.001,2.5060079998802394,4.924891092272787e-06,0.0004924891092272783,success,
e72fcaca-ffc0-4ddc-9839-2aa1ec512b86,10437_9_sutton,10437,9,marmote_mpi,2,1,0.99,0.001,2.542949100024998,4.924891092272787e-06,0.0004924891092272783,success,
e72fcaca-ffc0-4ddc-9839-2aa1ec512b86,10437_9_sutton,10437,9,marmote_mpi,3,2,0.99,0.001,2.846785900183022,4.924891092272787e-06,0.0004924891092272783,success,
e72fcaca-ffc0-4ddc-9839-2aa1ec512b86,10437_9_sutton,10437,9,marmote_mpigs,1,0,0.99,0.001,2.9104820999782532,4.741067337832305e-06,0.0004741067337832301,success,
e72fcaca-ffc0-4ddc-9839-2aa1ec512b86,10437_9_sutton,10437,9,marmote_mpigs,2,1,0.99,0.001,3.037762700114399,4.741067337832305e-06,0.0004741067337832301,success,
e72fcaca-ffc0-4ddc-9839-2aa1ec512b86,10437_9_sutton,10437,9,marmote_mpigs,3,2,0.99,0.001,3.294588499935344,4.741067337832305e-06,0.0004741067337832301,success,
e72fcaca-ffc0-4ddc-9839-2aa1ec512b86,10437_9_sutton,10437,9,mdpsolver_vi,1,0,0.99,0.001,2.8385769000742584,2.4037456913816868e-08,2.4037456913816847e-06,success,
e72fcaca-ffc0-4ddc-9839-2aa1ec512b86,10437_9_sutton,10437,9,mdpsolver_vi,2,1,0.99,0.001,2.8621696999762207,2.4037456913816868e-08,2.4037456913816847e-06,success,
e72fcaca-ffc0-4ddc-9839-2aa1ec512b86,10437_9_sutton,10437,9,mdpsolver_vi,3,2,0.99,0.001,2.8903734998311847,2.4037456913816868e-08,2.4037456913816847e-06,success,
e72fcaca-ffc0-4ddc-9839-2aa1ec512b86,10437_9_sutton,10437,9,mdpsolver_vigs,1,0,0.99,0.001,nan,nan,nan,timeout,Trial exceeded timeout of 5 s
e72fcaca-ffc0-4ddc-9839-2aa1ec512b86,10437_9_sutton,10437,9,mdpsolver_vigs,2,1,0.99,0.001,nan,nan,nan,timeout,Trial exceeded timeout of 5 s
e72fcaca-ffc0-4ddc-9839-2aa1ec512b86,10437_9_sutton,10437,9,mdpsolver_vigs,3,2,0.99,0.001,nan,nan,nan,timeout,Trial exceeded timeout of 5 s
e72fcaca-ffc0-4ddc-9839-2aa1ec512b86,10437_9_sutton,10437,9,mdpsolver_visor,1,0,0.99,0.001,2.6338020998518914,5.196634234039266e-09,5.196634234039261e-07,success,
e72fcaca-ffc0-4ddc-9839-2aa1ec512b86,10437_9_sutton,10437,9,mdpsolver_visor,2,1,0.99,0.001,2.367306600091979,5.196634234039266e-09,5.196634234039261e-07,success,
e72fcaca-ffc0-4ddc-9839-2aa1ec512b86,10437_9_sutton,10437,9,mdpsolver_visor,3,2,0.99,0.001,2.3633518000133336,5.196634234039266e-09,5.196634234039261e-07,success,
e72fcaca-ffc0-4ddc-9839-2aa1ec512b86,10437_9_sutton,10437,9,mdpsolver_pi,1,0,0.99,0.001,3.5111756999976933,8.625687382135538e-07,8.62568738213553e-05,success,
e72fcaca-ffc0-4ddc-9839-2aa1ec512b86,10437_9_sutton,10437,9,mdpsolver_pi,2,1,0.99,0.001,3.2743740999139845,8.625687382135538e-07,8.62568738213553e-05,success,
e72fcaca-ffc0-4ddc-9839-2aa1ec512b86,10437_9_sutton,10437,9,mdpsolver_pi,3,2,0.99,0.001,3.5874999999068677,8.625687382135538e-07,8.62568738213553e-05,success,
e72fcaca-ffc0-4ddc-9839-2aa1ec512b86,10437_9_sutton,10437,9,mdpsolver_mpi,1,0,0.99,0.001,2.7353234000038356,2.49098597215891e-06,0.0002490985972158908,success,
e72fcaca-ffc0-4ddc-9839-2aa1ec512b86,10437_9_sutton,10437,9,mdpsolver_mpi,2,1,0.99,0.001,2.7564880999270827,2.49098597215891e-06,0.0002490985972158908,success,
e72fcaca-ffc0-4ddc-9839-2aa1ec512b86,10437_9_sutton,10437,9,mdpsolver_mpi,3,2,0.99,0.001,2.707567000063136,2.49098597215891e-06,0.0002490985972158908,success,
e72fcaca-ffc0-4ddc-9839-2aa1ec512b86,10437_9_sutton,10437,9,mdpsolver_mpigs,1,0,0.99,0.001,2.716469599865377,1.5286316212836937e-06,0.00015286316212836923,success,
e72fcaca-ffc0-4ddc-9839-2aa1ec512b86,10437_9_sutton,10437,9,mdpsolver_mpigs,2,1,0.99,0.001,2.9173058001324534,1.5286316212836937e-06,0.00015286316212836923,success,
e72fcaca-ffc0-4ddc-9839-2aa1ec512b86,10437_9_sutton,10437,9,mdpsolver_mpigs,3,2,0.99,0.001,2.5380204000975937,1.5286316212836937e-06,0.00015286316212836923,success,
e72fcaca-ffc0-4ddc-9839-2aa1ec512b86,10437_9_sutton,10437,9,mdpsolver_mpigs_init,1,0,0.99,0.001,2.650936899939552,2.2613071060106904e-06,0.00022613071060106885,success,
e72fcaca-ffc0-4ddc-9839-2aa1ec512b86,10437_9_sutton,10437,9,mdpsolver_mpigs_init,2,1,0.99,0.001,2.678255599923432,2.2613071060106904e-06,0.00022613071060106885,success,
e72fcaca-ffc0-4ddc-9839-2aa1ec512b86,10437_9_sutton,10437,9,mdpsolver_mpigs_init,3,2,0.99,0.001,2.990310200024396,2.2613071060106904e-06,0.00022613071060106885,success,
e72fcaca-ffc0-4ddc-9839-2aa1ec512b86,10437_9_sutton,10437,9,mdpsolver_mpisor,1,0,0.99,0.001,3.1603761999867857,1.5286316212836937e-06,0.00015286316212836923,success,
e72fcaca-ffc0-4ddc-9839-2aa1ec512b86,10437_9_sutton,10437,9,mdpsolver_mpisor,2,1,0.99,0.001,3.3217563000507653,1.5286316212836937e-06,0.00015286316212836923,success,
e72fcaca-ffc0-4ddc-9839-2aa1ec512b86,10437_9_sutton,10437,9,mdpsolver_mpisor,3,2,0.99,0.001,2.7526644999161363,1.5286316212836937e-06,0.00015286316212836923,success,
e72fcaca-ffc0-4ddc-9839-2aa1ec512b86,10437_9_sutton,10437,9,mdpsolver_mpisor_init,1,0,0.99,0.001,2.32178569980897,2.2613071060106904e-06,0.00022613071060106885,success,
e72fcaca-ffc0-4ddc-9839-2aa1ec512b86,10437_9_sutton,10437,9,mdpsolver_mpisor_init,2,1,0.99,0.001,2.3247748999856412,2.2613071060106904e-06,0.00022613071060106885,success,
e72fcaca-ffc0-4ddc-9839-2aa1ec512b86,10437_9_sutton,10437,9,mdpsolver_mpisor_init,3,2,0.99,0.001,2.2880063999909908,2.2613071060106904e-06,0.00022613071060106885,success,
e72fcaca-ffc0-4ddc-9839-2aa1ec512b86,100_2_sim,100,2,mdptoolbox_vi,1,0,0.99,0.001,0.017440499970689416,4.5552297933681984e-08,4.555229793368194e-06,success,
e72fcaca-ffc0-4ddc-9839-2aa1ec512b86,100_2_sim,100,2,mdptoolbox_vi,2,1,0.99,0.001,0.01707249996252358,4.5552297933681984e-08,4.555229793368194e-06,success,
e72fcaca-ffc0-4ddc-9839-2aa1ec512b86,100_2_sim,100,2,mdptoolbox_vi,3,2,0.99,0.001,0.016510500106960535,4.5552297933681984e-08,4.555229793368194e-06,success,
e72fcaca-ffc0-4ddc-9839-2aa1ec512b86,100_2_sim,100,2,mdptoolbox_vigs,1,0,0.99,0.001,0.21473030000925064,7.752829844775988e-08,7.752829844775981e-06,success,
e72fcaca-ffc0-4ddc-9839-2aa1ec512b86,100_2_sim,100,2,mdptoolbox_vigs,2,1,0.99,0.001,0.21115759992972016,7.752829844775988e-08,7.752829844775981e-06,success,
e72fcaca-ffc0-4ddc-9839-2aa1ec512b86,100_2_sim,100,2,mdptoolbox_vigs,3,2,0.99,0.001,0.21371880010701716,7.752829844775988e-08,7.752829844775981e-06,success,
e72fcaca-ffc0-4ddc-9839-2aa1ec512b86,100_2_sim,100,2,mdptoolbox_pi,1,0,0.99,0.001,0.02256370009854436,1.4210854715202004e-14,1.4210854715201992e-12,success,
e72fcaca-ffc0-4ddc-9839-2aa1ec512b86,100_2_sim,100,2,mdptoolbox_pi,2,1,0.99,0.001,0.0032635999377816916,1.4210854715202004e-14,1.4210854715201992e-12,success,
e72fcaca-ffc0-4ddc-9839-2aa1ec512b86,100_2_sim,100,2,mdptoolbox_pi,3,2,0.99,0.001,0.00306560005992651,1.4210854715202004e-14,1.4210854715201992e-12,success,
e72fcaca-ffc0-4ddc-9839-2aa1ec512b86,100_2_sim,100,2,mdptoolbox_mpi,1,0,0.99,0.001,0.009491999866440892,3.836773643683955e-06,0.0003836773643683952,success,
e72fcaca-ffc0-4ddc-9839-2aa1ec512b86,100_2_sim,100,2,mdptoolbox_mpi,2,1,0.99,0.001,0.009756200015544891,3.836773643683955e-06,0.0003836773643683952,success,
e72fcaca-ffc0-4ddc-9839-2aa1ec512b86,100_2_sim,100,2,mdptoolbox_mpi,3,2,0.99,0.001,0.009342100005596876,3.836773643683955e-06,0.0003836773643683952,success,
e72fcaca-ffc0-4ddc-9839-2aa1ec512b86,100_2_sim,100,2,marmote_vi,1,0,0.99,0.001,0.004973499802872539,1.4210854715202004e-14,1.4210854715201992e-12,success,
e72fcaca-ffc0-4ddc-9839-2aa1ec512b86,100_2_sim,100,2,marmote_vi,2,1,0.99,0.001,0.005031400127336383,1.4210854715202004e-14,1.4210854715201992e-12,success,
e72fcaca-ffc0-4ddc-9839-2aa1ec512b86,100_2_sim,100,2,marmote_vi,3,2,0.99,0.001,0.005295499926432967,1.4210854715202004e-14,1.4210854715201992e-12,success,
e72fcaca-ffc0-4ddc-9839-2aa1ec512b86,100_2_sim,100,2,marmote_vigs,1,0,0.99,0.001,0.005427500000223517,2.4781826368780457e-08,2.4781826368780436e-06,success,
e72fcaca-ffc0-4ddc-9839-2aa1ec512b86,100_2_sim,100,2,marmote_vigs,2,1,0.99,0.001,0.0064935998525470495,2.4781826368780457e-08,2.4781826368780436e-06,success,
e72fcaca-ffc0-4ddc-9839-2aa1ec512b86,100_2_sim,100,2,marmote_vigs,3,2,0.99,0.001,0.005898999981582165,2.4781826368780457e-08,2.4781826368780436e-06,success,
e72fcaca-ffc0-4ddc-9839-2aa1ec512b86,100_2_sim,100,2,marmote_mpi,1,0,0.99,0.001,0.0044739998411387205,4.969389365783172e-06,0.0004969389365783168,success,
e72fcaca-ffc0-4ddc-9839-2aa1ec512b86,100_2_sim,100,2,marmote_mpi,2,1,0.99,0.001,0.004501300165429711,4.969389365783172e-06,0.0004969389365783168,success,
e72fcaca-ffc0-4ddc-9839-2aa1ec512b86,100_2_sim,100,2,marmote_mpi,3,2,0.99,0.001,0.00508500006981194,4.969389365783172e-06,0.0004969389365783168,success,
e72fcaca-ffc0-4ddc-9839-2aa1ec512b86,100_2_sim,100,2,marmote_mpigs,1,0,0.99,0.001,0.0049252999015152454,4.730674632469345e-06,0.00047306746324693406,success,
e72fcaca-ffc0-4ddc-9839-2aa1ec512b86,100_2_sim,100,2,marmote_mpigs,2,1,0.99,0.001,0.0038793999701738358,4.730674632469345e-06,0.00047306746324693406,success,
e72fcaca-ffc0-4ddc-9839-2aa1ec512b86,100_2_sim,100,2,marmote_mpigs,3,2,0.99,0.001,0.00434529990889132,4.730674632469345e-06,0.00047306746324693406,success,
e72fcaca-ffc0-4ddc-9839-2aa1ec512b86,100_2_sim,100,2,mdpsolver_vi,1,0,0.99,0.001,0.004214599961414933,4.139887721521518e-08,4.1398877215215146e-06,success,
e72fcaca-ffc0-4ddc-9839-2aa1ec512b86,100_2_sim,100,2,mdpsolver_vi,2,1,0.99,0.001,0.004058599937707186,4.139887721521518e-08,4.1398877215215146e-06,success,
e72fcaca-ffc0-4ddc-9839-2aa1ec512b86,100_2_sim,100,2,mdpsolver_vi,3,2,0.99,0.001,0.004220000002533197,4.139887721521518e-08,4.1398877215215146e-06,success,
e72fcaca-ffc0-4ddc-9839-2aa1ec512b86,100_2_sim,100,2,mdpsolver_vigs,1,0,0.99,0.001,0.006130099995061755,2.4465364845127624e-08,2.4465364845127603e-06,success,
e72fcaca-ffc0-4ddc-9839-2aa1ec512b86,100_2_sim,100,2,mdpsolver_vigs,2,1,0.99,0.001,0.005417099921032786,2.4465364845127624e-08,2.4465364845127603e-06,success,
e72fcaca-ffc0-4ddc-9839-2aa1ec512b86,100_2_sim,100,2,mdpsolver_vigs,3,2,0.99,0.001,0.0058837998658418655,2.4465364845127624e-08,2.4465364845127603e-06,success,
e72fcaca-ffc0-4ddc-9839-2aa1ec512b86,100_2_sim,100,2,mdpsolver_visor,1,0,0.99,0.001,0.005486199865117669,nan,nan,error,RuntimeError: VI precision not reached: error bound 17.7238 > 0.001
e72fcaca-ffc0-4ddc-9839-2aa1ec512b86,100_2_sim,100,2,mdpsolver_visor,2,1,0.99,0.001,0.0048246001824736595,nan,nan,error,RuntimeError: VI precision not reached: error bound 17.7238 > 0.001
e72fcaca-ffc0-4ddc-9839-2aa1ec512b86,100_2_sim,100,2,mdpsolver_visor,3,2,0.99,0.001,0.004822599934414029,nan,nan,error,RuntimeError: VI precision not reached: error bound 17.7238 > 0.001
e72fcaca-ffc0-4ddc-9839-2aa1ec512b86,100_2_sim,100,2,mdpsolver_pi,1,0,0.99,0.001,0.004915100056678057,4.160477843129229e-06,0.0004160477843129225,success,
e72fcaca-ffc0-4ddc-9839-2aa1ec512b86,100_2_sim,100,2,mdpsolver_pi,2,1,0.99,0.001,0.004014600068330765,4.160477843129229e-06,0.0004160477843129225,success,
e72fcaca-ffc0-4ddc-9839-2aa1ec512b86,100_2_sim,100,2,mdpsolver_pi,3,2,0.99,0.001,0.004003099864348769,4.160477843129229e-06,0.0004160477843129225,success,
e72fcaca-ffc0-4ddc-9839-2aa1ec512b86,100_2_sim,100,2,mdpsolver_mpi,1,0,0.99,0.001,0.003851399989798665,8.320955700469312e-06,0.0008320955700469305,success,
e72fcaca-ffc0-4ddc-9839-2aa1ec512b86,100_2_sim,100,2,mdpsolver_mpi,2,1,0.99,0.001,0.004178900038823485,8.320955700469312e-06,0.0008320955700469305,success,
e72fcaca-ffc0-4ddc-9839-2aa1ec512b86,100_2_sim,100,2,mdpsolver_mpi,3,2,0.99,0.001,0.004028599942103028,8.320955700469312e-06,0.0008320955700469305,success,
e72fcaca-ffc0-4ddc-9839-2aa1ec512b86,100_2_sim,100,2,mdpsolver_mpigs,1,0,0.99,0.001,0.0037271000910550356,2.8715763562559005e-06,0.0002871576356255898,success,
e72fcaca-ffc0-4ddc-9839-2aa1ec512b86,100_2_sim,100,2,mdpsolver_mpigs,2,1,0.99,0.001,0.003766000038012862,2.8715763562559005e-06,0.0002871576356255898,success,
e72fcaca-ffc0-4ddc-9839-2aa1ec512b86,100_2_sim,100,2,mdpsolver_mpigs,3,2,0.99,0.001,0.0051871000323444605,2.8715763562559005e-06,0.0002871576356255898,success,
e72fcaca-ffc0-4ddc-9839-2aa1ec512b86,100_2_sim,100,2,mdpsolver_mpigs_init,1,0,0.99,0.001,0.003867699997499585,2.7720454198743028e-06,0.00027720454198743,success,
e72fcaca-ffc0-4ddc-9839-2aa1ec512b86,100_2_sim,100,2,mdpsolver_mpigs_init,2,1,0.99,0.001,0.004643899854272604,2.7720454198743028e-06,0.00027720454198743,success,
e72fcaca-ffc0-4ddc-9839-2aa1ec512b86,100_2_sim,100,2,mdpsolver_mpigs_init,3,2,0.99,0.001,0.003949300153180957,2.7720454198743028e-06,0.00027720454198743,success,
e72fcaca-ffc0-4ddc-9839-2aa1ec512b86,100_2_sim,100,2,mdpsolver_mpisor,1,0,0.99,0.001,0.004623200045898557,2.8715763562559005e-06,0.0002871576356255898,success,
e72fcaca-ffc0-4ddc-9839-2aa1ec512b86,100_2_sim,100,2,mdpsolver_mpisor,2,1,0.99,0.001,0.005431900033727288,2.8715763562559005e-06,0.0002871576356255898,success,
e72fcaca-ffc0-4ddc-9839-2aa1ec512b86,100_2_sim,100,2,mdpsolver_mpisor,3,2,0.99,0.001,0.004123799968510866,2.8715763562559005e-06,0.0002871576356255898,success,
e72fcaca-ffc0-4ddc-9839-2aa1ec512b86,100_2_sim,100,2,mdpsolver_mpisor_init,1,0,0.99,0.001,0.004060700070112944,2.7720454198743028e-06,0.00027720454198743,success,
e72fcaca-ffc0-4ddc-9839-2aa1ec512b86,100_2_sim,100,2,mdpsolver_mpisor_init,2,1,0.99,0.001,0.0038850000128149986,2.7720454198743028e-06,0.00027720454198743,success,
e72fcaca-ffc0-4ddc-9839-2aa1ec512b86,100_2_sim,100,2,mdpsolver_mpisor_init,3,2,0.99,0.001,0.004391999915242195,2.7720454198743028e-06,0.00027720454198743,success,
e72fcaca-ffc0-4ddc-9839-2aa1ec512b86,64_6_sysadmin_6,64,6,mdptoolbox_vi,1,0,0.99,0.001,0.023853000020608306,1.513365077698836e-08,1.5133650776988348e-06,success,
e72fcaca-ffc0-4ddc-9839-2aa1ec512b86,64_6_sysadmin_6,64,6,mdptoolbox_vi,2,1,0.99,0.001,0.02267890004441142,1.513365077698836e-08,1.5133650776988348e-06,success,
e72fcaca-ffc0-4ddc-9839-2aa1ec512b86,64_6_sysadmin_6,64,6,mdptoolbox_vi,3,2,0.99,0.001,0.024304799968376756,1.513365077698836e-08,1.5133650776988348e-06,success,
e72fcaca-ffc0-4ddc-9839-2aa1ec512b86,64_6_sysadmin_6,64,6,mdptoolbox_vigs,1,0,0.99,0.001,0.3487263999413699,2.513538106541091e-06,0.0002513538106541089,success,
e72fcaca-ffc0-4ddc-9839-2aa1ec512b86,64_6_sysadmin_6,64,6,mdptoolbox_vigs,2,1,0.99,0.001,0.33954509999603033,2.513538106541091e-06,0.0002513538106541089,success,
e72fcaca-ffc0-4ddc-9839-2aa1ec512b86,64_6_sysadmin_6,64,6,mdptoolbox_vigs,3,2,0.99,0.001,0.33827199996449053,2.513538106541091e-06,0.0002513538106541089,success,
e72fcaca-ffc0-4ddc-9839-2aa1ec512b86,64_6_sysadmin_6,64,6,mdptoolbox_pi,1,0,0.99,0.001,nan,nan,nan,timeout,Trial exceeded timeout of 5 s
e72fcaca-ffc0-4ddc-9839-2aa1ec512b86,64_6_sysadmin_6,64,6,mdptoolbox_pi,2,1,0.99,0.001,nan,nan,nan,timeout,Trial exceeded timeout of 5 s
e72fcaca-ffc0-4ddc-9839-2aa1ec512b86,64_6_sysadmin_6,64,6,mdptoolbox_pi,3,2,0.99,0.001,nan,nan,nan,timeout,Trial exceeded timeout of 5 s
e72fcaca-ffc0-4ddc-9839-2aa1ec512b86,64_6_sysadmin_6,64,6,mdptoolbox_mpi,1,0,0.99,0.001,0.004974000155925751,4.384430667414563e-07,4.384430667414559e-05,success,
e72fcaca-ffc0-4ddc-9839-2aa1ec512b86,64_6_sysadmin_6,64,6,mdptoolbox_mpi,2,1,0.99,0.001,0.005394299980252981,4.384430667414563e-07,4.384430667414559e-05,success,
e72fcaca-ffc0-4ddc-9839-2aa1ec512b86,64_6_sysadmin_6,64,6,mdptoolbox_mpi,3,2,0.99,0.001,0.004412299953401089,4.384430667414563e-07,4.384430667414559e-05,success,
e72fcaca-ffc0-4ddc-9839-2aa1ec512b86,64_6_sysadmin_6,64,6,marmote_vi,1,0,0.99,0.001,0.024957300163805485,2.2737367544323206e-13,2.2737367544323187e-11,success,
e72fcaca-ffc0-4ddc-9839-2aa1ec512b86,64_6_sysadmin_6,64,6,marmote_vi,2,1,0.99,0.001,0.025115099968388677,2.2737367544323206e-13,2.2737367544323187e-11,success,
e72fcaca-ffc0-4ddc-9839-2aa1ec512b86,64_6_sysadmin_6,64,6,marmote_vi,3,2,0.99,0.001,0.025465199956670403,2.2737367544323206e-13,2.2737367544323187e-11,success,
e72fcaca-ffc0-4ddc-9839-2aa1ec512b86,64_6_sysadmin_6,64,6,marmote_vigs,1,0,0.99,0.001,0.02572080004028976,2.6966517907567322e-09,2.6966517907567296e-07,success,
e72fcaca-ffc0-4ddc-9839-2aa1ec512b86,64_6_sysadmin_6,64,6,marmote_vigs,2,1,0.99,0.001,0.029900299850851297,2.6966517907567322e-09,2.6966517907567296e-07,success,
e72fcaca-ffc0-4ddc-9839-2aa1ec512b86,64_6_sysadmin_6,64,6,marmote_vigs,3,2,0.99,0.001,0.028856599936261773,2.6966517907567322e-09,2.6966517907567296e-07,success,
e72fcaca-ffc0-4ddc-9839-2aa1ec512b86,64_6_sysadmin_6,64,6,marmote_mpi,1,0,0.99,0.001,0.022111000027507544,4.905675837107992e-06,0.0004905675837107988,success,
e72fcaca-ffc0-4ddc-9839-2aa1ec512b86,64_6_sysadmin_6,64,6,marmote_mpi,2,1,0.99,0.001,0.01965639996342361,4.905675837107992e-06,0.0004905675837107988,success,
e72fcaca-ffc0-4ddc-9839-2aa1ec512b86,64_6_sysadmin_6,64,6,marmote_mpi,3,2,0.99,0.001,0.02728130016475916,4.905675837107992e-06,0.0004905675837107988,success,
e72fcaca-ffc0-4ddc-9839-2aa1ec512b86,64_6_sysadmin_6,64,6,marmote_mpigs,1,0,0.99,0.001,0.026457800064235926,4.7118664951995015e-06,0.0004711866495199497,success,
e72fcaca-ffc0-4ddc-9839-2aa1ec512b86,64_6_sysadmin_6,64,6,marmote_mpigs,2,1,0.99,0.001,0.024280000012367964,4.7118664951995015e-06,0.0004711866495199497,success,
e72fcaca-ffc0-4ddc-9839-2aa1ec512b86,64_6_sysadmin_6,64,6,marmote_mpigs,3,2,0.99,0.001,0.02644550008699298,4.7118664951995015e-06,0.0004711866495199497,success,
e72fcaca-ffc0-4ddc-9839-2aa1ec512b86,64_6_sysadmin_6,64,6,mdpsolver_vi,1,0,0.99,0.001,0.01987170008942485,6.232653504412156e-09,6.23265350441215e-07,success,
e72fcaca-ffc0-4ddc-9839-2aa1ec512b86,64_6_sysadmin_6,64,6,mdpsolver_vi,2,1,0.99,0.001,0.020163499983027577,6.232653504412156e-09,6.23265350441215e-07,success,
e72fcaca-ffc0-4ddc-9839-2aa1ec512b86,64_6_sysadmin_6,64,6,mdpsolver_vi,3,2,0.99,0.001,0.019297099905088544,6.232653504412156e-09,6.23265350441215e-07,success,
e72fcaca-ffc0-4ddc-9839-2aa1ec512b86,64_6_sysadmin_6,64,6,mdpsolver_vigs,1,0,0.99,0.001,0.03478330001235008,2.6531097319093533e-09,2.653109731909351e-07,success,
e72fcaca-ffc0-4ddc-9839-2aa1ec512b86,64_6_sysadmin_6,64,6,mdpsolver_vigs,2,1,0.99,0.001,0.03937830007635057,2.6531097319093533e-09,2.653109731909351e-07,success,
e72fcaca-ffc0-4ddc-9839-2aa1ec512b86,64_6_sysadmin_6,64,6,mdpsolver_vigs,3,2,0.99,0.001,0.036067399894818664,2.6531097319093533e-09,2.653109731909351e-07,success,
e72fcaca-ffc0-4ddc-9839-2aa1ec512b86,64_6_sysadmin_6,64,6,mdpsolver_visor,1,0,0.99,0.001,0.019518400076776743,1.5101591088750865e-08,1.5101591088750853e-06,success,
e72fcaca-ffc0-4ddc-9839-2aa1ec512b86,64_6_sysadmin_6,64,6,mdpsolver_visor,2,1,0.99,0.001,0.01990980003029108,1.5101591088750865e-08,1.5101591088750853e-06,success,
e72fcaca-ffc0-4ddc-9839-2aa1ec512b86,64_6_sysadmin_6,64,6,mdpsolver_visor,3,2,0.99,0.001,0.01985209994018078,1.5101591088750865e-08,1.5101591088750853e-06,success,
e72fcaca-ffc0-4ddc-9839-2aa1ec512b86,64_6_sysadmin_6,64,6,mdpsolver_pi,1,0,0.99,0.001,0.03465769998729229,1.1368683772161603e-13,1.1368683772161593e-11,success,
e72fcaca-ffc0-4ddc-9839-2aa1ec512b86,64_6_sysadmin_6,64,6,mdpsolver_pi,2,1,0.99,0.001,0.036457099951803684,1.1368683772161603e-13,1.1368683772161593e-11,success,
e72fcaca-ffc0-4ddc-9839-2aa1ec512b86,64_6_sysadmin_6,64,6,mdpsolver_pi,3,2,0.99,0.001,0.037567200139164925,1.1368683772161603e-13,1.1368683772161593e-11,success,
e72fcaca-ffc0-4ddc-9839-2aa1ec512b86,64_6_sysadmin_6,64,6,mdpsolver_mpi,1,0,0.99,0.001,0.020683699985966086,1.6731146388337947e-06,0.00016731146388337934,success,
e72fcaca-ffc0-4ddc-9839-2aa1ec512b86,64_6_sysadmin_6,64,6,mdpsolver_mpi,2,1,0.99,0.001,0.019288599956780672,1.6731146388337947e-06,0.00016731146388337934,success,
e72fcaca-ffc0-4ddc-9839-2aa1ec512b86,64_6_sysadmin_6,64,6,mdpsolver_mpi,3,2,0.99,0.001,0.021433900110423565,1.6731146388337947e-06,0.00016731146388337934,success,
e72fcaca-ffc0-4ddc-9839-2aa1ec512b86,64_6_sysadmin_6,64,6,mdpsolver_mpigs,1,0,0.99,0.001,0.018763500032946467,2.998067202497623e-06,0.000299806720249762,success,
e72fcaca-ffc0-4ddc-9839-2aa1ec512b86,64_6_sysadmin_6,64,6,mdpsolver_mpigs,2,1,0.99,0.001,0.02012950018979609,2.998067202497623e-06,0.000299806720249762,success,
e72fcaca-ffc0-4ddc-9839-2aa1ec512b86,64_6_sysadmin_6,64,6,mdpsolver_mpigs,3,2,0.99,0.001,0.024952099891379476,2.998067202497623e-06,0.000299806720249762,success,
e72fcaca-ffc0-4ddc-9839-2aa1ec512b86,64_6_sysadmin_6,64,6,mdpsolver_mpigs_init,1,0,0.99,0.001,0.017981800017878413,9.487189345236402e-07,9.487189345236394e-05,success,
e72fcaca-ffc0-4ddc-9839-2aa1ec512b86,64_6_sysadmin_6,64,6,mdpsolver_mpigs_init,2,1,0.99,0.001,0.0186684001237154,9.487189345236402e-07,9.487189345236394e-05,success,
e72fcaca-ffc0-4ddc-9839-2aa1ec512b86,64_6_sysadmin_6,64,6,mdpsolver_mpigs_init,3,2,0.99,0.001,0.019351699855178595,9.487189345236402e-07,9.487189345236394e-05,success,
e72fcaca-ffc0-4ddc-9839-2aa1ec512b86,64_6_sysadmin_6,64,6,mdpsolver_mpisor,1,0,0.99,0.001,0.020342100178822875,2.998067202497623e-06,0.000299806720249762,success,
e72fcaca-ffc0-4ddc-9839-2aa1ec512b86,64_6_sysadmin_6,64,6,mdpsolver_mpisor,2,1,0.99,0.001,0.018594600027427077,2.998067202497623e-06,0.000299806720249762,success,
e72fcaca-ffc0-4ddc-9839-2aa1ec512b86,64_6_sysadmin_6,64,6,mdpsolver_mpisor,3,2,0.99,0.001,0.022169699892401695,2.998067202497623e-06,0.000299806720249762,success,
e72fcaca-ffc0-4ddc-9839-2aa1ec512b86,64_6_sysadmin_6,64,6,mdpsolver_mpisor_init,1,0,0.99,0.001,0.02505280007608235,9.487189345236402e-07,9.487189345236394e-05,success,
e72fcaca-ffc0-4ddc-9839-2aa1ec512b86,64_6_sysadmin_6,64,6,mdpsolver_mpisor_init,2,1,0.99,0.001,0.02052589994855225,9.487189345236402e-07,9.487189345236394e-05,success,
e72fcaca-ffc0-4ddc-9839-2aa1ec512b86,64_6_sysadmin_6,64,6,mdpsolver_mpisor_init,3,2,0.99,0.001,0.019407999934628606,9.487189345236402e-07,9.487189345236394e-05,success,
e72fcaca-ffc0-4ddc-9839-2aa1ec512b86,100_9_tandem,100,9,mdptoolbox_vi,1,0,0.99,0.001,0.060542199993506074,4.13234602092416e-08,4.132346020924157e-06,success,
e72fcaca-ffc0-4ddc-9839-2aa1ec512b86,100_9_tandem,100,9,mdptoolbox_vi,2,1,0.99,0.001,0.05478039989247918,4.13234602092416e-08,4.132346020924157e-06,success,
e72fcaca-ffc0-4ddc-9839-2aa1ec512b86,100_9_tandem,100,9,mdptoolbox_vi,3,2,0.99,0.001,0.05435809982009232,4.13234602092416e-08,4.132346020924157e-06,success,
e72fcaca-ffc0-4ddc-9839-2aa1ec512b86,100_9_tandem,100,9,mdptoolbox_vigs,1,0,0.99,0.001,0.9338602998759598,5.997966923132481e-07,5.997966923132475e-05,success,
e72fcaca-ffc0-4ddc-9839-2aa1ec512b86,100_9_tandem,100,9,mdptoolbox_vigs,2,1,0.99,0.001,0.8945339000783861,5.997966923132481e-07,5.997966923132475e-05,success,
e72fcaca-ffc0-4ddc-9839-2aa1ec512b86,100_9_tandem,100,9,mdptoolbox_vigs,3,2,0.99,0.001,0.9450300999451429,5.997966923132481e-07,5.997966923132475e-05,success,
e72fcaca-ffc0-4ddc-9839-2aa1ec512b86,100_9_tandem,100,9,mdptoolbox_pi,1,0,0.99,0.001,0.005515200085937977,2.2737367544323206e-13,2.2737367544323187e-11,success,
e72fcaca-ffc0-4ddc-9839-2aa1ec512b86,100_9_tandem,100,9,mdptoolbox_pi,2,1,0.99,0.001,0.005691899918019772,2.2737367544323206e-13,2.2737367544323187e-11,success,
e72fcaca-ffc0-4ddc-9839-2aa1ec512b86,100_9_tandem,100,9,mdptoolbox_pi,3,2,0.99,0.001,0.0059396999422460794,2.2737367544323206e-13,2.2737367544323187e-11,success,
e72fcaca-ffc0-4ddc-9839-2aa1ec512b86,100_9_tandem,100,9,mdptoolbox_mpi,1,0,0.99,0.001,0.00649990001693368,1.0024551784226787e-06,0.00010024551784226778,success,
e72fcaca-ffc0-4ddc-9839-2aa1ec512b86,100_9_tandem,100,9,mdptoolbox_mpi,2,1,0.99,0.001,0.00691019999794662,1.0024551784226787e-06,0.00010024551784226778,success,
e72fcaca-ffc0-4ddc-9839-2aa1ec512b86,100_9_tandem,100,9,mdptoolbox_mpi,3,2,0.99,0.001,0.009815400000661612,1.0024551784226787e-06,0.00010024551784226778,success,
e72fcaca-ffc0-4ddc-9839-2aa1ec512b86,100_9_tandem,100,9,marmote_vi,1,0,0.99,0.001,0.03674079990014434,5.684341886080802e-14,5.684341886080797e-12,success,
e72fcaca-ffc0-4ddc-9839-2aa1ec512b86,100_9_tandem,100,9,marmote_vi,2,1,0.99,0.001,0.037911000195890665,5.684341886080802e-14,5.684341886080797e-12,success,
e72fcaca-ffc0-4ddc-9839-2aa1ec512b86,100_9_tandem,100,9,marmote_vi,3,2,0.99,0.001,0.03151370002888143,5.684341886080802e-14,5.684341886080797e-12,success,
e72fcaca-ffc0-4ddc-9839-2aa1ec512b86,100_9_tandem,100,9,marmote_vigs,1,0,0.99,0.001,0.02758330013602972,1.0035250852524769e-08,1.003525085252476e-06,success,
e72fcaca-ffc0-4ddc-9839-2aa1ec512b86,100_9_tandem,100,9,marmote_vigs,2,1,0.99,0.001,0.027552099898457527,1.0035250852524769e-08,1.003525085252476e-06,success,
e72fcaca-ffc0-4ddc-9839-2aa1ec512b86,100_9_tandem,100,9,marmote_vigs,3,2,0.99,0.001,0.028383699944242835,1.0035250852524769e-08,1.003525085252476e-06,success,
e72fcaca-ffc0-4ddc-9839-2aa1ec512b86,100_9_tandem,100,9,marmote_mpi,1,0,0.99,0.001,0.02685440005734563,4.915044144127023e-06,0.0004915044144127019,success,
e72fcaca-ffc0-4ddc-9839-2aa1ec512b86,100_9_tandem,100,9,marmote_mpi,2,1,0.99,0.001,0.021697599906474352,4.915044144127023e-06,0.0004915044144127019,success,
e72fcaca-ffc0-4ddc-9839-2aa1ec512b86,100_9_tandem,100,9,marmote_mpi,3,2,0.99,0.001,0.02114239986985922,4.915044144127023e-06,0.0004915044144127019,success,
e72fcaca-ffc0-4ddc-9839-2aa1ec512b86,100_9_tandem,100,9,marmote_mpigs,1,0,0.99,0.001,0.022343400167301297,4.821289678602625e-06,0.00048212896786026206,success,
e72fcaca-ffc0-4ddc-9839-2aa1ec512b86,100_9_tandem,100,9,marmote_mpigs,2,1,0.99,0.001,0.022036800161004066,4.821289678602625e-06,0.00048212896786026206,success,
e72fcaca-ffc0-4ddc-9839-2aa1ec512b86,100_9_tandem,100,9,marmote_mpigs,3,2,0.99,0.001,0.022463700035586953,4.821289678602625e-06,0.00048212896786026206,success,
e72fcaca-ffc0-4ddc-9839-2aa1ec512b86,100_9_tandem,100,9,mdpsolver_vi,1,0,0.99,0.001,0.019980499986559153,3.4615766253409674e-08,3.4615766253409645e-06,success,
e72fcaca-ffc0-4ddc-9839-2aa1ec512b86,100_9_tandem,100,9,mdpsolver_vi,2,1,0.99,0.001,0.02109219995327294,3.4615766253409674e-08,3.4615766253409645e-06,success,
e72fcaca-ffc0-4ddc-9839-2aa1ec512b86,100_9_tandem,100,9,mdpsolver_vi,3,2,0.99,0.001,0.02125250012613833,3.4615766253409674e-08,3.4615766253409645e-06,success,
e72fcaca-ffc0-4ddc-9839-2aa1ec512b86,100_9_tandem,100,9,mdpsolver_vigs,1,0,0.99,0.001,0.036517699947580695,9.947882517735707e-09,9.947882517735698e-07,success,
e72fcaca-ffc0-4ddc-9839-2aa1ec512b86,100_9_tandem,100,9,mdpsolver_vigs,2,1,0.99,0.001,0.04085529991425574,9.947882517735707e-09,9.947882517735698e-07,success,
e72fcaca-ffc0-4ddc-9839-2aa1ec512b86,100_9_tandem,100,9,mdpsolver_vigs,3,2,0.99,0.001,0.03670700010843575,9.947882517735707e-09,9.947882517735698e-07,success,
e72fcaca-ffc0-4ddc-9839-2aa1ec512b86,100_9_tandem,100,9,mdpsolver_visor,1,0,0.99,0.001,0.020540100056678057,4.120977337151999e-09,4.120977337151995e-07,success,
e72fcaca-ffc0-4ddc-9839-2aa1ec512b86,100_9_tandem,100,9,mdpsolver_visor,2,1,0.99,0.001,0.020743999863043427,4.120977337151999e-09,4.120977337151995e-07,success,
e72fcaca-ffc0-4ddc-9839-2aa1ec512b86,100_9_tandem,100,9,mdpsolver_visor,3,2,0.99,0.001,0.024059400195255876,4.120977337151999e-09,4.120977337151995e-07,success,
e72fcaca-ffc0-4ddc-9839-2aa1ec512b86,100_9_tandem,100,9,mdpsolver_pi,1,0,0.99,0.001,0.019584299996495247,3.1890550076241198e-06,0.0003189055007624117,success,
e72fcaca-ffc0-4ddc-9839-2aa1ec512b86,100_9_tandem,100,9,mdpsolver_pi,2,1,0.99,0.001,0.0189800001680851,3.1890550076241198e-06,0.0003189055007624117,success,
e72fcaca-ffc0-4ddc-9839-2aa1ec512b86,100_9_tandem,100,9,mdpsolver_pi,3,2,0.99,0.001,0.019989300053566694,3.1890550076241198e-06,0.0003189055007624117,success,
e72fcaca-ffc0-4ddc-9839-2aa1ec512b86,100_9_tandem,100,9,mdpsolver_mpi,1,0,0.99,0.001,0.018758000107482076,7.3878738930943655e-06,0.0007387873893094359,success,
e72fcaca-ffc0-4ddc-9839-2aa1ec512b86,100_9_tandem,100,9,mdpsolver_mpi,2,1,0.99,0.001,0.018595200031995773,7.3878738930943655e-06,0.0007387873893094359,success,
e72fcaca-ffc0-4ddc-9839-2aa1ec512b86,100_9_tandem,100,9,mdpsolver_mpi,3,2,0.99,0.001,0.01969940005801618,7.3878738930943655e-06,0.0007387873893094359,success,
e72fcaca-ffc0-4ddc-9839-2aa1ec512b86,100_9_tandem,100,9,mdpsolver_mpigs,1,0,0.99,0.001,0.020466600079089403,7.329949198719987e-07,7.32994919871998e-05,success,
e72fcaca-ffc0-4ddc-9839-2aa1ec512b86,100_9_tandem,100,9,mdpsolver_mpigs,2,1,0.99,0.001,0.019474900094792247,7.329949198719987e-07,7.32994919871998e-05,success,
e72fcaca-ffc0-4ddc-9839-2aa1ec512b86,100_9_tandem,100,9,mdpsolver_mpigs,3,2,0.99,0.001,0.019642099970951676,7.329949198719987e-07,7.32994919871998e-05,success,
e72fcaca-ffc0-4ddc-9839-2aa1ec512b86,100_9_tandem,100,9,mdpsolver_mpigs_init,1,0,0.99,0.001,0.020184299908578396,7.987594017322408e-07,7.987594017322401e-05,success,
e72fcaca-ffc0-4ddc-9839-2aa1ec512b86,100_9_tandem,100,9,mdpsolver_mpigs_init,2,1,0.99,0.001,0.019381199963390827,7.987594017322408e-07,7.987594017322401e-05,success,
e72fcaca-ffc0-4ddc-9839-2aa1ec512b86,100_9_tandem,100,9,mdpsolver_mpigs_init,3,2,0.99,0.001,0.02263709995895624,7.987594017322408e-07,7.987594017322401e-05,success,
e72fcaca-ffc0-4ddc-9839-2aa1ec512b86,100_9_tandem,100,9,mdpsolver_mpisor,1,0,0.99,0.001,0.020640299888327718,7.329949198719987e-07,7.32994919871998e-05,success,
e72fcaca-ffc0-4ddc-9839-2aa1ec512b86,100_9_tandem,100,9,mdpsolver_mpisor,2,1,0.99,0.001,0.023795800050720572,7.329949198719987e-07,7.32994919871998e-05,success,
e72fcaca-ffc0-4ddc-9839-2aa1ec512b86,100_9_tandem,100,9,mdpsolver_mpisor,3,2,0.99,0.001,0.025832299841567874,7.329949198719987e-07,7.32994919871998e-05,success,
e72fcaca-ffc0-4ddc-9839-2aa1ec512b86,100_9_tandem,100,9,mdpsolver_mpisor_init,1,0,0.99,0.001,0.02228769985958934,7.987594017322408e-07,7.987594017322401e-05,success,
e72fcaca-ffc0-4ddc-9839-2aa1ec512b86,100_9_tandem,100,9,mdpsolver_mpisor_init,2,1,0.99,0.001,0.019324500113725662,7.987594017322408e-07,7.987594017322401e-05,success,
e72fcaca-ffc0-4ddc-9839-2aa1ec512b86,100_9_tandem,100,9,mdpsolver_mpisor_init,3,2,0.99,0.001,0.0201450998429209,7.987594017322408e-07,7.987594017322401e-05,success,
e72fcaca-ffc0-4ddc-9839-2aa1ec512b86,100_25_tandem_choice,100,25,mdptoolbox_vi,1,0,0.99,0.001,0.13766240002587438,4.174628998043772e-08,4.174628998043769e-06,success,
e72fcaca-ffc0-4ddc-9839-2aa1ec512b86,100_25_tandem_choice,100,25,mdptoolbox_vi,2,1,0.99,0.001,0.14049539994448423,4.174628998043772e-08,4.174628998043769e-06,success,
e72fcaca-ffc0-4ddc-9839-2aa1ec512b86,100_25_tandem_choice,100,25,mdptoolbox_vi,3,2,0.99,0.001,0.13857010006904602,4.174628998043772e-08,4.174628998043769e-06,success,
e72fcaca-ffc0-4ddc-9839-2aa1ec512b86,100_25_tandem_choice,100,25,mdptoolbox_vigs,1,0,0.99,0.001,2.120395400095731,1.1747836623499097e-06,0.00011747836623499086,success,
e72fcaca-ffc0-4ddc-9839-2aa1ec512b86,100_25_tandem_choice,100,25,mdptoolbox_vigs,2,1,0.99,0.001,2.158740699989721,1.1747836623499097e-06,0.00011747836623499086,success,
e72fcaca-ffc0-4ddc-9839-2aa1ec512b86,100_25_tandem_choice,100,25,mdptoolbox_vigs,3,2,0.99,0.001,2.0191571000032127,1.1747836623499097e-06,0.00011747836623499086,success,
e72fcaca-ffc0-4ddc-9839-2aa1ec512b86,100_25_tandem_choice,100,25,mdptoolbox_pi,1,0,0.99,0.001,0.013137700036168098,8.526512829121202e-14,8.526512829121194e-12,success,
e72fcaca-ffc0-4ddc-9839-2aa1ec512b86,100_25_tandem_choice,100,25,mdptoolbox_pi,2,1,0.99,0.001,0.011966499965637922,8.526512829121202e-14,8.526512829121194e-12,success,
e72fcaca-ffc0-4ddc-9839-2aa1ec512b86,100_25_tandem_choice,100,25,mdptoolbox_pi,3,2,0.99,0.001,0.012428099988028407,8.526512829121202e-14,8.526512829121194e-12,success,
e72fcaca-ffc0-4ddc-9839-2aa1ec512b86,100_25_tandem_choice,100,25,mdptoolbox_mpi,1,0,0.99,0.001,0.011082499986514449,2.2939224066931274e-06,0.00022939224066931252,success,
e72fcaca-ffc0-4ddc-9839-2aa1ec512b86,100_25_tandem_choice,100,25,mdptoolbox_mpi,2,1,0.99,0.001,0.012708099791780114,2.2939224066931274e-06,0.00022939224066931252,success,
e72fcaca-ffc0-4ddc-9839-2aa1ec512b86,100_25_tandem_choice,100,25,mdptoolbox_mpi,3,2,0.99,0.001,0.011523300083354115,2.2939224066931274e-06,0.00022939224066931252,success,
e72fcaca-ffc0-4ddc-9839-2aa1ec512b86,100_25_tandem_choice,100,25,marmote_vi,1,0,0.99,0.001,0.08374799997545779,1.4210854715202004e-14,1.4210854715201992e-12,success,
e72fcaca-ffc0-4ddc-9839-2aa1ec512b86,100_25_tandem_choice,100,25,marmote_vi,2,1,0.99,0.001,0.08117559994570911,1.4210854715202004e-14,1.4210854715201992e-12,success,
e72fcaca-ffc0-4ddc-9839-2aa1ec512b86,100_25_tandem_choice,100,25,marmote_vi,3,2,0.99,0.001,0.07820179988630116,1.4210854715202004e-14,1.4210854715201992e-12,success,
e72fcaca-ffc0-4ddc-9839-2aa1ec512b86,100_25_tandem_choice,100,25,marmote_vigs,1,0,0.99,0.001,0.07530539995059371,9.776428555596794e-09,9.776428555596786e-07,success,
e72fcaca-ffc0-4ddc-9839-2aa1ec512b86,100_25_tandem_choice,100,25,marmote_vigs,2,1,0.99,0.001,0.07517279987223446,9.776428555596794e-09,9.776428555596786e-07,success,
e72fcaca-ffc0-4ddc-9839-2aa1ec512b86,100_25_tandem_choice,100,25,marmote_vigs,3,2,0.99,0.001,0.07511359988711774,9.776428555596794e-09,9.776428555596786e-07,success,
e72fcaca-ffc0-4ddc-9839-2aa1ec512b86,100_25_tandem_choice,100,25,marmote_mpi,1,0,0.99,0.001,0.05777839990332723,4.928875881660133e-06,0.0004928875881660129,success,
e72fcaca-ffc0-4ddc-9839-2aa1ec512b86,100_25_tandem_choice,100,25,marmote_mpi,2,1,0.99,0.001,0.05728910001926124,4.928875881660133e-06,0.0004928875881660129,success,
e72fcaca-ffc0-4ddc-9839-2aa1ec512b86,100_25_tandem_choice,100,25,marmote_mpi,3,2,0.99,0.001,0.05721550015732646,4.928875881660133e-06,0.0004928875881660129,success,
e72fcaca-ffc0-4ddc-9839-2aa1ec512b86,100_25_tandem_choice,100,25,marmote_mpigs,1,0,0.99,0.001,0.05800889991223812,4.836346519709878e-06,0.00048363465197098733,success,
e72fcaca-ffc0-4ddc-9839-2aa1ec512b86,100_25_tandem_choice,100,25,marmote_mpigs,2,1,0.99,0.001,0.060234100092202425,4.836346519709878e-06,0.00048363465197098733,success,
e72fcaca-ffc0-4ddc-9839-2aa1ec512b86,100_25_tandem_choice,100,25,marmote_mpigs,3,2,0.99,0.001,0.060236900113523006,4.836346519709878e-06,0.00048363465197098733,success,
e72fcaca-ffc0-4ddc-9839-2aa1ec512b86,100_25_tandem_choice,100,25,mdpsolver_vi,1,0,0.99,0.001,0.0529746999964118,3.497055445222941e-08,3.497055445222938e-06,success,
e72fcaca-ffc0-4ddc-9839-2aa1ec512b86,100_25_tandem_choice,100,25,mdpsolver_vi,2,1,0.99,0.001,0.053339599864557385,3.497055445222941e-08,3.497055445222938e-06,success,
e72fcaca-ffc0-4ddc-9839-2aa1ec512b86,100_25_tandem_choice,100,25,mdpsolver_vi,3,2,0.99,0.001,0.05237869988195598,3.497055445222941e-08,3.497055445222938e-06,success,
e72fcaca-ffc0-4ddc-9839-2aa1ec512b86,100_25_tandem_choice,100,25,mdpsolver_vigs,1,0,0.99,0.001,0.0896364999935031,9.706383252705564e-09,9.706383252705555e-07,success,
e72fcaca-ffc0-4ddc-9839-2aa1ec512b86,100_25_tandem_choice,100,25,mdpsolver_vigs,2,1,0.99,0.001,0.08960500010289252,9.706383252705564e-09,9.706383252705555e-07,success,
e72fcaca-ffc0-4ddc-9839-2aa1ec512b86,100_25_tandem_choice,100,25,mdpsolver_vigs,3,2,0.99,0.001,0.08901550015434623,9.706383252705564e-09,9.706383252705555e-07,success,
e72fcaca-ffc0-4ddc-9839-2aa1ec512b86,100_25_tandem_choice,100,25,mdpsolver_visor,1,0,0.99,0.001,0.05331250000745058,nan,nan,error,RuntimeError: VI precision not reached: error bound 110.306 > 0.001
e72fcaca-ffc0-4ddc-9839-2aa1ec512b86,100_25_tandem_choice,100,25,mdpsolver_visor,2,1,0.99,0.001,0.05377090000547469,nan,nan,error,RuntimeError: VI precision not reached: error bound 110.306 > 0.001
e72fcaca-ffc0-4ddc-9839-2aa1ec512b86,100_25_tandem_choice,100,25,mdpsolver_visor,3,2,0.99,0.001,0.05391680006869137,nan,nan,error,RuntimeError: VI precision not reached: error bound 110.306 > 0.001
e72fcaca-ffc0-4ddc-9839-2aa1ec512b86,100_25_tandem_choice,100,25,mdpsolver_pi,1,0,0.99,0.001,0.04955330002121627,3.4954402536868656e-06,0.00034954402536868624,success,
e72fcaca-ffc0-4ddc-9839-2aa1ec512b86,100_25_tandem_choice,100,25,mdpsolver_pi,2,1,0.99,0.001,0.0499887999612838,3.4954402536868656e-06,0.00034954402536868624,success,
e72fcaca-ffc0-4ddc-9839-2aa1ec512b86,100_25_tandem_choice,100,25,mdpsolver_pi,3,2,0.99,0.001,0.051299700047820807,3.4954402536868656e-06,0.00034954402536868624,success,
e72fcaca-ffc0-4ddc-9839-2aa1ec512b86,100_25_tandem_choice,100,25,mdpsolver_mpi,1,0,0.99,0.001,0.04997589997947216,7.061340994596321e-06,0.0007061340994596315,success,
e72fcaca-ffc0-4ddc-9839-2aa1ec512b86,100_25_tandem_choice,100,25,mdpsolver_mpi,2,1,0.99,0.001,0.05034229997545481,7.061340994596321e-06,0.0007061340994596315,success,
e72fcaca-ffc0-4ddc-9839-2aa1ec512b86,100_25_tandem_choice,100,25,mdpsolver_mpi,3,2,0.99,0.001,0.049234900157898664,7.061340994596321e-06,0.0007061340994596315,success,
e72fcaca-ffc0-4ddc-9839-2aa1ec512b86,100_25_tandem_choice,100,25,mdpsolver_mpigs,1,0,0.99,0.001,0.049669799860566854,7.352578279551381e-07,7.352578279551374e-05,success,
e72fcaca-ffc0-4ddc-9839-2aa1ec512b86,100_25_tandem_choice,100,25,mdpsolver_mpigs,2,1,0.99,0.001,0.05140239978209138,7.352578279551381e-07,7.352578279551374e-05,success,
e72fcaca-ffc0-4ddc-9839-2aa1ec512b86,100_25_tandem_choice,100,25,mdpsolver_mpigs,3,2,0.99,0.001,0.051423200173303485,7.352578279551381e-07,7.352578279551374e-05,success,
e72fcaca-ffc0-4ddc-9839-2aa1ec512b86,100_25_tandem_choice,100,25,mdpsolver_mpigs_init,1,0,0.99,0.001,0.05126339988783002,8.374014583978351e-07,8.374014583978344e-05,success,
e72fcaca-ffc0-4ddc-9839-2aa1ec512b86,100_25_tandem_choice,100,25,mdpsolver_mpigs_init,2,1,0.99,0.001,0.04949140013195574,8.374014583978351e-07,8.374014583978344e-05,success,
e72fcaca-ffc0-4ddc-9839-2aa1ec512b86,100_25_tandem_choice,100,25,mdpsolver_mpigs_init,3,2,0.99,0.001,0.04928290005773306,8.374014583978351e-07,8.374014583978344e-05,success,
e72fcaca-ffc0-4ddc-9839-2aa1ec512b86,100_25_tandem_choice,100,25,mdpsolver_mpisor,1,0,0.99,0.001,0.04947219998575747,7.352578279551381e-07,7.352578279551374e-05,success,
e72fcaca-ffc0-4ddc-9839-2aa1ec512b86,100_25_tandem_choice,100,25,mdpsolver_mpisor,2,1,0.99,0.001,0.04982060007750988,7.352578279551381e-07,7.352578279551374e-05,success,
e72fcaca-ffc0-4ddc-9839-2aa1ec512b86,100_25_tandem_choice,100,25,mdpsolver_mpisor,3,2,0.99,0.001,0.04961650003679097,7.352578279551381e-07,7.352578279551374e-05,success,
e72fcaca-ffc0-4ddc-9839-2aa1ec512b86,100_25_tandem_choice,100,25,mdpsolver_mpisor_init,1,0,0.99,0.001,0.05119249993003905,8.374014583978351e-07,8.374014583978344e-05,success,
e72fcaca-ffc0-4ddc-9839-2aa1ec512b86,100_25_tandem_choice,100,25,mdpsolver_mpisor_init,2,1,0.99,0.001,0.049730899976566434,8.374014583978351e-07,8.374014583978344e-05,success,
e72fcaca-ffc0-4ddc-9839-2aa1ec512b86,100_25_tandem_choice,100,25,mdpsolver_mpisor_init,3,2,0.99,0.001,0.05258170003071427,8.374014583978351e-07,8.374014583978344e-05,success,
e72fcaca-ffc0-4ddc-9839-2aa1ec512b86,501_6_terminal_taxi_benchmark,501,6,mdptoolbox_vi,1,0,0.99,0.001,0.16085390001535416,1.4210854715202004e-14,1.4210854715201992e-12,success,
e72fcaca-ffc0-4ddc-9839-2aa1ec512b86,501_6_terminal_taxi_benchmark,501,6,mdptoolbox_vi,2,1,0.99,0.001,0.16233150009065866,1.4210854715202004e-14,1.4210854715201992e-12,success,
e72fcaca-ffc0-4ddc-9839-2aa1ec512b86,501_6_terminal_taxi_benchmark,501,6,mdptoolbox_vi,3,2,0.99,0.001,0.15851190011017025,1.4210854715202004e-14,1.4210854715201992e-12,success,
e72fcaca-ffc0-4ddc-9839-2aa1ec512b86,501_6_terminal_taxi_benchmark,501,6,mdptoolbox_vigs,1,0,0.99,0.001,3.304901400115341,6.404462880027495e-07,6.40446288002749e-05,success,
e72fcaca-ffc0-4ddc-9839-2aa1ec512b86,501_6_terminal_taxi_benchmark,501,6,mdptoolbox_vigs,2,1,0.99,0.001,3.263243000023067,6.404462880027495e-07,6.40446288002749e-05,success,
e72fcaca-ffc0-4ddc-9839-2aa1ec512b86,501_6_terminal_taxi_benchmark,501,6,mdptoolbox_vigs,3,2,0.99,0.001,3.333639199845493,6.404462880027495e-07,6.40446288002749e-05,success,
e72fcaca-ffc0-4ddc-9839-2aa1ec512b86,501_6_terminal_taxi_benchmark,501,6,mdptoolbox_pi,1,0,0.99,0.001,0.07996850018389523,2.842170943040401e-14,2.8421709430403983e-12,success,
e72fcaca-ffc0-4ddc-9839-2aa1ec512b86,501_6_terminal_taxi_benchmark,501,6,mdptoolbox_pi,2,1,0.99,0.001,0.07226769998669624,2.842170943040401e-14,2.8421709430403983e-12,success,
e72fcaca-ffc0-4ddc-9839-2aa1ec512b86,501_6_terminal_taxi_benchmark,501,6,mdptoolbox_pi,3,2,0.99,0.001,0.07090719998814166,2.842170943040401e-14,2.8421709430403983e-12,success,
e72fcaca-ffc0-4ddc-9839-2aa1ec512b86,501_6_terminal_taxi_benchmark,501,6,mdptoolbox_mpi,1,0,0.99,0.001,0.04787390003912151,2.842170943040401e-14,2.8421709430403983e-12,success,
e72fcaca-ffc0-4ddc-9839-2aa1ec512b86,501_6_terminal_taxi_benchmark,501,6,mdptoolbox_mpi,2,1,0.99,0.001,0.04634619993157685,2.842170943040401e-14,2.8421709430403983e-12,success,
e72fcaca-ffc0-4ddc-9839-2aa1ec512b86,501_6_terminal_taxi_benchmark,501,6,mdptoolbox_mpi,3,2,0.99,0.001,0.04544870019890368,2.842170943040401e-14,2.8421709430403983e-12,success,
e72fcaca-ffc0-4ddc-9839-2aa1ec512b86,501_6_terminal_taxi_benchmark,501,6,marmote_vi,1,0,0.99,0.001,0.049585500033572316,2.842170943040401e-14,2.8421709430403983e-12,success,
e72fcaca-ffc0-4ddc-9839-2aa1ec512b86,501_6_terminal_taxi_benchmark,501,6,marmote_vi,2,1,0.99,0.001,0.04970810003578663,2.842170943040401e-14,2.8421709430403983e-12,success,
e72fcaca-ffc0-4ddc-9839-2aa1ec512b86,501_6_terminal_taxi_benchmark,501,6,marmote_vi,3,2,0.99,0.001,0.04938640003092587,2.842170943040401e-14,2.8421709430403983e-12,success,
e72fcaca-ffc0-4ddc-9839-2aa1ec512b86,501_6_terminal_taxi_benchmark,501,6,marmote_vigs,1,0,0.99,0.001,0.04960709996521473,2.4925896013883175e-08,2.4925896013883154e-06,success,
e72fcaca-ffc0-4ddc-9839-2aa1ec512b86,501_6_terminal_taxi_benchmark,501,6,marmote_vigs,2,1,0.99,0.001,0.048573599895462394,2.4925896013883175e-08,2.4925896013883154e-06,success,
e72fcaca-ffc0-4ddc-9839-2aa1ec512b86,501_6_terminal_taxi_benchmark,501,6,marmote_vigs,3,2,0.99,0.001,0.049097999930381775,2.4925896013883175e-08,2.4925896013883154e-06,success,
e72fcaca-ffc0-4ddc-9839-2aa1ec512b86,501_6_terminal_taxi_benchmark,501,6,marmote_mpi,1,0,0.99,0.001,0.027364999987185,4.924891129576281e-06,0.0004924891129576277,success,
e72fcaca-ffc0-4ddc-9839-2aa1ec512b86,501_6_terminal_taxi_benchmark,501,6,marmote_mpi,2,1,0.99,0.001,0.02722729998640716,4.924891129576281e-06,0.0004924891129576277,success,
e72fcaca-ffc0-4ddc-9839-2aa1ec512b86,501_6_terminal_taxi_benchmark,501,6,marmote_mpi,3,2,0.99,0.001,0.028123300056904554,4.924891129576281e-06,0.0004924891129576277,success,
e72fcaca-ffc0-4ddc-9839-2aa1ec512b86,501_6_terminal_taxi_benchmark,501,6,marmote_mpigs,1,0,0.99,0.001,0.026908400002866983,4.636687222614455e-06,0.0004636687222614451,success,
e72fcaca-ffc0-4ddc-9839-2aa1ec512b86,501_6_terminal_taxi_benchmark,501,6,marmote_mpigs,2,1,0.99,0.001,0.02824219991452992,4.636687222614455e-06,0.0004636687222614451,success,
e72fcaca-ffc0-4ddc-9839-2aa1ec512b86,501_6_terminal_taxi_benchmark,501,6,marmote_mpigs,3,2,0.99,0.001,0.027025599963963032,4.636687222614455e-06,0.0004636687222614451,success,
e72fcaca-ffc0-4ddc-9839-2aa1ec512b86,501_6_terminal_taxi_benchmark,501,6,mdpsolver_vi,1,0,0.99,0.001,0.021419799886643887,1.4210854715202004e-14,1.4210854715201992e-12,success,
e72fcaca-ffc0-4ddc-9839-2aa1ec512b86,501_6_terminal_taxi_benchmark,501,6,mdpsolver_vi,2,1,0.99,0.001,0.021092999959364533,1.4210854715202004e-14,1.4210854715201992e-12,success,
e72fcaca-ffc0-4ddc-9839-2aa1ec512b86,501_6_terminal_taxi_benchmark,501,6,mdpsolver_vi,3,2,0.99,0.001,0.021744899917393923,1.4210854715202004e-14,1.4210854715201992e-12,success,
e72fcaca-ffc0-4ddc-9839-2aa1ec512b86,501_6_terminal_taxi_benchmark,501,6,mdpsolver_vigs,1,0,0.99,0.001,0.050360599998384714,2.4676637622178532e-08,2.467663762217851e-06,success,
e72fcaca-ffc0-4ddc-9839-2aa1ec512b86,501_6_terminal_taxi_benchmark,501,6,mdpsolver_vigs,2,1,0.99,0.001,0.07390950014814734,2.4676637622178532e-08,2.467663762217851e-06,success,
e72fcaca-ffc0-4ddc-9839-2aa1ec512b86,501_6_terminal_taxi_benchmark,501,6,mdpsolver_vigs,3,2,0.99,0.001,0.06117920018732548,2.4676637622178532e-08,2.467663762217851e-06,success,
e72fcaca-ffc0-4ddc-9839-2aa1ec512b86,501_6_terminal_taxi_benchmark,501,6,mdpsolver_visor,1,0,0.99,0.001,0.024945500073954463,0.0,0.0,success,
e72fcaca-ffc0-4ddc-9839-2aa1ec512b86,501_6_terminal_taxi_benchmark,501,6,mdpsolver_visor,2,1,0.99,0.001,0.02463330002501607,0.0,0.0,success,
e72fcaca-ffc0-4ddc-9839-2aa1ec512b86,501_6_terminal_taxi_benchmark,501,6,mdpsolver_visor,3,2,0.99,0.001,0.0252360999584198,0.0,0.0,success,
e72fcaca-ffc0-4ddc-9839-2aa1ec512b86,501_6_terminal_taxi_benchmark,501,6,mdpsolver_pi,1,0,0.99,0.001,0.036572299897670746,4.263256414560601e-14,4.263256414560597e-12,success,
e72fcaca-ffc0-4ddc-9839-2aa1ec512b86,501_6_terminal_taxi_benchmark,501,6,mdpsolver_pi,2,1,0.99,0.001,0.03342660004273057,4.263256414560601e-14,4.263256414560597e-12,success,
e72fcaca-ffc0-4ddc-9839-2aa1ec512b86,501_6_terminal_taxi_benchmark,501,6,mdpsolver_pi,3,2,0.99,0.001,0.028924999991431832,4.263256414560601e-14,4.263256414560597e-12,success,
e72fcaca-ffc0-4ddc-9839-2aa1ec512b86,501_6_terminal_taxi_benchmark,501,6,mdpsolver_mpi,1,0,0.99,0.001,0.027506300015375018,4.263256414560601e-14,4.263256414560597e-12,success,
e72fcaca-ffc0-4ddc-9839-2aa1ec512b86,501_6_terminal_taxi_benchmark,501,6,mdpsolver_mpi,2,1,0.99,0.001,0.026224100030958652,4.263256414560601e-14,4.263256414560597e-12,success,
e72fcaca-ffc0-4ddc-9839-2aa1ec512b86,501_6_terminal_taxi_benchmark,501,6,mdpsolver_mpi,3,2,0.99,0.001,0.02520319982431829,4.263256414560601e-14,4.263256414560597e-12,success,
e72fcaca-ffc0-4ddc-9839-2aa1ec512b86,501_6_terminal_taxi_benchmark,501,6,mdpsolver_mpigs,1,0,0.99,0.001,0.028801199980080128,0.0,0.0,success,
e72fcaca-ffc0-4ddc-9839-2aa1ec512b86,501_6_terminal_taxi_benchmark,501,6,mdpsolver_mpigs,2,1,0.99,0.001,0.023830499965697527,0.0,0.0,success,
e72fcaca-ffc0-4ddc-9839-2aa1ec512b86,501_6_terminal_taxi_benchmark,501,6,mdpsolver_mpigs,3,2,0.99,0.001,0.024088799953460693,0.0,0.0,success,
e72fcaca-ffc0-4ddc-9839-2aa1ec512b86,501_6_terminal_taxi_benchmark,501,6,mdpsolver_mpigs_init,1,0,0.99,0.001,0.02538160001859069,0.0,0.0,success,
e72fcaca-ffc0-4ddc-9839-2aa1ec512b86,501_6_terminal_taxi_benchmark,501,6,mdpsolver_mpigs_init,2,1,0.99,0.001,0.03513289988040924,0.0,0.0,success,
e72fcaca-ffc0-4ddc-9839-2aa1ec512b86,501_6_terminal_taxi_benchmark,501,6,mdpsolver_mpigs_init,3,2,0.99,0.001,0.025648999959230423,0.0,0.0,success,
e72fcaca-ffc0-4ddc-9839-2aa1ec512b86,501_6_terminal_taxi_benchmark,501,6,mdpsolver_mpisor,1,0,0.99,0.001,0.033854200039058924,0.0,0.0,success,
e72fcaca-ffc0-4ddc-9839-2aa1ec512b86,501_6_terminal_taxi_benchmark,501,6,mdpsolver_mpisor,2,1,0.99,0.001,0.024120400194078684,0.0,0.0,success,
e72fcaca-ffc0-4ddc-9839-2aa1ec512b86,501_6_terminal_taxi_benchmark,501,6,mdpsolver_mpisor,3,2,0.99,0.001,0.029200300108641386,0.0,0.0,success,
e72fcaca-ffc0-4ddc-9839-2aa1ec512b86,501_6_terminal_taxi_benchmark,501,6,mdpsolver_mpisor_init,1,0,0.99,0.001,0.027420699829235673,0.0,0.0,success,
e72fcaca-ffc0-4ddc-9839-2aa1ec512b86,501_6_terminal_taxi_benchmark,501,6,mdpsolver_mpisor_init,2,1,0.99,0.001,0.025494399946182966,0.0,0.0,success,
e72fcaca-ffc0-4ddc-9839-2aa1ec512b86,501_6_terminal_taxi_benchmark,501,6,mdpsolver_mpisor_init,3,2,0.99,0.001,0.028493799967691302,0.0,0.0,success,
e72fcaca-ffc0-4ddc-9839-2aa1ec512b86,3381_9_tictactoe,3381,9,mdptoolbox_vi,1,0,0.99,0.001,nan,nan,nan,error,Solver process exited with code 1
e72fcaca-ffc0-4ddc-9839-2aa1ec512b86,3381_9_tictactoe,3381,9,mdptoolbox_vi,2,1,0.99,0.001,nan,nan,nan,error,Solver process exited with code 1
e72fcaca-ffc0-4ddc-9839-2aa1ec512b86,3381_9_tictactoe,3381,9,mdptoolbox_vi,3,2,0.99,0.001,nan,nan,nan,error,Solver process exited with code 1
e72fcaca-ffc0-4ddc-9839-2aa1ec512b86,3381_9_tictactoe,3381,9,mdptoolbox_vigs,1,0,0.99,0.001,nan,nan,nan,error,Solver process exited with code 1
e72fcaca-ffc0-4ddc-9839-2aa1ec512b86,3381_9_tictactoe,3381,9,mdptoolbox_vigs,2,1,0.99,0.001,nan,nan,nan,error,Solver process exited with code 1
e72fcaca-ffc0-4ddc-9839-2aa1ec512b86,3381_9_tictactoe,3381,9,mdptoolbox_vigs,3,2,0.99,0.001,nan,nan,nan,error,Solver process exited with code 1
e72fcaca-ffc0-4ddc-9839-2aa1ec512b86,3381_9_tictactoe,3381,9,mdptoolbox_pi,1,0,0.99,0.001,nan,nan,nan,error,Solver process exited with code 1
e72fcaca-ffc0-4ddc-9839-2aa1ec512b86,3381_9_tictactoe,3381,9,mdptoolbox_pi,2,1,0.99,0.001,nan,nan,nan,error,Solver process exited with code 1
e72fcaca-ffc0-4ddc-9839-2aa1ec512b86,3381_9_tictactoe,3381,9,mdptoolbox_pi,3,2,0.99,0.001,nan,nan,nan,error,Solver process exited with code 1
e72fcaca-ffc0-4ddc-9839-2aa1ec512b86,3381_9_tictactoe,3381,9,mdptoolbox_mpi,1,0,0.99,0.001,nan,nan,nan,error,Solver process exited with code 1
e72fcaca-ffc0-4ddc-9839-2aa1ec512b86,3381_9_tictactoe,3381,9,mdptoolbox_mpi,2,1,0.99,0.001,nan,nan,nan,error,Solver process exited with code 1
e72fcaca-ffc0-4ddc-9839-2aa1ec512b86,3381_9_tictactoe,3381,9,mdptoolbox_mpi,3,2,0.99,0.001,nan,nan,nan,error,Solver process exited with code 1
e72fcaca-ffc0-4ddc-9839-2aa1ec512b86,3381_9_tictactoe,3381,9,marmote_vi,1,0,0.99,0.001,nan,nan,nan,error,Solver process exited with code 1
e72fcaca-ffc0-4ddc-9839-2aa1ec512b86,3381_9_tictactoe,3381,9,marmote_vi,2,1,0.99,0.001,nan,nan,nan,error,Solver process exited with code 1
e72fcaca-ffc0-4ddc-9839-2aa1ec512b86,3381_9_tictactoe,3381,9,marmote_vi,3,2,0.99,0.001,nan,nan,nan,error,Solver process exited with code 1
e72fcaca-ffc0-4ddc-9839-2aa1ec512b86,3381_9_tictactoe,3381,9,marmote_vigs,1,0,0.99,0.001,nan,nan,nan,error,Solver process exited with code 1
e72fcaca-ffc0-4ddc-9839-2aa1ec512b86,3381_9_tictactoe,3381,9,marmote_vigs,2,1,0.99,0.001,nan,nan,nan,error,Solver process exited with code 1
e72fcaca-ffc0-4ddc-9839-2aa1ec512b86,3381_9_tictactoe,3381,9,marmote_vigs,3,2,0.99,0.001,nan,nan,nan,error,Solver process exited with code 1
e72fcaca-ffc0-4ddc-9839-2aa1ec512b86,3381_9_tictactoe,3381,9,marmote_mpi,1,0,0.99,0.001,nan,nan,nan,error,Solver process exited with code 1
e72fcaca-ffc0-4ddc-9839-2aa1ec512b86,3381_9_tictactoe,3381,9,marmote_mpi,2,1,0.99,0.001,nan,nan,nan,error,Solver process exited with code 1
e72fcaca-ffc0-4ddc-9839-2aa1ec512b86,3381_9_tictactoe,3381,9,marmote_mpi,3,2,0.99,0.001,nan,nan,nan,error,Solver process exited with code 1
e72fcaca-ffc0-4ddc-9839-2aa1ec512b86,3381_9_tictactoe,3381,9,marmote_mpigs,1,0,0.99,0.001,nan,nan,nan,error,Solver process exited with code 1
e72fcaca-ffc0-4ddc-9839-2aa1ec512b86,3381_9_tictactoe,3381,9,marmote_mpigs,2,1,0.99,0.001,nan,nan,nan,error,Solver process exited with code 1
e72fcaca-ffc0-4ddc-9839-2aa1ec512b86,3381_9_tictactoe,3381,9,marmote_mpigs,3,2,0.99,0.001,nan,nan,nan,error,Solver process exited with code 1
e72fcaca-ffc0-4ddc-9839-2aa1ec512b86,3381_9_tictactoe,3381,9,mdpsolver_vi,1,0,0.99,0.001,nan,nan,nan,error,Solver process exited with code 1
e72fcaca-ffc0-4ddc-9839-2aa1ec512b86,3381_9_tictactoe,3381,9,mdpsolver_vi,2,1,0.99,0.001,nan,nan,nan,error,Solver process exited with code 1
e72fcaca-ffc0-4ddc-9839-2aa1ec512b86,3381_9_tictactoe,3381,9,mdpsolver_vi,3,2,0.99,0.001,nan,nan,nan,error,Solver process exited with code 1
e72fcaca-ffc0-4ddc-9839-2aa1ec512b86,3381_9_tictactoe,3381,9,mdpsolver_vigs,1,0,0.99,0.001,nan,nan,nan,error,Solver process exited with code 1
e72fcaca-ffc0-4ddc-9839-2aa1ec512b86,3381_9_tictactoe,3381,9,mdpsolver_vigs,2,1,0.99,0.001,nan,nan,nan,error,Solver process exited with code 1
e72fcaca-ffc0-4ddc-9839-2aa1ec512b86,3381_9_tictactoe,3381,9,mdpsolver_vigs,3,2,0.99,0.001,nan,nan,nan,error,Solver process exited with code 1
e72fcaca-ffc0-4ddc-9839-2aa1ec512b86,3381_9_tictactoe,3381,9,mdpsolver_visor,1,0,0.99,0.001,nan,nan,nan,error,Solver process exited with code 1
e72fcaca-ffc0-4ddc-9839-2aa1ec512b86,3381_9_tictactoe,3381,9,mdpsolver_visor,2,1,0.99,0.001,nan,nan,nan,error,Solver process exited with code 1
e72fcaca-ffc0-4ddc-9839-2aa1ec512b86,3381_9_tictactoe,3381,9,mdpsolver_visor,3,2,0.99,0.001,nan,nan,nan,error,Solver process exited with code 1
e72fcaca-ffc0-4ddc-9839-2aa1ec512b86,3381_9_tictactoe,3381,9,mdpsolver_pi,1,0,0.99,0.001,nan,nan,nan,error,Solver process exited with code 1
e72fcaca-ffc0-4ddc-9839-2aa1ec512b86,3381_9_tictactoe,3381,9,mdpsolver_pi,2,1,0.99,0.001,nan,nan,nan,error,Solver process exited with code 1
e72fcaca-ffc0-4ddc-9839-2aa1ec512b86,3381_9_tictactoe,3381,9,mdpsolver_pi,3,2,0.99,0.001,nan,nan,nan,error,Solver process exited with code 1
e72fcaca-ffc0-4ddc-9839-2aa1ec512b86,3381_9_tictactoe,3381,9,mdpsolver_mpi,1,0,0.99,0.001,nan,nan,nan,error,Solver process exited with code 1
e72fcaca-ffc0-4ddc-9839-2aa1ec512b86,3381_9_tictactoe,3381,9,mdpsolver_mpi,2,1,0.99,0.001,nan,nan,nan,error,Solver process exited with code 1
e72fcaca-ffc0-4ddc-9839-2aa1ec512b86,3381_9_tictactoe,3381,9,mdpsolver_mpi,3,2,0.99,0.001,nan,nan,nan,error,Solver process exited with code 1
e72fcaca-ffc0-4ddc-9839-2aa1ec512b86,3381_9_tictactoe,3381,9,mdpsolver_mpigs,1,0,0.99,0.001,nan,nan,nan,error,Solver process exited with code 1
e72fcaca-ffc0-4ddc-9839-2aa1ec512b86,3381_9_tictactoe,3381,9,mdpsolver_mpigs,2,1,0.99,0.001,nan,nan,nan,error,Solver process exited with code 1
e72fcaca-ffc0-4ddc-9839-2aa1ec512b86,3381_9_tictactoe,3381,9,mdpsolver_mpigs,3,2,0.99,0.001,nan,nan,nan,error,Solver process exited with code 1
e72fcaca-ffc0-4ddc-9839-2aa1ec512b86,3381_9_tictactoe,3381,9,mdpsolver_mpigs_init,1,0,0.99,0.001,nan,nan,nan,error,Solver process exited with code 1
e72fcaca-ffc0-4ddc-9839-2aa1ec512b86,3381_9_tictactoe,3381,9,mdpsolver_mpigs_init,2,1,0.99,0.001,nan,nan,nan,error,Solver process exited with code 1
e72fcaca-ffc0-4ddc-9839-2aa1ec512b86,3381_9_tictactoe,3381,9,mdpsolver_mpigs_init,3,2,0.99,0.001,nan,nan,nan,error,Solver process exited with code 1
e72fcaca-ffc0-4ddc-9839-2aa1ec512b86,3381_9_tictactoe,3381,9,mdpsolver_mpisor,1,0,0.99,0.001,nan,nan,nan,error,Solver process exited with code 1
e72fcaca-ffc0-4ddc-9839-2aa1ec512b86,3381_9_tictactoe,3381,9,mdpsolver_mpisor,2,1,0.99,0.001,nan,nan,nan,error,Solver process exited with code 1
e72fcaca-ffc0-4ddc-9839-2aa1ec512b86,3381_9_tictactoe,3381,9,mdpsolver_mpisor,3,2,0.99,0.001,nan,nan,nan,error,Solver process exited with code 1
e72fcaca-ffc0-4ddc-9839-2aa1ec512b86,3381_9_tictactoe,3381,9,mdpsolver_mpisor_init,1,0,0.99,0.001,nan,nan,nan,error,Solver process exited with code 1
e72fcaca-ffc0-4ddc-9839-2aa1ec512b86,3381_9_tictactoe,3381,9,mdpsolver_mpisor_init,2,1,0.99,0.001,nan,nan,nan,error,Solver process exited with code 1
e72fcaca-ffc0-4ddc-9839-2aa1ec512b86,3381_9_tictactoe,3381,9,mdpsolver_mpisor_init,3,2,0.99,0.001,nan,nan,nan,error,Solver process exited with code 1
e72fcaca-ffc0-4ddc-9839-2aa1ec512b86,100_2_unichain,100,2,mdptoolbox_vi,1,0,0.99,0.001,0.011218399973586202,0.0,0.0,success,
e72fcaca-ffc0-4ddc-9839-2aa1ec512b86,100_2_unichain,100,2,mdptoolbox_vi,2,1,0.99,0.001,0.011605999898165464,0.0,0.0,success,
e72fcaca-ffc0-4ddc-9839-2aa1ec512b86,100_2_unichain,100,2,mdptoolbox_vi,3,2,0.99,0.001,0.011593899922445416,0.0,0.0,success,
e72fcaca-ffc0-4ddc-9839-2aa1ec512b86,100_2_unichain,100,2,mdptoolbox_vigs,1,0,0.99,0.001,0.016627199947834015,0.0,0.0,success,
e72fcaca-ffc0-4ddc-9839-2aa1ec512b86,100_2_unichain,100,2,mdptoolbox_vigs,2,1,0.99,0.001,0.016796400072053075,0.0,0.0,success,
e72fcaca-ffc0-4ddc-9839-2aa1ec512b86,100_2_unichain,100,2,mdptoolbox_vigs,3,2,0.99,0.001,0.016704499954357743,0.0,0.0,success,
e72fcaca-ffc0-4ddc-9839-2aa1ec512b86,100_2_unichain,100,2,mdptoolbox_pi,1,0,0.99,0.001,0.0032160000409930944,4.2883766122895145e-15,4.2883766122895104e-13,success,
e72fcaca-ffc0-4ddc-9839-2aa1ec512b86,100_2_unichain,100,2,mdptoolbox_pi,2,1,0.99,0.001,0.002976899966597557,4.2883766122895145e-15,4.2883766122895104e-13,success,
e72fcaca-ffc0-4ddc-9839-2aa1ec512b86,100_2_unichain,100,2,mdptoolbox_pi,3,2,0.99,0.001,0.0029452000744640827,4.2883766122895145e-15,4.2883766122895104e-13,success,
e72fcaca-ffc0-4ddc-9839-2aa1ec512b86,100_2_unichain,100,2,mdptoolbox_mpi,1,0,0.99,0.001,0.0027651998680084944,8.526512829121202e-14,8.526512829121194e-12,success,
e72fcaca-ffc0-4ddc-9839-2aa1ec512b86,100_2_unichain,100,2,mdptoolbox_mpi,2,1,0.99,0.001,0.00289009977132082,8.526512829121202e-14,8.526512829121194e-12,success,
e72fcaca-ffc0-4ddc-9839-2aa1ec512b86,100_2_unichain,100,2,mdptoolbox_mpi,3,2,0.99,0.001,0.0031530000269412994,8.526512829121202e-14,8.526512829121194e-12,success,
e72fcaca-ffc0-4ddc-9839-2aa1ec512b86,100_2_unichain,100,2,marmote_vi,1,0,0.99,0.001,0.0022050999104976654,0.0,0.0,success,
e72fcaca-ffc0-4ddc-9839-2aa1ec512b86,100_2_unichain,100,2,marmote_vi,2,1,0.99,0.001,0.0021152000408619642,0.0,0.0,success,
e72fcaca-ffc0-4ddc-9839-2aa1ec512b86,100_2_unichain,100,2,marmote_vi,3,2,0.99,0.001,0.0020963000133633614,0.0,0.0,success,
e72fcaca-ffc0-4ddc-9839-2aa1ec512b86,100_2_unichain,100,2,marmote_vigs,1,0,0.99,0.001,0.002101799938827753,0.0,0.0,success,
e72fcaca-ffc0-4ddc-9839-2aa1ec512b86,100_2_unichain,100,2,marmote_vigs,2,1,0.99,0.001,0.0021075999829918146,0.0,0.0,success,
e72fcaca-ffc0-4ddc-9839-2aa1ec512b86,100_2_unichain,100,2,marmote_vigs,3,2,0.99,0.001,0.0020930999889969826,0.0,0.0,success,
e72fcaca-ffc0-4ddc-9839-2aa1ec512b86,100_2_unichain,100,2,marmote_mpi,1,0,0.99,0.001,0.00247119995765388,4.924891136681708e-06,0.0004924891136681704,success,
e72fcaca-ffc0-4ddc-9839-2aa1ec512b86,100_2_unichain,100,2,marmote_mpi,2,1,0.99,0.001,0.0024858000688254833,4.924891136681708e-06,0.0004924891136681704,success,
e72fcaca-ffc0-4ddc-9839-2aa1ec512b86,100_2_unichain,100,2,marmote_mpi,3,2,0.99,0.001,0.002414500107988715,4.924891136681708e-06,0.0004924891136681704,success,
e72fcaca-ffc0-4ddc-9839-2aa1ec512b86,100_2_unichain,100,2,marmote_mpigs,1,0,0.99,0.001,0.00238540000282228,4.924891087205389e-06,0.0004924891087205385,success,
e72fcaca-ffc0-4ddc-9839-2aa1ec512b86,100_2_unichain,100,2,marmote_mpigs,2,1,0.99,0.001,0.002397499978542328,4.924891087205389e-06,0.0004924891087205385,success,
e72fcaca-ffc0-4ddc-9839-2aa1ec512b86,100_2_unichain,100,2,marmote_mpigs,3,2,0.99,0.001,0.0024417999666184187,4.924891087205389e-06,0.0004924891087205385,success,
e72fcaca-ffc0-4ddc-9839-2aa1ec512b86,100_2_unichain,100,2,mdpsolver_vi,1,0,0.99,0.001,0.0020325002260506153,8.526512829121202e-14,8.526512829121194e-12,success,
e72fcaca-ffc0-4ddc-9839-2aa1ec512b86,100_2_unichain,100,2,mdpsolver_vi,2,1,0.99,0.001,0.0019832001999020576,8.526512829121202e-14,8.526512829121194e-12,success,
e72fcaca-ffc0-4ddc-9839-2aa1ec512b86,100_2_unichain,100,2,mdpsolver_vi,3,2,0.99,0.001,0.0019922000356018543,8.526512829121202e-14,8.526512829121194e-12,success,
e72fcaca-ffc0-4ddc-9839-2aa1ec512b86,100_2_unichain,100,2,mdpsolver_vigs,1,0,0.99,0.001,0.0038169999606907368,2.4676630516751175e-08,2.4676630516751153e-06,success,
e72fcaca-ffc0-4ddc-9839-2aa1ec512b86,100_2_unichain,100,2,mdpsolver_vigs,2,1,0.99,0.001,0.004064999986439943,2.4676630516751175e-08,2.4676630516751153e-06,success,
e72fcaca-ffc0-4ddc-9839-2aa1ec512b86,100_2_unichain,100,2,mdpsolver_vigs,3,2,0.99,0.001,0.0039178000297397375,2.4676630516751175e-08,2.4676630516751153e-06,success,
e72fcaca-ffc0-4ddc-9839-2aa1ec512b86,100_2_unichain,100,2,mdpsolver_visor,1,0,0.99,0.001,0.0017585000023245811,0.0,0.0,success,
e72fcaca-ffc0-4ddc-9839-2aa1ec512b86,100_2_unichain,100,2,mdpsolver_visor,2,1,0.99,0.001,0.001802199985831976,0.0,0.0,success,
e72fcaca-ffc0-4ddc-9839-2aa1ec512b86,100_2_unichain,100,2,mdpsolver_visor,3,2,0.99,0.001,0.0018414999358356,0.0,0.0,success,
e72fcaca-ffc0-4ddc-9839-2aa1ec512b86,100_2_unichain,100,2,mdpsolver_pi,1,0,0.99,0.001,0.0019258998800069094,0.0,0.0,success,
e72fcaca-ffc0-4ddc-9839-2aa1ec512b86,100_2_unichain,100,2,mdpsolver_pi,2,1,0.99,0.001,0.0018674000166356564,0.0,0.0,success,
e72fcaca-ffc0-4ddc-9839-2aa1ec512b86,100_2_unichain,100,2,mdpsolver_pi,3,2,0.99,0.001,0.001916100038215518,0.0,0.0,success,
e72fcaca-ffc0-4ddc-9839-2aa1ec512b86,100_2_unichain,100,2,mdpsolver_mpi,1,0,0.99,0.001,0.0017422998789697886,1.7053025658242404e-13,1.7053025658242388e-11,success,
e72fcaca-ffc0-4ddc-9839-2aa1ec512b86,100_2_unichain,100,2,mdpsolver_mpi,2,1,0.99,0.001,0.0017919999081641436,1.7053025658242404e-13,1.7053025658242388e-11,success,
e72fcaca-ffc0-4ddc-9839-2aa1ec512b86,100_2_unichain,100,2,mdpsolver_mpi,3,2,0.99,0.001,0.001797500066459179,1.7053025658242404e-13,1.7053025658242388e-11,success,
e72fcaca-ffc0-4ddc-9839-2aa1ec512b86,100_2_unichain,100,2,mdpsolver_mpigs,1,0,0.99,0.001,0.0017937000375241041,0.0,0.0,success,
e72fcaca-ffc0-4ddc-9839-2aa1ec512b86,100_2_unichain,100,2,mdpsolver_mpigs,2,1,0.99,0.001,0.0017556999810039997,0.0,0.0,success,
e72fcaca-ffc0-4ddc-9839-2aa1ec512b86,100_2_unichain,100,2,mdpsolver_mpigs,3,2,0.99,0.001,0.0017323000356554985,0.0,0.0,success,
e72fcaca-ffc0-4ddc-9839-2aa1ec512b86,100_2_unichain,100,2,mdpsolver_mpigs_init,1,0,0.99,0.001,0.0017590001225471497,0.0,0.0,success,
e72fcaca-ffc0-4ddc-9839-2aa1ec512b86,100_2_unichain,100,2,mdpsolver_mpigs_init,2,1,0.99,0.001,0.0019111000001430511,0.0,0.0,success,
e72fcaca-ffc0-4ddc-9839-2aa1ec512b86,100_2_unichain,100,2,mdpsolver_mpigs_init,3,2,0.99,0.001,0.0017332001589238644,0.0,0.0,success,
e72fcaca-ffc0-4ddc-9839-2aa1ec512b86,100_2_unichain,100,2,mdpsolver_mpisor,1,0,0.99,0.001,0.001759599894285202,0.0,0.0,success,
e72fcaca-ffc0-4ddc-9839-2aa1ec512b86,100_2_unichain,100,2,mdpsolver_mpisor,2,1,0.99,0.001,0.0017321000341325998,0.0,0.0,success,
e72fcaca-ffc0-4ddc-9839-2aa1ec512b86,100_2_unichain,100,2,mdpsolver_mpisor,3,2,0.99,0.001,0.001716099912300706,0.0,0.0,success,
e72fcaca-ffc0-4ddc-9839-2aa1ec512b86,100_2_unichain,100,2,mdpsolver_mpisor_init,1,0,0.99,0.001,0.0016997000202536583,0.0,0.0,success,
e72fcaca-ffc0-4ddc-9839-2aa1ec512b86,100_2_unichain,100,2,mdpsolver_mpisor_init,2,1,0.99,0.001,0.0017097999807447195,0.0,0.0,success,
e72fcaca-ffc0-4ddc-9839-2aa1ec512b86,100_2_unichain,100,2,mdpsolver_mpisor_init,3,2,0.99,0.001,0.0017359999474138021,0.0,0.0,success,
e72fcaca-ffc0-4ddc-9839-2aa1ec512b86,70_4_windy_gridworld,70,4,mdptoolbox_vi,1,0,0.99,0.001,0.013283500215038657,0.0,0.0,success,
e72fcaca-ffc0-4ddc-9839-2aa1ec512b86,70_4_windy_gridworld,70,4,mdptoolbox_vi,2,1,0.99,0.001,0.01331080007366836,0.0,0.0,success,
e72fcaca-ffc0-4ddc-9839-2aa1ec512b86,70_4_windy_gridworld,70,4,mdptoolbox_vi,3,2,0.99,0.001,0.013224800117313862,0.0,0.0,success,
e72fcaca-ffc0-4ddc-9839-2aa1ec512b86,70_4_windy_gridworld,70,4,mdptoolbox_vigs,1,0,0.99,0.001,0.005038900068029761,0.0,0.0,success,
e72fcaca-ffc0-4ddc-9839-2aa1ec512b86,70_4_windy_gridworld,70,4,mdptoolbox_vigs,2,1,0.99,0.001,0.005774500081315637,0.0,0.0,success,
e72fcaca-ffc0-4ddc-9839-2aa1ec512b86,70_4_windy_gridworld,70,4,mdptoolbox_vigs,3,2,0.99,0.001,0.004788300022482872,0.0,0.0,success,
e72fcaca-ffc0-4ddc-9839-2aa1ec512b86,70_4_windy_gridworld,70,4,mdptoolbox_pi,1,0,0.99,0.001,0.01232369989156723,3.552713678800501e-15,3.552713678800498e-13,success,
e72fcaca-ffc0-4ddc-9839-2aa1ec512b86,70_4_windy_gridworld,70,4,mdptoolbox_pi,2,1,0.99,0.001,0.011244799941778183,3.552713678800501e-15,3.552713678800498e-13,success,
e72fcaca-ffc0-4ddc-9839-2aa1ec512b86,70_4_windy_gridworld,70,4,mdptoolbox_pi,3,2,0.99,0.001,0.011710399994626641,3.552713678800501e-15,3.552713678800498e-13,success,
e72fcaca-ffc0-4ddc-9839-2aa1ec512b86,70_4_windy_gridworld,70,4,mdptoolbox_mpi,1,0,0.99,0.001,0.007674700114876032,5.329070518200751e-15,5.329070518200746e-13,success,
e72fcaca-ffc0-4ddc-9839-2aa1ec512b86,70_4_windy_gridworld,70,4,mdptoolbox_mpi,2,1,0.99,0.001,0.00761369988322258,5.329070518200751e-15,5.329070518200746e-13,success,
e72fcaca-ffc0-4ddc-9839-2aa1ec512b86,70_4_windy_gridworld,70,4,mdptoolbox_mpi,3,2,0.99,0.001,0.007542600156739354,5.329070518200751e-15,5.329070518200746e-13,success,
e72fcaca-ffc0-4ddc-9839-2aa1ec512b86,70_4_windy_gridworld,70,4,marmote_vi,1,0,0.99,0.001,0.002869199961423874,0.0,0.0,success,
e72fcaca-ffc0-4ddc-9839-2aa1ec512b86,70_4_windy_gridworld,70,4,marmote_vi,2,1,0.99,0.001,0.0026700000744313,0.0,0.0,success,
e72fcaca-ffc0-4ddc-9839-2aa1ec512b86,70_4_windy_gridworld,70,4,marmote_vi,3,2,0.99,0.001,0.002711499808356166,0.0,0.0,success,
e72fcaca-ffc0-4ddc-9839-2aa1ec512b86,70_4_windy_gridworld,70,4,marmote_vigs,1,0,0.99,0.001,0.0027675998862832785,0.0,0.0,success,
e72fcaca-ffc0-4ddc-9839-2aa1ec512b86,70_4_windy_gridworld,70,4,marmote_vigs,2,1,0.99,0.001,0.002764499979093671,0.0,0.0,success,
e72fcaca-ffc0-4ddc-9839-2aa1ec512b86,70_4_windy_gridworld,70,4,marmote_vigs,3,2,0.99,0.001,0.002809000201523304,0.0,0.0,success,
e72fcaca-ffc0-4ddc-9839-2aa1ec512b86,70_4_windy_gridworld,70,4,marmote_mpi,1,0,0.99,0.001,0.0029452999588102102,4.9248910904964305e-06,0.0004924891090496426,success,
e72fcaca-ffc0-4ddc-9839-2aa1ec512b86,70_4_windy_gridworld,70,4,marmote_mpi,2,1,0.99,0.001,0.003007699968293309,4.9248910904964305e-06,0.0004924891090496426,success,
e72fcaca-ffc0-4ddc-9839-2aa1ec512b86,70_4_windy_gridworld,70,4,marmote_mpi,3,2,0.99,0.001,0.0029676000121980906,4.9248910904964305e-06,0.0004924891090496426,success,
e72fcaca-ffc0-4ddc-9839-2aa1ec512b86,70_4_windy_gridworld,70,4,marmote_mpigs,1,0,0.99,0.001,0.0029990000184625387,4.948150947647889e-06,0.0004948150947647885,success,
e72fcaca-ffc0-4ddc-9839-2aa1ec512b86,70_4_windy_gridworld,70,4,marmote_mpigs,2,1,0.99,0.001,0.002978099975734949,4.948150947647889e-06,0.0004948150947647885,success,
e72fcaca-ffc0-4ddc-9839-2aa1ec512b86,70_4_windy_gridworld,70,4,marmote_mpigs,3,2,0.99,0.001,0.0031939998734742403,4.948150947647889e-06,0.0004948150947647885,success,
e72fcaca-ffc0-4ddc-9839-2aa1ec512b86,70_4_windy_gridworld,70,4,mdpsolver_vi,1,0,0.99,0.001,0.002417100127786398,4.085620730620576e-14,4.085620730620573e-12,success,
e72fcaca-ffc0-4ddc-9839-2aa1ec512b86,70_4_windy_gridworld,70,4,mdpsolver_vi,2,1,0.99,0.001,0.0025609000585973263,4.085620730620576e-14,4.085620730620573e-12,success,
e72fcaca-ffc0-4ddc-9839-2aa1ec512b86,70_4_windy_gridworld,70,4,mdpsolver_vi,3,2,0.99,0.001,0.0024463001172989607,4.085620730620576e-14,4.085620730620573e-12,success,
e72fcaca-ffc0-4ddc-9839-2aa1ec512b86,70_4_windy_gridworld,70,4,mdpsolver_vigs,1,0,0.99,0.001,0.005362499970942736,2.4676625187680656e-08,2.4676625187680635e-06,success,
e72fcaca-ffc0-4ddc-9839-2aa1ec512b86,70_4_windy_gridworld,70,4,mdpsolver_vigs,2,1,0.99,0.001,0.005374100059270859,2.4676625187680656e-08,2.4676625187680635e-06,success,
e72fcaca-ffc0-4ddc-9839-2aa1ec512b86,70_4_windy_gridworld,70,4,mdpsolver_vigs,3,2,0.99,0.001,0.005390899954363704,2.4676625187680656e-08,2.4676625187680635e-06,success,
e72fcaca-ffc0-4ddc-9839-2aa1ec512b86,70_4_windy_gridworld,70,4,mdpsolver_visor,1,0,0.99,0.001,0.002458099974319339,0.0,0.0,success,
e72fcaca-ffc0-4ddc-9839-2aa1ec512b86,70_4_windy_gridworld,70,4,mdpsolver_visor,2,1,0.99,0.001,0.002459899988025427,0.0,0.0,success,
e72fcaca-ffc0-4ddc-9839-2aa1ec512b86,70_4_windy_gridworld,70,4,mdpsolver_visor,3,2,0.99,0.001,0.002430099993944168,0.0,0.0,success,
e72fcaca-ffc0-4ddc-9839-2aa1ec512b86,70_4_windy_gridworld,70,4,mdpsolver_pi,1,0,0.99,0.001,0.00298250000923872,0.0,0.0,success,
e72fcaca-ffc0-4ddc-9839-2aa1ec512b86,70_4_windy_gridworld,70,4,mdpsolver_pi,2,1,0.99,0.001,0.00289339991286397,0.0,0.0,success,
e72fcaca-ffc0-4ddc-9839-2aa1ec512b86,70_4_windy_gridworld,70,4,mdpsolver_pi,3,2,0.99,0.001,0.0029392000287771225,0.0,0.0,success,
e72fcaca-ffc0-4ddc-9839-2aa1ec512b86,70_4_windy_gridworld,70,4,mdpsolver_mpi,1,0,0.99,0.001,0.002445199992507696,3.375077994860476e-14,3.375077994860473e-12,success,
e72fcaca-ffc0-4ddc-9839-2aa1ec512b86,70_4_windy_gridworld,70,4,mdpsolver_mpi,2,1,0.99,0.001,0.002387699903920293,3.375077994860476e-14,3.375077994860473e-12,success,
e72fcaca-ffc0-4ddc-9839-2aa1ec512b86,70_4_windy_gridworld,70,4,mdpsolver_mpi,3,2,0.99,0.001,0.0024277998600155115,3.375077994860476e-14,3.375077994860473e-12,success,
e72fcaca-ffc0-4ddc-9839-2aa1ec512b86,70_4_windy_gridworld,70,4,mdpsolver_mpigs,1,0,0.99,0.001,0.002669299952685833,0.0,0.0,success,
e72fcaca-ffc0-4ddc-9839-2aa1ec512b86,70_4_windy_gridworld,70,4,mdpsolver_mpigs,2,1,0.99,0.001,0.0023629998322576284,0.0,0.0,success,
e72fcaca-ffc0-4ddc-9839-2aa1ec512b86,70_4_windy_gridworld,70,4,mdpsolver_mpigs,3,2,0.99,0.001,0.0023351002018898726,0.0,0.0,success,
e72fcaca-ffc0-4ddc-9839-2aa1ec512b86,70_4_windy_gridworld,70,4,mdpsolver_mpigs_init,1,0,0.99,0.001,0.003208500100299716,0.0,0.0,success,
e72fcaca-ffc0-4ddc-9839-2aa1ec512b86,70_4_windy_gridworld,70,4,mdpsolver_mpigs_init,2,1,0.99,0.001,0.0026285999920219183,0.0,0.0,success,
e72fcaca-ffc0-4ddc-9839-2aa1ec512b86,70_4_windy_gridworld,70,4,mdpsolver_mpigs_init,3,2,0.99,0.001,0.0026147000025957823,0.0,0.0,success,
e72fcaca-ffc0-4ddc-9839-2aa1ec512b86,70_4_windy_gridworld,70,4,mdpsolver_mpisor,1,0,0.99,0.001,0.00371590000577271,0.0,0.0,success,
e72fcaca-ffc0-4ddc-9839-2aa1ec512b86,70_4_windy_gridworld,70,4,mdpsolver_mpisor,2,1,0.99,0.001,0.0027052999939769506,0.0,0.0,success,
e72fcaca-ffc0-4ddc-9839-2aa1ec512b86,70_4_windy_gridworld,70,4,mdpsolver_mpisor,3,2,0.99,0.001,0.002748599974438548,0.0,0.0,success,
e72fcaca-ffc0-4ddc-9839-2aa1ec512b86,70_4_windy_gridworld,70,4,mdpsolver_mpisor_init,1,0,0.99,0.001,0.002736999886110425,0.0,0.0,success,
e72fcaca-ffc0-4ddc-9839-2aa1ec512b86,70_4_windy_gridworld,70,4,mdpsolver_mpisor_init,2,1,0.99,0.001,0.003029600018635392,0.0,0.0,success,
e72fcaca-ffc0-4ddc-9839-2aa1ec512b86,70_4_windy_gridworld,70,4,mdpsolver_mpisor_init,3,2,0.99,0.001,0.0026681001763790846,0.0,0.0,success,
e72fcaca-ffc0-4ddc-9839-2aa1ec512b86,2304_6_wumpus_world,2304,6,mdptoolbox_vi,1,0,0.99,0.001,1.5566603001207113,0.0,0.0,success,
e72fcaca-ffc0-4ddc-9839-2aa1ec512b86,2304_6_wumpus_world,2304,6,mdptoolbox_vi,2,1,0.99,0.001,1.4936524000950158,0.0,0.0,success,
e72fcaca-ffc0-4ddc-9839-2aa1ec512b86,2304_6_wumpus_world,2304,6,mdptoolbox_vi,3,2,0.99,0.001,1.5405404998455197,0.0,0.0,success,
e72fcaca-ffc0-4ddc-9839-2aa1ec512b86,2304_6_wumpus_world,2304,6,mdptoolbox_vigs,1,0,0.99,0.001,0.9649984000716358,0.0,0.0,success,
e72fcaca-ffc0-4ddc-9839-2aa1ec512b86,2304_6_wumpus_world,2304,6,mdptoolbox_vigs,2,1,0.99,0.001,0.9447669999208301,0.0,0.0,success,
e72fcaca-ffc0-4ddc-9839-2aa1ec512b86,2304_6_wumpus_world,2304,6,mdptoolbox_vigs,3,2,0.99,0.001,0.9628846000414342,0.0,0.0,success,
e72fcaca-ffc0-4ddc-9839-2aa1ec512b86,2304_6_wumpus_world,2304,6,mdptoolbox_pi,1,0,0.99,0.001,2.1113897999748588,3.410605131648481e-13,3.4106051316484777e-11,success,
e72fcaca-ffc0-4ddc-9839-2aa1ec512b86,2304_6_wumpus_world,2304,6,mdptoolbox_pi,2,1,0.99,0.001,2.1147358000744134,3.410605131648481e-13,3.4106051316484777e-11,success,
e72fcaca-ffc0-4ddc-9839-2aa1ec512b86,2304_6_wumpus_world,2304,6,mdptoolbox_pi,3,2,0.99,0.001,2.150197699898854,3.410605131648481e-13,3.4106051316484777e-11,success,
e72fcaca-ffc0-4ddc-9839-2aa1ec512b86,2304_6_wumpus_world,2304,6,mdptoolbox_mpi,1,0,0.99,0.001,0.885109799914062,2.8421709430404007e-12,2.842170943040398e-10,success,
e72fcaca-ffc0-4ddc-9839-2aa1ec512b86,2304_6_wumpus_world,2304,6,mdptoolbox_mpi,2,1,0.99,0.001,0.8940866000484675,2.8421709430404007e-12,2.842170943040398e-10,success,
e72fcaca-ffc0-4ddc-9839-2aa1ec512b86,2304_6_wumpus_world,2304,6,mdptoolbox_mpi,3,2,0.99,0.001,0.8810624999459833,2.8421709430404007e-12,2.842170943040398e-10,success,
e72fcaca-ffc0-4ddc-9839-2aa1ec512b86,2304_6_wumpus_world,2304,6,marmote_vi,1,0,0.99,0.001,0.13714680005796254,0.0,0.0,success,
e72fcaca-ffc0-4ddc-9839-2aa1ec512b86,2304_6_wumpus_world,2304,6,marmote_vi,2,1,0.99,0.001,0.12586409994401038,0.0,0.0,success,
e72fcaca-ffc0-4ddc-9839-2aa1ec512b86,2304_6_wumpus_world,2304,6,marmote_vi,3,2,0.99,0.001,0.1281731000635773,0.0,0.0,success,
e72fcaca-ffc0-4ddc-9839-2aa1ec512b86,2304_6_wumpus_world,2304,6,marmote_vigs,1,0,0.99,0.001,0.123501299880445,0.0,0.0,success,
e72fcaca-ffc0-4ddc-9839-2aa1ec512b86,2304_6_wumpus_world,2304,6,marmote_vigs,2,1,0.99,0.001,0.13660910003818572,0.0,0.0,success,
e72fcaca-ffc0-4ddc-9839-2aa1ec512b86,2304_6_wumpus_world,2304,6,marmote_vigs,3,2,0.99,0.001,0.12221880001015961,0.0,0.0,success,
e72fcaca-ffc0-4ddc-9839-2aa1ec512b86,2304_6_wumpus_world,2304,6,marmote_mpi,1,0,0.99,0.001,0.15189249999821186,4.985177270100394e-06,0.000498517727010039,success,
e72fcaca-ffc0-4ddc-9839-2aa1ec512b86,2304_6_wumpus_world,2304,6,marmote_mpi,2,1,0.99,0.001,0.15772469993680716,4.985177270100394e-06,0.000498517727010039,success,
e72fcaca-ffc0-4ddc-9839-2aa1ec512b86,2304_6_wumpus_world,2304,6,marmote_mpi,3,2,0.99,0.001,0.15016150008887053,4.985177270100394e-06,0.000498517727010039,success,
e72fcaca-ffc0-4ddc-9839-2aa1ec512b86,2304_6_wumpus_world,2304,6,marmote_mpigs,1,0,0.99,0.001,0.15290619991719723,4.90904756134114e-06,0.0004909047561341136,success,
e72fcaca-ffc0-4ddc-9839-2aa1ec512b86,2304_6_wumpus_world,2304,6,marmote_mpigs,2,1,0.99,0.001,0.1565248998813331,4.90904756134114e-06,0.0004909047561341136,success,
e72fcaca-ffc0-4ddc-9839-2aa1ec512b86,2304_6_wumpus_world,2304,6,marmote_mpigs,3,2,0.99,0.001,0.16033320012502372,4.90904756134114e-06,0.0004909047561341136,success,
e72fcaca-ffc0-4ddc-9839-2aa1ec512b86,2304_6_wumpus_world,2304,6,mdpsolver_vi,1,0,0.99,0.001,0.11778410011902452,4.547473508864641e-13,4.547473508864637e-11,success,
e72fcaca-ffc0-4ddc-9839-2aa1ec512b86,2304_6_wumpus_world,2304,6,mdpsolver_vi,2,1,0.99,0.001,0.1129048999864608,4.547473508864641e-13,4.547473508864637e-11,success,
e72fcaca-ffc0-4ddc-9839-2aa1ec512b86,2304_6_wumpus_world,2304,6,mdpsolver_vi,3,2,0.99,0.001,0.11863869987428188,4.547473508864641e-13,4.547473508864637e-11,success,
e72fcaca-ffc0-4ddc-9839-2aa1ec512b86,2304_6_wumpus_world,2304,6,mdpsolver_vigs,1,0,0.99,0.001,0.25157510000281036,2.4676637622178532e-08,2.467663762217851e-06,success,
e72fcaca-ffc0-4ddc-9839-2aa1ec512b86,2304_6_wumpus_world,2304,6,mdpsolver_vigs,2,1,0.99,0.001,0.3346830001100898,2.4676637622178532e-08,2.467663762217851e-06,success,
e72fcaca-ffc0-4ddc-9839-2aa1ec512b86,2304_6_wumpus_world,2304,6,mdpsolver_vigs,3,2,0.99,0.001,0.3286117999814451,2.4676637622178532e-08,2.467663762217851e-06,success,
e72fcaca-ffc0-4ddc-9839-2aa1ec512b86,2304_6_wumpus_world,2304,6,mdpsolver_visor,1,0,0.99,0.001,0.1395974000915885,nan,nan,error,RuntimeError: VI precision not reached: error bound 4.95055e+06 > 0.001
e72fcaca-ffc0-4ddc-9839-2aa1ec512b86,2304_6_wumpus_world,2304,6,mdpsolver_visor,2,1,0.99,0.001,0.11254549981094897,nan,nan,error,RuntimeError: VI precision not reached: error bound 4.95055e+06 > 0.001
e72fcaca-ffc0-4ddc-9839-2aa1ec512b86,2304_6_wumpus_world,2304,6,mdpsolver_visor,3,2,0.99,0.001,0.10909299994818866,nan,nan,error,RuntimeError: VI precision not reached: error bound 4.95055e+06 > 0.001
e72fcaca-ffc0-4ddc-9839-2aa1ec512b86,2304_6_wumpus_world,2304,6,mdpsolver_pi,1,0,0.99,0.001,0.16651270003058016,0.0,0.0,success,
e72fcaca-ffc0-4ddc-9839-2aa1ec512b86,2304_6_wumpus_world,2304,6,mdpsolver_pi,2,1,0.99,0.001,0.13194010010920465,0.0,0.0,success,
e72fcaca-ffc0-4ddc-9839-2aa1ec512b86,2304_6_wumpus_world,2304,6,mdpsolver_pi,3,2,0.99,0.001,0.13019799999892712,0.0,0.0,success,
e72fcaca-ffc0-4ddc-9839-2aa1ec512b86,2304_6_wumpus_world,2304,6,mdpsolver_mpi,1,0,0.99,0.001,0.1120533999055624,7.958078640513122e-13,7.958078640513116e-11,success,
e72fcaca-ffc0-4ddc-9839-2aa1ec512b86,2304_6_wumpus_world,2304,6,mdpsolver_mpi,2,1,0.99,0.001,0.14167629997245967,7.958078640513122e-13,7.958078640513116e-11,success,
e72fcaca-ffc0-4ddc-9839-2aa1ec512b86,2304_6_wumpus_world,2304,6,mdpsolver_mpi,3,2,0.99,0.001,0.1160202999599278,7.958078640513122e-13,7.958078640513116e-11,success,
e72fcaca-ffc0-4ddc-9839-2aa1ec512b86,2304_6_wumpus_world,2304,6,mdpsolver_mpigs,1,0,0.99,0.001,0.14482109993696213,0.0,0.0,success,
e72fcaca-ffc0-4ddc-9839-2aa1ec512b86,2304_6_wumpus_world,2304,6,mdpsolver_mpigs,2,1,0.99,0.001,0.0967005998827517,0.0,0.0,success,
e72fcaca-ffc0-4ddc-9839-2aa1ec512b86,2304_6_wumpus_world,2304,6,mdpsolver_mpigs,3,2,0.99,0.001,0.09879670012742281,0.0,0.0,success,
e72fcaca-ffc0-4ddc-9839-2aa1ec512b86,2304_6_wumpus_world,2304,6,mdpsolver_mpigs_init,1,0,0.99,0.001,0.09797440003603697,0.0,0.0,success,
e72fcaca-ffc0-4ddc-9839-2aa1ec512b86,2304_6_wumpus_world,2304,6,mdpsolver_mpigs_init,2,1,0.99,0.001,0.09829239989630878,0.0,0.0,success,
e72fcaca-ffc0-4ddc-9839-2aa1ec512b86,2304_6_wumpus_world,2304,6,mdpsolver_mpigs_init,3,2,0.99,0.001,0.10061389999464154,0.0,0.0,success,
e72fcaca-ffc0-4ddc-9839-2aa1ec512b86,2304_6_wumpus_world,2304,6,mdpsolver_mpisor,1,0,0.99,0.001,0.09763199998997152,0.0,0.0,success,
e72fcaca-ffc0-4ddc-9839-2aa1ec512b86,2304_6_wumpus_world,2304,6,mdpsolver_mpisor,2,1,0.99,0.001,0.09648420009762049,0.0,0.0,success,
e72fcaca-ffc0-4ddc-9839-2aa1ec512b86,2304_6_wumpus_world,2304,6,mdpsolver_mpisor,3,2,0.99,0.001,0.09817179990932345,0.0,0.0,success,
e72fcaca-ffc0-4ddc-9839-2aa1ec512b86,2304_6_wumpus_world,2304,6,mdpsolver_mpisor_init,1,0,0.99,0.001,0.09666289994493127,0.0,0.0,success,
e72fcaca-ffc0-4ddc-9839-2aa1ec512b86,2304_6_wumpus_world,2304,6,mdpsolver_mpisor_init,2,1,0.99,0.001,0.097845199983567,0.0,0.0,success,
e72fcaca-ffc0-4ddc-9839-2aa1ec512b86,2304_6_wumpus_world,2304,6,mdpsolver_mpisor_init,3,2,0.99,0.001,0.09814679995179176,0.0,0.0,success,
